workload_id,workload,coarse_grain,fine_grain,e2e_speedup,energy_reduction_pct,energy_efficiency_gain,performance_density_gain,edp_gain,coarse_seconds,fine_seconds,coarse_energy_J,fine_energy_J,coarse_array_utilization,fine_array_utilization,coarse_intrinsic_array_seconds,fine_intrinsic_array_seconds,coarse_padding_macs,fine_padding_macs,both_plot_axes_improve
llama2_conv,Llama-2-7B chat,64,32,2.249776496735927,50.552149735321116,2.022332608287949,2.0058579974569213,4.549796370708891,8913.452062109274,3961.9278070694118,2227858.6174903787,1101628.1932853877,0.016069586674029513,0.03615890850717347,8912.559912704,3961.052361472,73243730263146496,36778737632280576,True
llama2_conv,Llama-2-7B chat,64,16,4.287043423559747,73.24846426307046,3.738103149792389,3.1417620583440264,16.025410524905435,8913.452062109274,2079.160666562129,2227858.6174903787,595986.3942262032,0.016069586674029513,0.06892074412637049,8912.559912704,2078.329843456,73243730263146496,17815231776161792,True
llama2_conv,Llama-2-7B chat,64,8,6.106141831455955,82.81596386566534,5.819354616008657,3.3023566941796383,35.533804652886765,8913.452062109274,1459.751887221385,2227858.6174903787,382836.0298514354,0.016069586674029513,0.09818896687593182,8912.559912704,1458.901065984,73243730263146496,8388178301681664,True
llama2_conv,Llama-2-7B chat,32,16,1.9055419192882381,45.89949695742699,1.8484116482485857,1.5662933579182743,3.522225879838346,3961.9278070694118,2079.160666562129,1101628.1932853877,595986.3942262032,0.03615890850717347,0.06892074412637049,3961.052361472,2078.329843456,36778737632280576,17815231776161792,True
llama2_conv,Llama-2-7B chat,32,8,2.714110419552791,65.24816338353662,2.8775457568946403,1.646356171955568,7.8099769215276655,3961.9278070694118,1459.751887221385,1101628.1932853877,382836.0298514354,0.03615890850717347,0.09818896687593182,3961.052361472,1458.901065984,36778737632280576,8388178301681664,True
llama2_conv,Llama-2-7B chat,16,8,1.4243246984388414,35.76430040009736,1.5567667297602152,1.0511161039102557,2.2173413029053397,2079.160666562129,1459.751887221385,595986.3942262032,382836.0298514354,0.06892074412637049,0.09818896687593182,2078.329843456,1458.901065984,17815231776161792,8388178301681664,True
llama3_conv,Llama-3-8B chat,64,32,2.9480016355733873,57.37376795032464,2.34597324678998,2.6283822707767612,6.915932968548271,6259.126935652355,2123.1762086302074,1250101.0839259664,532870.9888897893,0.02488541009875734,0.07339153129469564,6257.914861568,2121.971576832,30194770413355008,14871423978831872,True
llama3_conv,Llama-3-8B chat,64,16,6.125917921492982,77.08373354401694,4.36371257037342,4.489382214443559,26.73174503909474,6259.126935652355,1021.7451516436427,1250101.0839259664,286476.4953616068,0.02488541009875734,0.15260634011173965,6257.914861568,1020.536607232,30194770413355008,7150182924812288,True
llama3_conv,Llama-3-8B chat,64,8,9.125677368788928,84.8160497766825,6.5859014636674225,4.935398256309095,60.10081194006367,6259.126935652355,685.8808045372534,1250101.0839259664,189814.72632447124,0.02488541009875734,0.22749498413242442,6257.914861568,684.612979712,30194770413355008,3348372181221376,True
llama3_conv,Llama-3-8B chat,32,16,2.0779900009456704,46.239051977953125,1.860086246228227,1.7080400611273412,3.865240620558822,2123.1762086302074,1021.7451516436427,532870.9888897893,286476.4953616068,0.07339153129469564,0.15260634011173965,2121.971576832,1020.536607232,14871423978831872,7150182924812288,True
llama3_conv,Llama-3-8B chat,32,8,3.095546915127128,64.3788589955064,2.807321640465841,1.877732288481213,8.690195843913664,2123.1762086302074,685.8808045372534,532870.9888897893,189814.72632447124,0.07339153129469564,0.22749498413242442,2121.971576832,684.612979712,14871423978831872,3348372181221376,True
llama3_conv,Llama-3-8B chat,16,8,1.4896832582054669,33.74160554258514,1.5092427279425147,1.0993490909351806,2.248293624384312,1021.7451516436427,685.8808045372534,286476.4953616068,189814.72632447124,0.15260634011173965,0.22749498413242442,1020.536607232,684.612979712,7150182924812288,3348372181221376,True
llama2_70b_conv,Llama-2-70B chat,64,32,2.0363103474583335,46.42606306243443,1.8665792681344067,1.815535632841583,3.8009346780532955,5860.348145197789,2877.924847021729,7058186.611144793,3781348.443990408,0.06309996468079145,0.12880066676464036,5846.831038784,2864.411562368,63293922912239616,31815577676808192,True
llama2_70b_conv,Llama-2-70B chat,64,16,3.3861688512328096,68.368660335279,3.161421585679212,2.4815556477652634,10.705107299041986,5860.348145197789,1730.672155661759,7058186.611144793,2232598.9811410694,0.06309996468079145,0.21485612946872826,5846.831038784,1717.159602688,63293922912239616,15006795148820480,True
llama2_70b_conv,Llama-2-70B chat,64,8,4.60853986727451,78.16806979901662,4.580447036950296,2.4924154893825774,21.10917277972484,5860.348145197789,1271.627958957768,7058186.611144793,1540938.3744002855,0.06309996468079145,0.29325287334001876,5846.831038784,1258.116200064,63293922912239616,7035817208315904,True
llama2_70b_conv,Llama-2-70B chat,32,16,1.6628942908723772,40.95759715851426,1.6936980066423666,1.3668449150079527,2.816440745707517,2877.924847021729,1730.672155661759,3781348.443990408,2232598.9811410694,0.12880066676464036,0.21485612946872826,2864.411562368,1717.159602688,31815577676808192,15006795148820480,True
llama2_70b_conv,Llama-2-70B chat,32,8,2.263181480674968,59.248971703486994,2.4539258070343424,1.3728265335566983,5.553679441430499,2877.924847021729,1271.627958957768,3781348.443990408,1540938.3744002855,0.12880066676464036,0.29325287334001876,2864.411562368,1258.116200064,31815577676808192,7035817208315904,True
llama2_70b_conv,Llama-2-70B chat,16,8,1.360989386455631,30.980064605569247,1.4488567604203964,1.0043762232884414,1.9718786734266485,1730.672155661759,1271.627958957768,2232598.9811410694,1540938.3744002855,0.21485612946872826,0.29325287334001876,1717.159602688,1258.116200064,15006795148820480,7035817208315904,True
phi2_conv,Phi-2 chat,64,32,1.6937746591901413,29.255605846680734,1.4135395630539593,1.5101373185094675,2.3942174916635013,761.8398026310027,449.7881689853995,142521.09577008334,100825.6857432174,0.07567808387196079,0.1285652350050774,780.75668832,471.465842816,2385437264740352,1987821811040256,True
phi2_conv,Phi-2 chat,64,16,1.6221178215357612,13.525704634260494,1.156413007785193,1.188769910250408,1.8758381489841347,761.8398026310027,469.65750114854234,142521.09577008334,123244.11331471034,0.07567808387196079,0.1236251719767209,780.75668832,487.194895488,2385437264740352,2976147647528960,True
phi2_conv,Phi-2 chat,64,8,2.403133356945718,54.183307454271024,2.182610626033109,1.299675596697335,5.2451044006443395,761.8398026310027,317.01936158851765,142521.09577008334,65298.45226178304,0.07567808387196079,0.1843108346847253,780.75668832,332.589961216,2385437264740352,576774817873920,True
phi2_conv,Phi-2 chat,32,16,0.9576939959128672,-22.234837686686436,0.8180973762678116,0.787193254335139,0.783486945323753,449.7881689853995,469.65750114854234,100825.6857432174,123244.11331471034,0.1285652350050774,0.1236251719767209,471.465842816,487.194895488,1987821811040256,2976147647528960,False
phi2_conv,Phi-2 chat,32,8,1.418803465919574,35.23629243833266,1.5440746641130918,0.8606340501406442,2.1907384850822567,449.7881689853995,317.01936158851765,100825.6857432174,65298.45226178304,0.1285652350050774,0.1843108346847253,471.465842816,332.589961216,1987821811040256,576774817873920,False
phi2_conv,Phi-2 chat,16,8,1.4814789191271691,47.01698076642412,1.8873971594398866,1.0932944933166802,2.7961391037306926,469.65750114854234,317.01936158851765,123244.11331471034,65298.45226178304,0.1236251719767209,0.1843108346847253,487.194895488,332.589961216,2976147647528960,576774817873920,True
llama2_code,Llama-2-7B code,64,32,1.8802538459571017,46.916202593956925,1.8838139863109333,1.676398619878052,3.5420484928289113,7688.736775761066,4089.20146196924,2478969.0201406195,1315930.8924100178,0.029233500505299312,0.054974515524501284,7687.52573824,4087.998482688,97793036567183360,48083632490283008,True
llama2_code,Llama-2-7B code,64,16,3.536483373859627,70.96439605113946,3.4440475278601648,2.5917137258037863,12.179816821059823,7688.736775761066,2174.119305237897,2478969.0201406195,719783.6267029793,0.029233500505299312,0.10342777530800491,7687.52573824,2172.935503616,97793036567183360,23255985507794944,True
llama2_code,Llama-2-7B code,64,8,4.981894282778363,81.38486657756091,5.371973314972743,2.694335046342277,26.762603145100638,7688.736775761066,1543.3359961771646,2478969.0201406195,461463.3906001072,0.029233500505299312,0.14573550803405377,7687.52573824,1542.140089088,97793036567183360,10857190178422784,True
llama2_code,Llama-2-7B code,32,16,1.8808542162877258,45.30232318015154,1.828231212257125,1.5460008705998087,3.4386363839226335,4089.20146196924,2174.119305237897,1315930.8924100178,719783.6267029793,0.054974515524501284,0.10342777530800491,4087.998482688,2172.935503616,48083632490283008,23255985507794944,True
llama2_code,Llama-2-7B code,32,8,2.6495860085543077,64.93255130176514,2.8516474312268274,1.607216215996571,7.555685135108434,4089.20146196924,1543.3359961771646,1315930.8924100178,461463.3906001072,0.054974515524501284,0.14573550803405377,4087.998482688,1542.140089088,48083632490283008,10857190178422784,True
llama2_code,Llama-2-7B code,16,8,1.4087141818911628,35.888595755661534,1.5597848959739604,1.039595932033992,2.19729110365815,2174.119305237897,1543.3359961771646,719783.6267029793,461463.3906001072,0.10342777530800491,0.14573550803405377,2172.935503616,1542.140089088,23255985507794944,10857190178422784,True
llama2_arxiv,Llama-2-7B arXiv,64,32,2.584777951915993,55.17153095914169,2.230725298891121,2.3045389326553996,5.765929569354983,32251.65981003602,12477.535946996588,6641873.841259717,2977450.3586619785,0.011560571545838349,0.029888942335100734,32246.63104128,12472.505715968,175642980547297280,86407458054995968,True
llama2_arxiv,Llama-2-7B arXiv,64,16,5.405882179975528,76.80204901348166,4.3107255489123055,3.9617036374272474,23.303274427630257,32251.65981003602,5966.030841275572,6641873.841259717,1540778.6382818117,0.011560571545838349,0.06253831912972337,32246.63104128,5961.03302784,175642980547297280,41839032729075712,True
llama2_arxiv,Llama-2-7B arXiv,64,8,7.876485309887153,85.14326583862875,6.730954388347906,4.259803441793186,53.01626336134275,32251.65981003602,4094.6765646285567,6641873.841259717,986765.5399296125,0.011560571545838349,0.09115502040630578,32246.63104128,4089.658780416,175642980547297280,19550377461415936,True
llama2_arxiv,Llama-2-7B arXiv,32,16,2.0914300108325987,48.25174385193731,1.932432268130522,1.7190873112576945,4.041546839469481,12477.535946996588,5966.030841275572,2977450.3586619785,1540778.6382818117,0.029888942335100734,0.06253831912972337,12472.505715968,5961.03302784,86407458054995968,41839032729075712,True
llama2_arxiv,Llama-2-7B arXiv,32,8,3.0472580068429584,66.85870724732922,3.017383804134835,1.848440649637816,9.19474695686814,12477.535946996588,4094.6765646285567,2977450.3586619785,986765.5399296125,0.029888942335100734,0.09115502040630578,12472.505715968,4089.658780416,86407458054995968,19550377461415936,True
llama2_arxiv,Llama-2-7B arXiv,16,8,1.4570212682516899,35.95669647717876,1.5614434999338522,1.0752453569594937,2.275056388576979,5966.030841275572,4094.6765646285567,1540778.6382818117,986765.5399296125,0.06253831912972337,0.09115502040630578,5961.03302784,4089.658780416,41839032729075712,19550377461415936,True
gqa_decode,FlashInfer GQA,64,32,1.0452938868033645,3.758857168726548,1.03905665558561,0.9319641775880215,1.0861195701259871,0.025911648,0.024788864,3.5956423956884844,3.460487333736377,0.019815037318521432,0.02094025590919922,0.025048688,0.023702704,363189248,182211584,False
gqa_decode,FlashInfer GQA,64,16,1.0645523889156208,5.299112789294935,1.0559563162011847,0.7801577857211037,1.1241208190025098,0.025911648,0.024340416,3.5956423956884844,3.4051052496412453,0.019815037318521432,0.021437002212542265,0.025048688,0.023153456,363189248,89854976,False
gqa_decode,FlashInfer GQA,64,8,1.0644796171896567,5.285006368792433,1.0557990468686584,0.575697631446247,1.1238765652399538,0.025911648,0.02434208,3.5956423956884844,3.405612466077347,0.019815037318521432,0.021462155998014383,0.025048688,0.02312632,363189248,41653248,False
gqa_decode,FlashInfer GQA,32,16,1.018424007214996,1.6004128538547269,1.0162644265110357,0.8371113444941609,1.0349880896374186,0.024788864,0.024340416,3.460487333736377,3.4051052496412453,0.02094025590919922,0.021437002212542265,0.023702704,0.023153456,182211584,89854976,False
gqa_decode,FlashInfer GQA,32,8,1.018354388778609,1.5857554837451104,1.0161130687080893,0.617725064214578,1.0347632030141831,0.024788864,0.02434208,3.460487333736377,3.405612466077347,0.02094025590919922,0.021462155998014383,0.023702704,0.02312632,182211584,41653248,False
gqa_decode,FlashInfer GQA,16,8,0.9999316410101357,-0.014895763828604025,0.9998510645467874,0.7379246121528182,0.9997827157380001,0.024340416,0.02434208,3.4051052496412453,3.405612466077347,0.021437002212542265,0.021462155998014383,0.023153456,0.02312632,89854976,41653248,False
single_kv_decode,FlashInfer MQA,64,32,1.030265504496794,2.5559170357080108,1.0262295765731062,0.9185651573376946,1.0572889324376227,0.000861916,0.000836596,0.12437600406123983,0.12119705658510571,0.020718105885593197,0.02276970762112442,0.000711636,0.000647516,23449600,10629120,False
single_kv_decode,FlashInfer MQA,64,16,1.0428909528257597,3.5854788317269293,1.0371881619934529,0.764283190735112,1.0816741505209504,0.000861916,0.000826468,0.12437600406123983,0.11991652876387626,0.020718105885593197,0.02378469197462751,0.000711636,0.000619884,23449600,5099520,False
single_kv_decode,FlashInfer MQA,64,8,1.0428909528257597,3.5826699355142377,1.0371579459119857,0.5640219330677319,1.0816426384429585,0.000861916,0.000826468,0.12437600406123983,0.11992002235674383,0.020718105885593197,0.023976540190332463,0.000711636,0.000614924,23449600,2365440,False
single_kv_decode,FlashInfer MQA,32,16,1.0122545579502171,1.0565667659843347,1.0106784930687154,0.8320402582547952,1.023063911231064,0.000836596,0.000826468,0.12119705658510571,0.11991652876387626,0.02276970762112442,0.02378469197462751,0.000647516,0.000619884,10629120,5099520,False
single_kv_decode,FlashInfer MQA,32,8,1.0122545579502171,1.0536841936133579,1.010649049285222,0.614024958994149,1.0230341066270197,0.000836596,0.000826468,0.12119705658510571,0.11992002235674383,0.02276970762112442,0.023976540190332463,0.000647516,0.000614924,10629120,2365440,False
single_kv_decode,FlashInfer MQA,16,8,1.0,-0.002913353900058091,0.9999708673097377,0.7379750593824229,0.9999708673097377,0.000826468,0.000826468,0.11991652876387626,0.11992002235674383,0.02378469197462751,0.023976540190332463,0.000619884,0.000614924,5099520,2365440,False
cacheblend_samsum,CacheBlend SAMSum,64,32,1.7459326921639229,44.29579070710818,1.795196472033229,1.5566404301402768,3.1342922093801517,4268.311757888,2444.717243136,1386673.3805122296,772435.4420893505,0.01914247603095162,0.03342147471140272,4268.311757888,2444.717243136,55666673824071680,28677000875245568,True
cacheblend_samsum,CacheBlend SAMSum,64,16,2.736414479071929,68.35599009622315,3.1601557547251478,2.005382809748348,8.647495963352375,4268.311757888,1559.819168672,1386673.3805122296,438799.0618623273,0.01914247603095162,0.05238174857638335,4268.311757888,1559.819168672,55666673824071680,13376509122871296,True
cacheblend_samsum,CacheBlend SAMSum,64,8,3.5584040965252792,79.02501603040531,4.767584096605741,1.9244753746498797,16.96499077989064,4268.311757888,1199.501698544,1386673.3805122296,290854.51927307696,0.01914247603095162,0.0681166651261752,4268.311757888,1199.501698544,55666673824071680,6272690973638656,True
cacheblend_samsum,CacheBlend SAMSum,32,16,1.5673081163744034,43.19278505975524,1.7603397755934613,1.2882761946300165,2.7589948178643278,2444.717243136,1559.819168672,772435.4420893505,438799.0618623273,0.03342147471140272,0.05238174857638335,2444.717243136,1559.819168672,28677000875245568,13376509122871296,True
cacheblend_samsum,CacheBlend SAMSum,32,8,2.038110697219928,62.345782776830085,2.6557450233878876,1.236300520908644,5.412702341255442,2444.717243136,1199.501698544,772435.4420893505,290854.51927307696,0.03342147471140272,0.0681166651261752,2444.717243136,1199.501698544,28677000875245568,6272690973638656,True
cacheblend_samsum,CacheBlend SAMSum,16,8,1.3003892954594118,33.7157837032176,1.5086547837008109,0.9596548675369263,1.9618385312681688,1559.819168672,1199.501698544,438799.0618623273,290854.51927307696,0.05238174857638335,0.0681166651261752,1559.819168672,1199.501698544,13376509122871296,6272690973638656,False
cacheblend_wikimqa,CacheBlend WikiMQA,64,32,1.4331632912812113,38.562201045346015,1.6276624765449037,1.2777811723292836,2.3327061119800216,4928.779436128,3439.091320656,1398176.2796887986,859008.7317468646,0.029931643147009093,0.04289693220602226,4928.779436128,3439.091320656,50388599942406144,25816069249949696,True
cacheblend_wikimqa,CacheBlend WikiMQA,64,16,1.766129065068184,57.11142753334636,2.3316234196825074,1.2943086268443764,4.117947890294949,4928.779436128,2790.724377744,1398176.2796887986,599657.8469258923,0.029931643147009093,0.052863144927181686,4928.779436128,2790.724377744,50388599942406144,13365756293472256,True
cacheblend_wikimqa,CacheBlend WikiMQA,64,8,1.9996994938382584,68.10904411726354,3.1356852509439213,1.0814883099840822,6.270428209148651,4928.779436128,2464.760055856,1398176.2796887986,445891.7805184407,0.029931643147009093,0.059854291650821456,4928.779436128,2464.760055856,50388599942406144,5786775380451328,True
cacheblend_wikimqa,CacheBlend WikiMQA,32,16,1.2323292647897155,30.19187992345096,1.432498108964167,1.0129344952586559,1.7653093414324699,3439.091320656,2790.724377744,859008.7317468646,599657.8469258923,0.04289693220602226,0.052863144927181686,3439.091320656,2790.724377744,25816069249949696,13365756293472256,True
cacheblend_wikimqa,CacheBlend WikiMQA,32,8,1.395304712312704,48.092287768520904,1.9264960003256635,0.8463799071421778,2.688048947505975,3439.091320656,2464.760055856,859008.7317468646,445891.7805184407,0.04289693220602226,0.059854291650821456,3439.091320656,2464.760055856,25816069249949696,5786775380451328,False
cacheblend_wikimqa,CacheBlend WikiMQA,16,8,1.132249920682358,25.64230038775004,1.3448506411772538,0.8355722024513068,1.522707031802564,2790.724377744,2464.760055856,599657.8469258923,445891.7805184407,0.052863144927181686,0.059854291650821456,2790.724377744,2464.760055856,13365756293472256,5786775380451328,False
epic_hotpotqa,EPIC HotpotQA,64,32,1.6285512201501384,44.67047446094743,1.8073532896901168,1.4519853389640123,2.9433674051672063,5715.824545792,3509.760377856,1713963.403936183,948327.8193108853,0.014179494910435506,0.02309203373750242,5715.824545792,3509.760377856,65852213617491968,31829676806111232,True
epic_hotpotqa,EPIC HotpotQA,64,16,2.1024499904916554,64.2727797132512,2.798986296649838,1.5407815963309395,5.884728712777725,5715.824545792,2718.64946688,1713963.403936183,612351.4809585384,0.014179494910435506,0.029811678939621604,5715.824545792,2718.64946688,65852213617491968,15499425331281920,True
epic_hotpotqa,EPIC HotpotQA,64,8,2.560940408480302,74.86561563141532,3.9786134616843603,1.385021660940282,10.188991983751174,5715.824545792,2231.924072448,1713963.403936183,430794.149882198,0.014179494910435506,0.03631284148797507,5715.824545792,2231.924072448,65852213617491968,7167952842915840,True
epic_hotpotqa,EPIC HotpotQA,32,16,1.2909940838691136,35.42829088326107,1.548665837839454,1.0611550647131762,1.9993184345409392,3509.760377856,2718.64946688,948327.8193108853,612351.4809585384,0.02309203373750242,0.029811678939621604,3509.760377856,2718.64946688,31829676806111232,15499425331281920,True
epic_hotpotqa,EPIC HotpotQA,32,8,1.572526781346309,54.57328772710262,2.201347951382832,0.9538812987798424,3.4616786086113356,3509.760377856,2231.924072448,948327.8193108853,430794.149882198,0.02309203373750242,0.03631284148797507,3509.760377856,2231.924072448,31829676806111232,7167952842915840,False
epic_hotpotqa,EPIC HotpotQA,16,8,1.2180743513815655,29.649202577601564,1.4214479958142137,0.8989084917930169,1.7314293455240246,2718.64946688,2231.924072448,612351.4809585384,430794.149882198,0.029811678939621604,0.03631284148797507,2718.64946688,2231.924072448,15499425331281920,7167952842915840,False
epic_multi_news,EPIC Multi-News,64,32,1.9357229761977435,48.29300608768244,1.9339743511211578,1.7258538429486978,3.7436385868423474,1044.57503232,539.630435328,364959.75098469673,188709.71622406645,0.01879341676049759,0.03637884862455495,1044.57503232,539.630435328,15262917264408576,7420906851270656,True
epic_multi_news,EPIC Multi-News,64,16,3.1094991575830013,68.52260136578585,3.1768825995457464,2.27879811528362,9.878513767027593,1044.57503232,335.930315264,364959.75098469673,114879.83567188832,0.01879341676049759,0.05843811358487351,1044.57503232,335.930315264,15262917264408576,4006038819307520,True
epic_multi_news,EPIC Multi-News,64,8,5.292486331633507,82.84323423823233,5.828604376172173,2.862311120270319,30.847808993390466,1044.57503232,197.369434112,364959.75098469673,62615.28960117503,0.01879341676049759,0.09946390132962556,1044.57503232,197.369434112,15262917264408576,1666561620836352,True
epic_multi_news,EPIC Multi-News,32,16,1.606376116736939,39.12351840141366,1.6426704923485949,1.3203888177403205,2.6387466465772915,539.630435328,335.930315264,188709.71622406645,114879.83567188832,0.03637884862455495,0.05843811358487351,539.630435328,335.930315264,7420906851270656,4006038819307520,True
epic_multi_news,EPIC Multi-News,32,8,2.7341135052440757,66.81925506854766,3.01379610996042,1.6584898726881376,8.240060646294843,539.630435328,197.369434112,188709.71622406645,62615.28960117503,0.03637884862455495,0.09946390132962556,539.630435328,197.369434112,7420906851270656,1666561620836352,True
epic_multi_news,EPIC Multi-News,16,8,1.702038194391193,45.49496938695804,1.8346930342989662,1.2560617375769922,3.1227176193603117,335.930315264,197.369434112,114879.83567188832,62615.28960117503,0.05843811358487351,0.09946390132962556,335.930315264,197.369434112,4006038819307520,1666561620836352,True
