network,workload_id,layer,index,source_type,kind,B,M,N,K,useful_macs,input_bytes,output_bytes,vector_ops
resnet50,cnn_resnet50,conv1,0,ConvLayer,matrix,1,12544,64,147,118013952,3687936,1605632,0
resnet50,cnn_resnet50,pool1,1,PoolingLayer,vector,0,0,0,0,0,1605632,401408,802816
resnet50,cnn_resnet50,conv2_1_a,2,ConvLayer,matrix,1,3136,64,64,12845056,401408,401408,0
resnet50,cnn_resnet50,conv2_1_b,3,ConvLayer,matrix,1,3136,64,576,115605504,3612672,401408,0
resnet50,cnn_resnet50,conv2_1_c,4,ConvLayer,matrix,1,3136,256,64,51380224,401408,1605632,0
resnet50,cnn_resnet50,conv2_2_a,5,ConvLayer,matrix,1,3136,64,256,51380224,1605632,401408,0
resnet50,cnn_resnet50,conv2_2_b,6,ConvLayer,matrix,1,3136,64,576,115605504,3612672,401408,0
resnet50,cnn_resnet50,conv2_2_c,7,ConvLayer,matrix,1,3136,256,64,51380224,401408,1605632,0
resnet50,cnn_resnet50,conv2_3_a,8,ConvLayer,matrix,1,3136,64,256,51380224,1605632,401408,0
resnet50,cnn_resnet50,conv2_3_b,9,ConvLayer,matrix,1,3136,64,576,115605504,3612672,401408,0
resnet50,cnn_resnet50,conv2_3_c,10,ConvLayer,matrix,1,3136,256,64,51380224,401408,1605632,0
resnet50,cnn_resnet50,conv3_1_a,11,ConvLayer,matrix,1,784,128,256,25690112,401408,200704,0
resnet50,cnn_resnet50,conv3_1_b,12,ConvLayer,matrix,1,784,128,1152,115605504,1806336,200704,0
resnet50,cnn_resnet50,conv3_1_c,13,ConvLayer,matrix,1,784,512,128,51380224,200704,802816,0
resnet50,cnn_resnet50,conv3_2_a,14,ConvLayer,matrix,1,784,128,512,51380224,802816,200704,0
resnet50,cnn_resnet50,conv3_2_b,15,ConvLayer,matrix,1,784,128,1152,115605504,1806336,200704,0
resnet50,cnn_resnet50,conv3_2_c,16,ConvLayer,matrix,1,784,512,128,51380224,200704,802816,0
resnet50,cnn_resnet50,conv3_3_a,17,ConvLayer,matrix,1,784,128,512,51380224,802816,200704,0
resnet50,cnn_resnet50,conv3_3_b,18,ConvLayer,matrix,1,784,128,1152,115605504,1806336,200704,0
resnet50,cnn_resnet50,conv3_3_c,19,ConvLayer,matrix,1,784,512,128,51380224,200704,802816,0
resnet50,cnn_resnet50,conv3_4_a,20,ConvLayer,matrix,1,784,128,512,51380224,802816,200704,0
resnet50,cnn_resnet50,conv3_4_b,21,ConvLayer,matrix,1,784,128,1152,115605504,1806336,200704,0
resnet50,cnn_resnet50,conv3_4_c,22,ConvLayer,matrix,1,784,512,128,51380224,200704,802816,0
resnet50,cnn_resnet50,conv4_1_a,23,ConvLayer,matrix,1,196,256,512,25690112,200704,100352,0
resnet50,cnn_resnet50,conv4_1_b,24,ConvLayer,matrix,1,196,256,2304,115605504,903168,100352,0
resnet50,cnn_resnet50,conv4_1_c,25,ConvLayer,matrix,1,196,1024,256,51380224,100352,401408,0
resnet50,cnn_resnet50,conv4_2_a,26,ConvLayer,matrix,1,196,256,1024,51380224,401408,100352,0
resnet50,cnn_resnet50,conv4_2_b,27,ConvLayer,matrix,1,196,256,2304,115605504,903168,100352,0
resnet50,cnn_resnet50,conv4_2_c,28,ConvLayer,matrix,1,196,1024,256,51380224,100352,401408,0
resnet50,cnn_resnet50,conv4_3_a,29,ConvLayer,matrix,1,196,256,1024,51380224,401408,100352,0
resnet50,cnn_resnet50,conv4_3_b,30,ConvLayer,matrix,1,196,256,2304,115605504,903168,100352,0
resnet50,cnn_resnet50,conv4_3_c,31,ConvLayer,matrix,1,196,1024,256,51380224,100352,401408,0
resnet50,cnn_resnet50,conv4_4_a,32,ConvLayer,matrix,1,196,256,1024,51380224,401408,100352,0
resnet50,cnn_resnet50,conv4_4_b,33,ConvLayer,matrix,1,196,256,2304,115605504,903168,100352,0
resnet50,cnn_resnet50,conv4_4_c,34,ConvLayer,matrix,1,196,1024,256,51380224,100352,401408,0
resnet50,cnn_resnet50,conv4_5_a,35,ConvLayer,matrix,1,196,256,1024,51380224,401408,100352,0
resnet50,cnn_resnet50,conv4_5_b,36,ConvLayer,matrix,1,196,256,2304,115605504,903168,100352,0
resnet50,cnn_resnet50,conv4_5_c,37,ConvLayer,matrix,1,196,1024,256,51380224,100352,401408,0
resnet50,cnn_resnet50,conv4_6_a,38,ConvLayer,matrix,1,196,256,1024,51380224,401408,100352,0
resnet50,cnn_resnet50,conv4_6_b,39,ConvLayer,matrix,1,196,256,2304,115605504,903168,100352,0
resnet50,cnn_resnet50,conv4_6_c,40,ConvLayer,matrix,1,196,1024,256,51380224,100352,401408,0
resnet50,cnn_resnet50,conv5_1_a,41,ConvLayer,matrix,1,49,512,1024,25690112,100352,50176,0
resnet50,cnn_resnet50,conv5_1_b,42,ConvLayer,matrix,1,49,512,4608,115605504,451584,50176,0
resnet50,cnn_resnet50,conv5_1_c,43,ConvLayer,matrix,1,49,2048,512,51380224,50176,200704,0
resnet50,cnn_resnet50,conv5_2_a,44,ConvLayer,matrix,1,49,512,2048,51380224,200704,50176,0
resnet50,cnn_resnet50,conv5_2_b,45,ConvLayer,matrix,1,49,512,4608,115605504,451584,50176,0
resnet50,cnn_resnet50,conv5_2_c,46,ConvLayer,matrix,1,49,2048,512,51380224,50176,200704,0
resnet50,cnn_resnet50,conv5_3_a,47,ConvLayer,matrix,1,49,512,2048,51380224,200704,50176,0
resnet50,cnn_resnet50,conv5_3_b,48,ConvLayer,matrix,1,49,512,4608,115605504,451584,50176,0
resnet50,cnn_resnet50,conv5_3_c,49,ConvLayer,matrix,1,49,2048,512,51380224,50176,200704,0
googlenet,cnn_googlenet,conv1,0,ConvLayer,matrix,1,12544,64,147,118013952,3687936,1605632,0
googlenet,cnn_googlenet,pool1,1,PoolingLayer,vector,0,0,0,0,0,1634432,401408,1806336
googlenet,cnn_googlenet,conv2_3x3_reduce,2,ConvLayer,matrix,1,3136,64,64,12845056,401408,401408,0
googlenet,cnn_googlenet,conv2_3x3,3,ConvLayer,matrix,1,3136,192,576,346816512,3612672,1204224,0
googlenet,cnn_googlenet,pool2,4,PoolingLayer,vector,0,0,0,0,0,1247616,301056,1354752
googlenet,cnn_googlenet,inception_3a_1x1,5,ConvLayer,matrix,1,784,64,192,9633792,301056,100352,0
googlenet,cnn_googlenet,inception_3a_3x3_reduce,6,ConvLayer,matrix,1,784,96,192,14450688,301056,150528,0
googlenet,cnn_googlenet,inception_3a_3x3,7,ConvLayer,matrix,1,784,128,864,86704128,1354752,200704,0
googlenet,cnn_googlenet,inception_3a_5x5_reduce,8,ConvLayer,matrix,1,784,16,192,2408448,301056,25088,0
googlenet,cnn_googlenet,inception_3a_5x5,9,ConvLayer,matrix,1,784,32,400,10035200,627200,50176,0
googlenet,cnn_googlenet,inception_3a_pool_proj,10,ConvLayer,matrix,1,784,32,192,4816896,301056,50176,0
googlenet,cnn_googlenet,inception_3b_1x1,11,ConvLayer,matrix,1,784,128,256,25690112,401408,200704,0
googlenet,cnn_googlenet,inception_3b_3x3_reduce,12,ConvLayer,matrix,1,784,128,256,25690112,401408,200704,0
googlenet,cnn_googlenet,inception_3b_3x3,13,ConvLayer,matrix,1,784,192,1152,173408256,1806336,301056,0
googlenet,cnn_googlenet,inception_3b_5x5_reduce,14,ConvLayer,matrix,1,784,32,256,6422528,401408,50176,0
googlenet,cnn_googlenet,inception_3b_5x5,15,ConvLayer,matrix,1,784,96,800,60211200,1254400,150528,0
googlenet,cnn_googlenet,inception_3b_pool_proj,16,ConvLayer,matrix,1,784,64,256,12845056,401408,100352,0
googlenet,cnn_googlenet,pool3,17,PoolingLayer,vector,0,0,0,0,0,807360,188160,846720
googlenet,cnn_googlenet,inception_4a_1x1,18,ConvLayer,matrix,1,196,192,480,18063360,188160,75264,0
googlenet,cnn_googlenet,inception_4a_3x3_reduce,19,ConvLayer,matrix,1,196,96,480,9031680,188160,37632,0
googlenet,cnn_googlenet,inception_4a_3x3,20,ConvLayer,matrix,1,196,208,864,35223552,338688,81536,0
googlenet,cnn_googlenet,inception_4a_5x5_reduce,21,ConvLayer,matrix,1,196,16,480,1505280,188160,6272,0
googlenet,cnn_googlenet,inception_4a_5x5,22,ConvLayer,matrix,1,196,48,400,3763200,156800,18816,0
googlenet,cnn_googlenet,inception_4a_pool_proj,23,ConvLayer,matrix,1,196,64,480,6021120,188160,25088,0
googlenet,cnn_googlenet,inception_4b_1x1,24,ConvLayer,matrix,1,196,160,512,16056320,200704,62720,0
googlenet,cnn_googlenet,inception_4b_3x3_reduce,25,ConvLayer,matrix,1,196,112,512,11239424,200704,43904,0
googlenet,cnn_googlenet,inception_4b_3x3,26,ConvLayer,matrix,1,196,224,1008,44255232,395136,87808,0
googlenet,cnn_googlenet,inception_4b_5x5_reduce,27,ConvLayer,matrix,1,196,24,512,2408448,200704,9408,0
googlenet,cnn_googlenet,inception_4b_5x5,28,ConvLayer,matrix,1,196,64,600,7526400,235200,25088,0
googlenet,cnn_googlenet,inception_4b_pool_proj,29,ConvLayer,matrix,1,196,64,512,6422528,200704,25088,0
googlenet,cnn_googlenet,inception_4c_1x1,30,ConvLayer,matrix,1,196,128,512,12845056,200704,50176,0
googlenet,cnn_googlenet,inception_4c_3x3_reduce,31,ConvLayer,matrix,1,196,128,512,12845056,200704,50176,0
googlenet,cnn_googlenet,inception_4c_3x3,32,ConvLayer,matrix,1,196,256,1152,57802752,451584,100352,0
googlenet,cnn_googlenet,inception_4c_5x5_reduce,33,ConvLayer,matrix,1,196,24,512,2408448,200704,9408,0
googlenet,cnn_googlenet,inception_4c_5x5,34,ConvLayer,matrix,1,196,64,600,7526400,235200,25088,0
googlenet,cnn_googlenet,inception_4c_pool_proj,35,ConvLayer,matrix,1,196,64,512,6422528,200704,25088,0
googlenet,cnn_googlenet,inception_4d_1x1,36,ConvLayer,matrix,1,196,112,512,11239424,200704,43904,0
googlenet,cnn_googlenet,inception_4d_3x3_reduce,37,ConvLayer,matrix,1,196,144,512,14450688,200704,56448,0
googlenet,cnn_googlenet,inception_4d_3x3,38,ConvLayer,matrix,1,196,288,1296,73156608,508032,112896,0
googlenet,cnn_googlenet,inception_4d_5x5_reduce,39,ConvLayer,matrix,1,196,32,512,3211264,200704,12544,0
googlenet,cnn_googlenet,inception_4d_5x5,40,ConvLayer,matrix,1,196,64,800,10035200,313600,25088,0
googlenet,cnn_googlenet,inception_4d_pool_proj,41,ConvLayer,matrix,1,196,64,512,6422528,200704,25088,0
googlenet,cnn_googlenet,inception_4e_1x1,42,ConvLayer,matrix,1,196,256,528,26492928,206976,100352,0
googlenet,cnn_googlenet,inception_4e_3x3_reduce,43,ConvLayer,matrix,1,196,160,528,16558080,206976,62720,0
googlenet,cnn_googlenet,inception_4e_3x3,44,ConvLayer,matrix,1,196,320,1440,90316800,564480,125440,0
googlenet,cnn_googlenet,inception_4e_5x5_reduce,45,ConvLayer,matrix,1,196,32,528,3311616,206976,12544,0
googlenet,cnn_googlenet,inception_4e_5x5,46,ConvLayer,matrix,1,196,128,800,20070400,313600,50176,0
googlenet,cnn_googlenet,inception_4e_pool_proj,47,ConvLayer,matrix,1,196,128,528,13246464,206976,50176,0
googlenet,cnn_googlenet,pool4,48,PoolingLayer,vector,0,0,0,0,0,374400,81536,366912
googlenet,cnn_googlenet,inception_5a_1x1,49,ConvLayer,matrix,1,49,256,832,10436608,81536,25088,0
googlenet,cnn_googlenet,inception_5a_3x3_reduce,50,ConvLayer,matrix,1,49,160,832,6522880,81536,15680,0
googlenet,cnn_googlenet,inception_5a_3x3,51,ConvLayer,matrix,1,49,320,1440,22579200,141120,31360,0
googlenet,cnn_googlenet,inception_5a_5x5_reduce,52,ConvLayer,matrix,1,49,32,832,1304576,81536,3136,0
googlenet,cnn_googlenet,inception_5a_5x5,53,ConvLayer,matrix,1,49,128,800,5017600,78400,12544,0
googlenet,cnn_googlenet,inception_5a_pool_proj,54,ConvLayer,matrix,1,49,128,832,5218304,81536,12544,0
googlenet,cnn_googlenet,inception_5b_1x1,55,ConvLayer,matrix,1,49,384,832,15654912,81536,37632,0
googlenet,cnn_googlenet,inception_5b_3x3_reduce,56,ConvLayer,matrix,1,49,192,832,7827456,81536,18816,0
googlenet,cnn_googlenet,inception_5b_3x3,57,ConvLayer,matrix,1,49,384,1728,32514048,169344,37632,0
googlenet,cnn_googlenet,inception_5b_5x5_reduce,58,ConvLayer,matrix,1,49,48,832,1956864,81536,4704,0
googlenet,cnn_googlenet,inception_5b_5x5,59,ConvLayer,matrix,1,49,128,1200,7526400,117600,12544,0
googlenet,cnn_googlenet,inception_5b_pool_proj,60,ConvLayer,matrix,1,49,128,832,5218304,81536,12544,0
googlenet,cnn_googlenet,pool5,61,PoolingLayer,vector,0,0,0,0,0,100352,2048,50176
googlenet,cnn_googlenet,fc,62,FCLayer,matrix,1,1,1000,1024,1024000,2048,2000,0
mobilenet_v1,cnn_mobilenet_v1,conv1,0,ConvLayer,matrix,1,12544,32,27,10838016,677376,802816,0
mobilenet_v1,cnn_mobilenet_v1,conv2-dw,1,DWConvLayer,matrix,32,12544,1,9,3612672,7225344,802816,0
mobilenet_v1,cnn_mobilenet_v1,conv3,2,ConvLayer,matrix,1,12544,64,32,25690112,802816,1605632,0
mobilenet_v1,cnn_mobilenet_v1,conv4-dw,3,DWConvLayer,matrix,64,3136,1,9,1806336,3612672,401408,0
mobilenet_v1,cnn_mobilenet_v1,conv5,4,ConvLayer,matrix,1,3136,128,64,25690112,401408,802816,0
mobilenet_v1,cnn_mobilenet_v1,conv6-dw,5,DWConvLayer,matrix,128,3136,1,9,3612672,7225344,802816,0
mobilenet_v1,cnn_mobilenet_v1,conv7,6,ConvLayer,matrix,1,3136,128,128,51380224,802816,802816,0
mobilenet_v1,cnn_mobilenet_v1,conv8-dw,7,DWConvLayer,matrix,128,784,1,9,903168,1806336,200704,0
mobilenet_v1,cnn_mobilenet_v1,conv9,8,ConvLayer,matrix,1,784,256,128,25690112,200704,401408,0
mobilenet_v1,cnn_mobilenet_v1,conv10-dw,9,DWConvLayer,matrix,256,784,1,9,1806336,3612672,401408,0
mobilenet_v1,cnn_mobilenet_v1,conv11,10,ConvLayer,matrix,1,784,256,256,51380224,401408,401408,0
mobilenet_v1,cnn_mobilenet_v1,conv12-dw,11,DWConvLayer,matrix,256,196,1,9,451584,903168,100352,0
mobilenet_v1,cnn_mobilenet_v1,conv13,12,ConvLayer,matrix,1,196,512,256,25690112,100352,200704,0
mobilenet_v1,cnn_mobilenet_v1,conv14-dw,13,DWConvLayer,matrix,512,196,1,9,903168,1806336,200704,0
mobilenet_v1,cnn_mobilenet_v1,conv15,14,ConvLayer,matrix,1,196,512,512,51380224,200704,200704,0
mobilenet_v1,cnn_mobilenet_v1,conv16-dw,15,DWConvLayer,matrix,512,196,1,9,903168,1806336,200704,0
mobilenet_v1,cnn_mobilenet_v1,conv17,16,ConvLayer,matrix,1,196,512,512,51380224,200704,200704,0
mobilenet_v1,cnn_mobilenet_v1,conv18-dw,17,DWConvLayer,matrix,512,196,1,9,903168,1806336,200704,0
mobilenet_v1,cnn_mobilenet_v1,conv19,18,ConvLayer,matrix,1,196,512,512,51380224,200704,200704,0
mobilenet_v1,cnn_mobilenet_v1,conv20-dw,19,DWConvLayer,matrix,512,196,1,9,903168,1806336,200704,0
mobilenet_v1,cnn_mobilenet_v1,conv21,20,ConvLayer,matrix,1,196,512,512,51380224,200704,200704,0
mobilenet_v1,cnn_mobilenet_v1,conv22-dw,21,DWConvLayer,matrix,512,196,1,9,903168,1806336,200704,0
mobilenet_v1,cnn_mobilenet_v1,conv23,22,ConvLayer,matrix,1,196,512,512,51380224,200704,200704,0
mobilenet_v1,cnn_mobilenet_v1,conv24-dw,23,DWConvLayer,matrix,512,49,1,9,225792,451584,50176,0
mobilenet_v1,cnn_mobilenet_v1,conv25,24,ConvLayer,matrix,1,49,1024,512,25690112,50176,100352,0
mobilenet_v1,cnn_mobilenet_v1,conv26-dw,25,DWConvLayer,matrix,1024,49,1,9,451584,903168,100352,0
mobilenet_v1,cnn_mobilenet_v1,conv27,26,ConvLayer,matrix,1,49,1024,1024,51380224,100352,100352,0
mobilenet_v1,cnn_mobilenet_v1,pool28,27,PoolingLayer,vector,0,0,0,0,0,100352,2048,50176
mobilenet_v1,cnn_mobilenet_v1,fc29,28,FCLayer,matrix,1,1,100,1024,102400,2048,200,0
tiny_yolo,cnn_tiny_yolo,conv0,0,ConvLayer,matrix,1,173056,16,27,74760192,9345024,5537792,0
tiny_yolo,cnn_tiny_yolo,pool0,1,PoolingLayer,vector,0,0,0,0,0,5537792,1384448,2768896
tiny_yolo,cnn_tiny_yolo,conv1,2,ConvLayer,matrix,1,43264,32,144,199360512,12460032,2768896,0
tiny_yolo,cnn_tiny_yolo,pool1,3,PoolingLayer,vector,0,0,0,0,0,2768896,692224,1384448
tiny_yolo,cnn_tiny_yolo,conv2,4,ConvLayer,matrix,1,10816,64,288,199360512,6230016,1384448,0
tiny_yolo,cnn_tiny_yolo,pool2,5,PoolingLayer,vector,0,0,0,0,0,1384448,346112,692224
tiny_yolo,cnn_tiny_yolo,conv3,6,ConvLayer,matrix,1,2704,128,576,199360512,3115008,692224,0
tiny_yolo,cnn_tiny_yolo,pool3,7,PoolingLayer,vector,0,0,0,0,0,692224,173056,346112
tiny_yolo,cnn_tiny_yolo,conv4,8,ConvLayer,matrix,1,676,256,1152,199360512,1557504,346112,0
tiny_yolo,cnn_tiny_yolo,pool4,9,PoolingLayer,vector,0,0,0,0,0,346112,86528,173056
tiny_yolo,cnn_tiny_yolo,conv5,10,ConvLayer,matrix,1,169,512,2304,199360512,778752,173056,0
tiny_yolo,cnn_tiny_yolo,conv6,11,ConvLayer,matrix,1,169,1024,4608,797442048,1557504,346112,0
tiny_yolo,cnn_tiny_yolo,conv7,12,ConvLayer,matrix,1,169,1024,9216,1594884096,3115008,346112,0
tiny_yolo,cnn_tiny_yolo,conv8,13,ConvLayer,matrix,1,169,125,1024,21632000,346112,42250,0
yolov3,cnn_yolov3,conv1,0,ConvLayer,matrix,1,65536,32,27,56623104,3538944,4194304,0
yolov3,cnn_yolov3,conv2,1,ConvLayer,matrix,1,16384,64,288,301989888,9437184,2097152,0
yolov3,cnn_yolov3,conv3_1_a,2,ConvLayer,matrix,1,16384,32,64,33554432,2097152,1048576,0
yolov3,cnn_yolov3,conv3_1_b,3,ConvLayer,matrix,1,16384,64,288,301989888,9437184,2097152,0
yolov3,cnn_yolov3,conv4,4,ConvLayer,matrix,1,4096,128,576,301989888,4718592,1048576,0
yolov3,cnn_yolov3,conv5_1_a,5,ConvLayer,matrix,1,4096,64,128,33554432,1048576,524288,0
yolov3,cnn_yolov3,conv5_1_b,6,ConvLayer,matrix,1,4096,128,576,301989888,4718592,1048576,0
yolov3,cnn_yolov3,conv5_2_a,7,ConvLayer,matrix,1,4096,64,128,33554432,1048576,524288,0
yolov3,cnn_yolov3,conv5_2_b,8,ConvLayer,matrix,1,4096,128,576,301989888,4718592,1048576,0
yolov3,cnn_yolov3,conv6,9,ConvLayer,matrix,1,1024,256,1152,301989888,2359296,524288,0
yolov3,cnn_yolov3,conv7_1_a,10,ConvLayer,matrix,1,1024,128,256,33554432,524288,262144,0
yolov3,cnn_yolov3,conv7_1_b,11,ConvLayer,matrix,1,1024,256,1152,301989888,2359296,524288,0
yolov3,cnn_yolov3,conv7_2_a,12,ConvLayer,matrix,1,1024,128,256,33554432,524288,262144,0
yolov3,cnn_yolov3,conv7_2_b,13,ConvLayer,matrix,1,1024,256,1152,301989888,2359296,524288,0
yolov3,cnn_yolov3,conv7_3_a,14,ConvLayer,matrix,1,1024,128,256,33554432,524288,262144,0
yolov3,cnn_yolov3,conv7_3_b,15,ConvLayer,matrix,1,1024,256,1152,301989888,2359296,524288,0
yolov3,cnn_yolov3,conv7_4_a,16,ConvLayer,matrix,1,1024,128,256,33554432,524288,262144,0
yolov3,cnn_yolov3,conv7_4_b,17,ConvLayer,matrix,1,1024,256,1152,301989888,2359296,524288,0
yolov3,cnn_yolov3,conv7_5_a,18,ConvLayer,matrix,1,1024,128,256,33554432,524288,262144,0
yolov3,cnn_yolov3,conv7_5_b,19,ConvLayer,matrix,1,1024,256,1152,301989888,2359296,524288,0
yolov3,cnn_yolov3,conv7_6_a,20,ConvLayer,matrix,1,1024,128,256,33554432,524288,262144,0
yolov3,cnn_yolov3,conv7_6_b,21,ConvLayer,matrix,1,1024,256,1152,301989888,2359296,524288,0
yolov3,cnn_yolov3,conv7_7_a,22,ConvLayer,matrix,1,1024,128,256,33554432,524288,262144,0
yolov3,cnn_yolov3,conv7_7_b,23,ConvLayer,matrix,1,1024,256,1152,301989888,2359296,524288,0
yolov3,cnn_yolov3,conv7_8_a,24,ConvLayer,matrix,1,1024,128,256,33554432,524288,262144,0
yolov3,cnn_yolov3,conv7_8_b,25,ConvLayer,matrix,1,1024,256,1152,301989888,2359296,524288,0
yolov3,cnn_yolov3,conv8,26,ConvLayer,matrix,1,256,512,2304,301989888,1179648,262144,0
yolov3,cnn_yolov3,conv9_1_a,27,ConvLayer,matrix,1,256,256,512,33554432,262144,131072,0
yolov3,cnn_yolov3,conv9_1_b,28,ConvLayer,matrix,1,256,512,2304,301989888,1179648,262144,0
yolov3,cnn_yolov3,conv9_2_a,29,ConvLayer,matrix,1,256,256,512,33554432,262144,131072,0
yolov3,cnn_yolov3,conv9_2_b,30,ConvLayer,matrix,1,256,512,2304,301989888,1179648,262144,0
yolov3,cnn_yolov3,conv9_3_a,31,ConvLayer,matrix,1,256,256,512,33554432,262144,131072,0
yolov3,cnn_yolov3,conv9_3_b,32,ConvLayer,matrix,1,256,512,2304,301989888,1179648,262144,0
yolov3,cnn_yolov3,conv9_4_a,33,ConvLayer,matrix,1,256,256,512,33554432,262144,131072,0
yolov3,cnn_yolov3,conv9_4_b,34,ConvLayer,matrix,1,256,512,2304,301989888,1179648,262144,0
yolov3,cnn_yolov3,conv9_5_a,35,ConvLayer,matrix,1,256,256,512,33554432,262144,131072,0
yolov3,cnn_yolov3,conv9_5_b,36,ConvLayer,matrix,1,256,512,2304,301989888,1179648,262144,0
yolov3,cnn_yolov3,conv9_6_a,37,ConvLayer,matrix,1,256,256,512,33554432,262144,131072,0
yolov3,cnn_yolov3,conv9_6_b,38,ConvLayer,matrix,1,256,512,2304,301989888,1179648,262144,0
yolov3,cnn_yolov3,conv9_7_a,39,ConvLayer,matrix,1,256,256,512,33554432,262144,131072,0
yolov3,cnn_yolov3,conv9_7_b,40,ConvLayer,matrix,1,256,512,2304,301989888,1179648,262144,0
yolov3,cnn_yolov3,conv9_8_a,41,ConvLayer,matrix,1,256,256,512,33554432,262144,131072,0
yolov3,cnn_yolov3,conv9_8_b,42,ConvLayer,matrix,1,256,512,2304,301989888,1179648,262144,0
yolov3,cnn_yolov3,conv10,43,ConvLayer,matrix,1,64,1024,4608,301989888,589824,131072,0
yolov3,cnn_yolov3,conv11_1_a,44,ConvLayer,matrix,1,64,512,1024,33554432,131072,65536,0
yolov3,cnn_yolov3,conv11_1_b,45,ConvLayer,matrix,1,64,1024,4608,301989888,589824,131072,0
yolov3,cnn_yolov3,conv11_2_a,46,ConvLayer,matrix,1,64,512,1024,33554432,131072,65536,0
yolov3,cnn_yolov3,conv11_2_b,47,ConvLayer,matrix,1,64,1024,4608,301989888,589824,131072,0
yolov3,cnn_yolov3,conv11_3_a,48,ConvLayer,matrix,1,64,512,1024,33554432,131072,65536,0
yolov3,cnn_yolov3,conv11_3_b,49,ConvLayer,matrix,1,64,1024,4608,301989888,589824,131072,0
yolov3,cnn_yolov3,conv11_4_a,50,ConvLayer,matrix,1,64,512,1024,33554432,131072,65536,0
yolov3,cnn_yolov3,conv11_4_b,51,ConvLayer,matrix,1,64,1024,4608,301989888,589824,131072,0
ssd_resnet34,cnn_ssd_resnet34,conv1,0,ConvLayer,matrix,1,25600,64,147,240844800,7526400,3276800,0
ssd_resnet34,cnn_ssd_resnet34,pool1,1,PoolingLayer,vector,0,0,0,0,0,3276800,819200,1638400
ssd_resnet34,cnn_ssd_resnet34,conv2_1_a,2,ConvLayer,matrix,1,6400,64,576,235929600,7372800,819200,0
ssd_resnet34,cnn_ssd_resnet34,conv2_1_b,3,ConvLayer,matrix,1,6400,64,576,235929600,7372800,819200,0
ssd_resnet34,cnn_ssd_resnet34,conv2_2_a,4,ConvLayer,matrix,1,6400,64,576,235929600,7372800,819200,0
ssd_resnet34,cnn_ssd_resnet34,conv2_2_b,5,ConvLayer,matrix,1,6400,64,576,235929600,7372800,819200,0
ssd_resnet34,cnn_ssd_resnet34,conv3_1_a,6,ConvLayer,matrix,1,1600,128,576,117964800,1843200,409600,0
ssd_resnet34,cnn_ssd_resnet34,conv3_1_b,7,ConvLayer,matrix,1,1600,128,1152,235929600,3686400,409600,0
ssd_resnet34,cnn_ssd_resnet34,conv3_2_a,8,ConvLayer,matrix,1,1600,128,1152,235929600,3686400,409600,0
ssd_resnet34,cnn_ssd_resnet34,conv3_2_b,9,ConvLayer,matrix,1,1600,128,1152,235929600,3686400,409600,0
ssd_resnet34,cnn_ssd_resnet34,conv3_3_a,10,ConvLayer,matrix,1,1600,128,1152,235929600,3686400,409600,0
ssd_resnet34,cnn_ssd_resnet34,conv3_3_b,11,ConvLayer,matrix,1,1600,128,1152,235929600,3686400,409600,0
ssd_resnet34,cnn_ssd_resnet34,conv3_4_a,12,ConvLayer,matrix,1,1600,128,1152,235929600,3686400,409600,0
ssd_resnet34,cnn_ssd_resnet34,conv3_4_b,13,ConvLayer,matrix,1,1600,128,1152,235929600,3686400,409600,0
ssd_resnet34,cnn_ssd_resnet34,fc6_a,14,ConvLayer,matrix,1,1600,256,1152,471859200,3686400,819200,0
ssd_resnet34,cnn_ssd_resnet34,fc6_b,15,ConvLayer,matrix,1,400,512,2304,471859200,1843200,409600,0
ssd_resnet34,cnn_ssd_resnet34,fc7,16,ConvLayer,matrix,1,400,512,512,104857600,409600,409600,0
ssd_resnet34,cnn_ssd_resnet34,conv6_1,17,ConvLayer,matrix,1,400,128,512,26214400,409600,102400,0
ssd_resnet34,cnn_ssd_resnet34,conv6_2,18,ConvLayer,matrix,1,100,256,1152,29491200,230400,51200,0
ssd_resnet34,cnn_ssd_resnet34,conv7_1,19,ConvLayer,matrix,1,100,64,256,1638400,51200,12800,0
ssd_resnet34,cnn_ssd_resnet34,conv7_2,20,ConvLayer,matrix,1,25,128,576,1843200,28800,6400,0
ssd_resnet34,cnn_ssd_resnet34,conv8_1,21,ConvLayer,matrix,1,25,64,128,204800,6400,3200,0
ssd_resnet34,cnn_ssd_resnet34,conv8_2,22,ConvLayer,matrix,1,9,128,576,663552,10368,2304,0
ssd_resnet34,cnn_ssd_resnet34,conv9_1,23,ConvLayer,matrix,1,9,64,128,73728,2304,1152,0
ssd_resnet34,cnn_ssd_resnet34,conv9_2,24,ConvLayer,matrix,1,1,128,576,73728,1152,256,0
ssd_mobilenet_v1,cnn_ssd_mobilenet_v1,conv1,0,ConvLayer,matrix,1,25600,32,27,22118400,1382400,1638400,0
ssd_mobilenet_v1,cnn_ssd_mobilenet_v1,conv2-dw,1,DWConvLayer,matrix,32,25600,1,9,7372800,14745600,1638400,0
ssd_mobilenet_v1,cnn_ssd_mobilenet_v1,conv3,2,ConvLayer,matrix,1,25600,64,32,52428800,1638400,3276800,0
ssd_mobilenet_v1,cnn_ssd_mobilenet_v1,conv4-dw,3,DWConvLayer,matrix,64,6400,1,9,3686400,7372800,819200,0
ssd_mobilenet_v1,cnn_ssd_mobilenet_v1,conv5,4,ConvLayer,matrix,1,6400,128,64,52428800,819200,1638400,0
ssd_mobilenet_v1,cnn_ssd_mobilenet_v1,conv6-dw,5,DWConvLayer,matrix,128,6400,1,9,7372800,14745600,1638400,0
ssd_mobilenet_v1,cnn_ssd_mobilenet_v1,conv7,6,ConvLayer,matrix,1,6400,128,128,104857600,1638400,1638400,0
ssd_mobilenet_v1,cnn_ssd_mobilenet_v1,conv8-dw,7,DWConvLayer,matrix,128,1600,1,9,1843200,3686400,409600,0
ssd_mobilenet_v1,cnn_ssd_mobilenet_v1,conv9,8,ConvLayer,matrix,1,1600,256,128,52428800,409600,819200,0
ssd_mobilenet_v1,cnn_ssd_mobilenet_v1,conv10-dw,9,DWConvLayer,matrix,256,1600,1,9,3686400,7372800,819200,0
ssd_mobilenet_v1,cnn_ssd_mobilenet_v1,conv11,10,ConvLayer,matrix,1,1600,256,256,104857600,819200,819200,0
ssd_mobilenet_v1,cnn_ssd_mobilenet_v1,conv12-dw,11,DWConvLayer,matrix,256,400,1,9,921600,1843200,204800,0
ssd_mobilenet_v1,cnn_ssd_mobilenet_v1,conv13,12,ConvLayer,matrix,1,400,512,256,52428800,204800,409600,0
ssd_mobilenet_v1,cnn_ssd_mobilenet_v1,conv-fc6,13,ConvLayer,matrix,1,100,1024,4608,471859200,921600,204800,0
ssd_mobilenet_v1,cnn_ssd_mobilenet_v1,conv-fc7,14,ConvLayer,matrix,1,100,1024,1024,104857600,204800,204800,0
ssd_mobilenet_v1,cnn_ssd_mobilenet_v1,conv14_1,15,ConvLayer,matrix,1,100,256,1024,26214400,204800,51200,0
ssd_mobilenet_v1,cnn_ssd_mobilenet_v1,conv14_2,16,ConvLayer,matrix,1,25,512,2304,29491200,115200,25600,0
ssd_mobilenet_v1,cnn_ssd_mobilenet_v1,conv15_1,17,ConvLayer,matrix,1,25,128,512,1638400,25600,6400,0
ssd_mobilenet_v1,cnn_ssd_mobilenet_v1,conv15_2,18,ConvLayer,matrix,1,9,256,1152,2654208,20736,4608,0
ssd_mobilenet_v1,cnn_ssd_mobilenet_v1,conv16_1,19,ConvLayer,matrix,1,9,128,256,294912,4608,2304,0
ssd_mobilenet_v1,cnn_ssd_mobilenet_v1,conv16_2,20,ConvLayer,matrix,1,4,256,1152,1179648,9216,2048,0
ssd_mobilenet_v1,cnn_ssd_mobilenet_v1,conv17_1,21,ConvLayer,matrix,1,4,64,256,65536,2048,512,0
ssd_mobilenet_v1,cnn_ssd_mobilenet_v1,conv17_2,22,ConvLayer,matrix,1,1,128,576,73728,1152,256,0
gnmt_encoder,cnn_gnmt_encoder,gnmt-en-fc1,0,FCLayer,matrix,1,1,512,512,262144,1024,1024,0
gnmt_encoder,cnn_gnmt_encoder,gnmt-en-fc2,1,FCLayer,matrix,1,1,1024,512,524288,1024,2048,0
gnmt_encoder,cnn_gnmt_encoder,gnmt-en-fc3,2,FCLayer,matrix,1,1,512,1024,524288,2048,1024,0
gnmt_encoder,cnn_gnmt_encoder,gnmt-en-fc4,3,FCLayer,matrix,1,1,512,512,262144,1024,1024,0
gnmt_encoder,cnn_gnmt_encoder,gnmt-en-fc5,4,FCLayer,matrix,1,1,512,512,262144,1024,1024,0
gnmt_encoder,cnn_gnmt_encoder,gnmt-en-fc6,5,FCLayer,matrix,1,1,512,512,262144,1024,1024,0
gnmt_encoder,cnn_gnmt_encoder,gnmt-en-fc7,6,FCLayer,matrix,1,1,512,512,262144,1024,1024,0
gnmt_encoder,cnn_gnmt_encoder,gnmt-en-fc8,7,FCLayer,matrix,1,1,512,512,262144,1024,1024,0
gnmt_decoder,cnn_gnmt_decoder,gnmt-en-fc1,0,FCLayer,matrix,1,1,512,512,262144,1024,1024,0
gnmt_decoder,cnn_gnmt_decoder,gnmt-en-fc2,1,FCLayer,matrix,1,1,1024,512,524288,1024,2048,0
gnmt_decoder,cnn_gnmt_decoder,gnmt-en-fc3,2,FCLayer,matrix,1,1,1024,1024,1048576,2048,2048,0
gnmt_decoder,cnn_gnmt_decoder,gnmt-en-fc4,3,FCLayer,matrix,1,1,1024,1024,1048576,2048,2048,0
gnmt_decoder,cnn_gnmt_decoder,gnmt-en-fc5,4,FCLayer,matrix,1,1,1024,1024,1048576,2048,2048,0
gnmt_decoder,cnn_gnmt_decoder,gnmt-en-fc6,5,FCLayer,matrix,1,1,1024,1024,1048576,2048,2048,0
gnmt_decoder,cnn_gnmt_decoder,gnmt-en-fc7,6,FCLayer,matrix,1,1,1024,1024,1048576,2048,2048,0
gnmt_decoder,cnn_gnmt_decoder,gnmt-en-fc8,7,FCLayer,matrix,1,1,1024,1024,1048576,2048,2048,0
