workload_id,workload,source_url,evidence,detail
llama2_conv,Llama-2-7B chat,https://raw.githubusercontent.com/microsoft/vidur/abae7f63aa857300f5cdc6f5e0d27860cd24721b/data/processed_traces/splitwise_conv.csv,/data2/chenyi9/fracturableT3/simulators/NeuSim/results/tessera/archived/0929/20260929_paper_sram_per_pe/inputs_snapshot/model_sources/tessera_repro/out/llama27b_conv/vidur_out/2026-07-27_10-57-25-216351/config.json,meta-llama/Llama-2-7b-hf; TP=1; request input=/data2/chenyi9/fracturableT3/tessera_repro/traces/conv_300.csv
llama3_conv,Llama-3-8B chat,https://raw.githubusercontent.com/microsoft/vidur/abae7f63aa857300f5cdc6f5e0d27860cd24721b/data/processed_traces/splitwise_conv.csv,/data2/chenyi9/fracturableT3/simulators/NeuSim/results/tessera/archived/0929/20260929_paper_sram_per_pe/inputs_snapshot/model_sources/tessera_repro/out/llama38b_conv/vidur_out/2026-07-27_10-57-25-075531/config.json,meta-llama/Meta-Llama-3-8B; TP=1; request input=/data2/chenyi9/fracturableT3/tessera_repro/traces/conv_300.csv
llama2_70b_conv,Llama-2-70B chat,https://raw.githubusercontent.com/microsoft/vidur/abae7f63aa857300f5cdc6f5e0d27860cd24721b/data/processed_traces/splitwise_conv.csv,/data2/chenyi9/fracturableT3/simulators/NeuSim/results/tessera/archived/0929/20260929_paper_sram_per_pe/inputs_snapshot/model_sources/tessera_repro/out/llama270b_conv/vidur_out/2026-07-27_10-57-25-108272/config.json,meta-llama/Llama-2-70b-hf; TP=4; request input=/data2/chenyi9/fracturableT3/tessera_repro/traces/conv_300.csv
phi2_conv,Phi-2 chat,https://raw.githubusercontent.com/microsoft/vidur/abae7f63aa857300f5cdc6f5e0d27860cd24721b/data/processed_traces/splitwise_conv.csv,/data2/chenyi9/fracturableT3/simulators/NeuSim/results/tessera/archived/0929/20260929_paper_sram_per_pe/inputs_snapshot/model_sources/tessera_repro/out/phi2_conv/vidur_out/2026-07-27_10-57-25-079294/config.json,microsoft/phi-2; TP=1; request input=/data2/chenyi9/fracturableT3/tessera_repro/traces/conv_300.csv
llama2_code,Llama-2-7B code,https://raw.githubusercontent.com/microsoft/vidur/abae7f63aa857300f5cdc6f5e0d27860cd24721b/data/processed_traces/splitwise_code.csv,/data2/chenyi9/fracturableT3/simulators/NeuSim/results/tessera/archived/0929/20260929_paper_sram_per_pe/inputs_snapshot/model_sources/tessera_repro/out/llama27b_code/vidur_out/2026-07-27_11-02-12-654311/config.json,meta-llama/Llama-2-7b-hf; TP=1; request input=/data2/chenyi9/fracturableT3/tessera_repro/traces/code_300.csv
llama2_arxiv,Llama-2-7B arXiv,https://raw.githubusercontent.com/microsoft/vidur/abae7f63aa857300f5cdc6f5e0d27860cd24721b/data/processed_traces/arxiv_summarization_stats_llama2_tokenizer_filtered_v2.csv,/data2/chenyi9/fracturableT3/simulators/NeuSim/results/tessera/archived/0929/20260929_paper_sram_per_pe/inputs_snapshot/model_sources/tessera_repro/out/llama27b_arxiv/vidur_out/2026-07-27_11-02-12-691975/config.json,meta-llama/Llama-2-7b-hf; TP=1; request input=/data2/chenyi9/fracturableT3/SCALE-Sim/ref/vidur/data/processed_traces/arxiv_summarization_stats_llama2_tokenizer_filtered_v2.csv
gqa_decode,FlashInfer GQA,https://huggingface.co/datasets/flashinfer-ai/flashinfer-trace/resolve/da915083d4c7c5e61aa3005e3d17ae488e0fc71c/definitions/gqa_paged/gqa_paged_decode_h32_kv8_d128_ps1.json ; https://huggingface.co/datasets/flashinfer-ai/flashinfer-trace/resolve/da915083d4c7c5e61aa3005e3d17ae488e0fc71c/definitions/gqa_paged/gqa_paged_decode_h20_kv4_d128_ps1.json,/data2/chenyi9/fracturableT3/FissionSA/Tessera-revision/sources/flashinfer_trace/definitions/gqa_paged/gqa_paged_decode_h32_kv8_d128_ps1.json ; /data2/chenyi9/fracturableT3/FissionSA/Tessera-revision/sources/flashinfer_trace/definitions/gqa_paged/gqa_paged_decode_h20_kv4_d128_ps1.json,"Batched Grouped Query Attention decode with a paged KV cache. Captured from Llama-3.1-8B. Batched Grouped Query Attention decode with a paged KV cache. Captured from Qwen3 14B at TP=2 (20 q-heads and 4 kv-heads per device). GQA ratio 5:1, head_dim=128, page_size=1."
single_kv_decode,FlashInfer MQA,https://huggingface.co/datasets/flashinfer-ai/flashinfer-trace/resolve/da915083d4c7c5e61aa3005e3d17ae488e0fc71c/definitions/gqa_paged/gqa_paged_decode_h5_kv1_d128_ps1.json,/data2/chenyi9/fracturableT3/FissionSA/Tessera-revision/sources/flashinfer_trace/definitions/gqa_paged/gqa_paged_decode_h5_kv1_d128_ps1.json,"Batched Grouped Query Attention decode with a paged KV cache. Captured from Llama 4 Scout 17B-16E with tensor parallel size 8 (40/8=5 q-heads, 8/8=1 kv-head)."
cacheblend_samsum,CacheBlend SAMSum,https://github.com/YaoJiayi/CacheBlend/blob/55ad02675939f783a38d579393527d218a7fd581/inputs/samsum.json,/data2/chenyi9/fracturableT3/FissionSA/out/tessera-revision/planaria_workloads/upstream_reuse_800/input_manifest.json,200 valid source requests; mistralai/Mistral-7B-Instruct-v0.2; source commit 55ad02675939f783a38d579393527d218a7fd581
cacheblend_wikimqa,CacheBlend WikiMQA,https://github.com/YaoJiayi/CacheBlend/blob/55ad02675939f783a38d579393527d218a7fd581/inputs/wikimqa_s.json,/data2/chenyi9/fracturableT3/FissionSA/out/tessera-revision/planaria_workloads/upstream_reuse_800/input_manifest.json,200 valid source requests; mistralai/Mistral-7B-Instruct-v0.2; source commit 55ad02675939f783a38d579393527d218a7fd581
epic_hotpotqa,EPIC HotpotQA,https://github.com/DerekHJH/epic/tree/3204410f1723ed0f39575b4eba8c17578a1ee1a1 ; https://huggingface.co/datasets/zai-org/LongBench/resolve/5e628be450b7e67fb7ae6e201bd6d8f7056f7672/data.zip,/data2/chenyi9/fracturableT3/FissionSA/out/tessera-revision/planaria_workloads/upstream_reuse_800/input_manifest.json,200 valid source requests; mistralai/Mistral-7B-Instruct-v0.2; source commit 3204410f1723ed0f39575b4eba8c17578a1ee1a1
epic_multi_news,EPIC Multi-News,https://github.com/DerekHJH/epic/tree/3204410f1723ed0f39575b4eba8c17578a1ee1a1 ; https://huggingface.co/datasets/zai-org/LongBench/resolve/5e628be450b7e67fb7ae6e201bd6d8f7056f7672/data.zip,/data2/chenyi9/fracturableT3/FissionSA/out/tessera-revision/planaria_workloads/upstream_reuse_800/input_manifest.json,199 valid source requests; mistralai/Mistral-7B-Instruct-v0.2; source commit 3204410f1723ed0f39575b4eba8c17578a1ee1a1
