architecture,family,grain,mapping_policy,total_pes,subarrays,rtl_index,rtl_side,rtl_grain,scale,array_area_mm2,sram_area_mm2,area_mm2,sram_power_ratio,static_array_power_ratio,compute_pj_per_op,workloads,throughput_gops,energy_efficiency_gops_per_w,performance_density_gops_per_mm2,e2e_speedup_vs_ws,energy_efficiency_vs_ws,performance_density_vs_ws,e2e_edp_gain_vs_ws,mean_sram_energy_fraction,mean_idle_fraction
WS,WS,128,native_tail,16384,1,0,32,32,16.0,32.176,22.224,54.400000000000006,1.0,1.0,6.301800226474718,12,287.96199611102463,1.3205274262285598,4.715900242802303,1.0,1.0,1.0,1.0,0.16329360441427868,4.666764327136896e-07
WS-independent-64,WS-independent,64,native_tail,16384,4,0,32,32,16.0,32.176,22.224,54.400000000000006,1.0,1.0,6.301800226474718,12,844.6141011010017,3.984729426338659,13.832088602833418,2.9330748935889397,3.017528714052602,2.9330748935889397,8.850637711871405,0.17379155665551904,2.0222247485732235e-06
WS-independent-32,WS-independent,32,native_tail,16384,16,0,32,32,16.0,32.176,22.224,54.400000000000006,1.0,1.0,6.301800226474718,12,1305.8127050766861,5.955568719544144,21.385052666988777,4.534670278411413,4.509992447906448,4.534670278411413,20.451328709381297,0.17986623960432643,0.00022168559562344705
WS-independent-16,WS-independent,16,native_tail,16384,64,0,32,32,16.0,32.176,22.224,54.400000000000006,1.0,1.0,6.301800226474718,12,1927.9638511673659,10.363769622198626,31.57390668429996,6.6952024128351715,7.848204752397811,6.6952024128351715,52.54531939467827,0.2161524285893243,0.0006821352329810164
WS-independent-8,WS-independent,8,native_tail,16384,256,0,32,32,16.0,32.176,22.224,54.400000000000006,1.0,1.0,6.301800226474718,12,1365.925543947209,7.3156378175389145,22.36950948856093,4.743422959953966,5.539936295327431,4.743422959953966,26.27826101993846,0.24369516110107606,0.0030516299909366666
Planaria-64,Planaria,64,native_tail,16384,4,2,32,16,16.0,36.224,25.504,61.727999999999994,1.0,1.0,6.484595569010417,12,913.5143434792527,3.3211802886341486,13.18443425363659,3.172343419674878,2.515040750133812,2.795740701631568,7.978572973901169,0.14291397497375513,0.0001527828229477254
Tessera-64,Tessera,64,native_tail,16384,4,3,32,16,16.0,32.784,25.504,58.288,1.0,1.0,6.302743158143938,12,873.2238031344888,3.2446237769509754,13.346726030437628,3.032427247093449,2.457066557275266,2.830154444171762,7.4508755762036145,0.14600683477503035,0.00010534599062237794
Planaria-32,Planaria,32,native_tail,16384,16,4,32,8,16.0,38.976,32.064,71.03999999999999,1.0,1.0,6.484595569010417,12,1711.2445537666463,5.845226998565183,21.460382592558314,5.942605541277295,4.4264336222529,4.550643882960093,26.304548971696203,0.15181208512128416,0.00037523335468547933
Tessera-32,Tessera,32,native_tail,16384,16,5,32,8,16.0,33.312,32.064,65.376,1.0,1.0,6.302743158143938,12,1545.4526899576945,5.508119419748761,21.060355794631818,5.366863373741306,4.171151094892448,4.465818764248763,22.385998037519226,0.15726074215521804,0.00020345452882496306
Planaria-16,Planaria,16,native_tail,16384,64,6,32,4,16.0,41.296,45.168,86.464,1.0,1.0,6.484595569010417,12,2634.406661217761,8.863213083313067,27.144123768727724,9.14845256247653,6.7118735342184435,5.755873188826833,61.403256633139094,0.17657744876803727,0.00096144161807584
Tessera-16,Tessera,16,native_tail,16384,64,7,32,4,16.0,34.368,45.168,79.536,1.0,1.0,6.302743158143938,12,2272.9555968798063,8.154811007700799,25.459832373392302,7.893248510485602,6.175419643491259,5.398721572249255,48.744121902610914,0.1833718873621457,0.0005610029442460509
Planaria-8,Planaria,8,native_tail,16384,256,8,32,2,16.0,48.592,71.392,119.984,1.0,1.0,6.484595569010417,12,3652.5754652532337,13.208050799910117,27.12090612002401,12.68422748342448,10.002102597469293,5.750949919141651,126.86894465885145,0.21478276948599004,0.0026527801289017608
Tessera-8,Tessera,8,native_tail,16384,256,9,32,2,16.0,36.384,71.392,107.776,1.0,1.0,6.302743158143938,12,2989.5457518791695,11.782637389325375,24.71220381319633,10.381737146753697,8.922675254823531,5.240187989750976,92.63286914142147,0.22172011049882248,0.0008908411371458914
