workload_id,workload,architecture,grain,chips,total_pes_per_chip,area_mm2_per_chip,total_area_mm2,seconds,system_energy_J,useful_ops,throughput_gops,energy_efficiency_gops_per_w,performance_density_gops_per_mm2,e2e_speedup_vs_ws,energy_efficiency_vs_ws,performance_density_vs_ws,e2e_edp_gain_vs_ws,average_system_power_W,array_utilization,e2e_array_utilization,idle_fraction,compute_energy_fraction,sram_energy_fraction,hbm_energy_fraction,intrinsic_array_seconds,hbm_service_seconds,vector_service_seconds,useful_macs,charged_sa_macs,padding_sram_read_bytes,dispatch
llama2_conv,Llama-2-7B chat,WS,128,1,16384,54.400000000000006,54.400000000000006,43711.559954853,7405594.906528178,4692924726509568,107.3611816040563,0.633699896597458,1.9735511324275055,1.0,1.0,1.0,1.0,169.4195977946558,0.0032766727517533536,0.003276403247194101,0.0,0.2969231285681367,0.17651613075415112,0.17840208549409778,43707.96470272,41.526177408,186.151422151,2346462363254784,148348683115560960,7298075968452608,serial
llama3_conv,Llama-3-8B chat,WS,128,1,16384,54.400000000000006,54.400000000000006,42297.346129064,5908212.739488797,5102928673112064,120.64418078480016,0.8637009021367078,2.217723911485297,1.0,1.0,1.0,1.0,139.68282363297152,0.0036820829035761654,0.0036817682124267626,0.0,0.15206897726237564,0.20962183542844737,0.21635927074242084,42293.73116416,36.769154057,77.52324538,2551464336556032,60687086914633728,6168592280485888,serial
llama2_70b_conv,Llama-2-70B chat,WS,128,4,16384,54.400000000000006,217.60000000000002,24108.809753547,19181028.17756886,48356674481684480,2005.767807536414,2.5210679028267577,9.217682939046018,1.0,1.0,1.0,1.0,795.6024529475935,0.015315281282670623,0.01530279394177562,0.0,0.39746352490208714,0.15370302301405137,0.15204534451663534,24089.152594112,34.333391389,164.539036789,6044584310210560,128788244237123584,4588134160465920,serial
phi2_conv,Phi-2 chat,WS,128,1,16384,54.400000000000006,54.400000000000006,3642.728141388,519294.58807625464,1881881820200960,516.6133038640377,3.623919569761854,9.496568085735985,1.0,1.0,1.0,1.0,142.55650378520593,0.015784272306847605,0.015765786861085134,0.0,0.16628448450807268,0.20610990506664126,0.2141375967874811,3638.462030656,32.2677851,7.812033552,940940910100480,5860668641116160,448925736708096,serial
llama2_code,Llama-2-7B code,WS,128,1,16384,54.400000000000006,54.400000000000006,19581.76303292,5414098.100776249,7363985734107136,376.06346893929447,1.3601500373721194,6.912931414325266,1.0,1.0,1.0,1.0,276.48675411270705,0.011477531193794395,0.011476546293313431,0.0,0.5604827663156952,0.11630440836767575,0.10928629385089281,19580.082698752,14.260006011,255.299172196,3681992867053568,204751031903453184,4765901347762176,serial
llama2_arxiv,Llama-2-7B arXiv,WS,128,1,16384,54.400000000000006,54.400000000000006,182149.81083417629,26928401.72487792,12215554225995776,67.06322762594823,0.45363086717138446,1.2327799195946365,1.0,1.0,1.0,1.0,147.83656157289522,0.002046692529551017,0.0020466072883895334,5.600117192564275e-06,0.19772477346493134,0.19911172049097195,0.2044020254867492,182142.224613376,140.38453131,449.661971047,6107777112997888,359232861645045760,27059444386996224,serial
gqa_decode,FlashInfer GQA,WS,128,1,16384,54.400000000000006,54.400000000000006,0.041959216,5.4904943653869145,16264091648,387.61667157937364,2.9622271813139127,7.125306462856132,1.0,1.0,1.0,1.0,130.85312093026033,0.01197606622648801,0.011829122057476002,0.0,0.023946496260609827,0.22181637171727228,0.30405551578712037,0.041444384,0.011264,1.0564e-05,8132045824,8867020800,364688808,serial
single_kv_decode,FlashInfer MQA,WS,128,1,16384,54.400000000000006,54.400000000000006,0.001169246,0.16099163311825346,483123200,413.1920913135473,3.0009211698916722,7.595442855028442,1.0,1.0,1.0,1.0,137.68841896252238,0.0136501289673906,0.012609621927293315,0.0,0.027147103463615617,0.21054649523295402,0.33447301315048233,0.001080118,0.000527256,2.8e-07,241561600,294748160,21690144,serial
cacheblend_samsum,CacheBlend SAMSum,WS,128,1,16384,54.400000000000006,54.400000000000006,9726.145601232,2853363.945850294,2677344027213824,275.2728713905627,0.9383114380160094,5.060163077032403,1.0,1.0,1.0,1.0,293.37047406414126,0.008400661358354575,0.008400661358354575,0.0,0.5844817011506174,0.11084892278093923,0.10295252778274981,9726.145601232,3.738262847,141.829088617,1338672013606912,112497864402796544,2344700169982208,serial
cacheblend_wikimqa,CacheBlend WikiMQA,WS,128,1,16384,54.400000000000006,54.400000000000006,12413.329122384,3020747.580003913,4834147278274560,389.4319751465797,1.6003148724754743,7.158676013723891,1.0,1.0,1.0,1.0,243.3470949027551,0.011884520725908804,0.011884520725908804,0.0,0.504008405229337,0.12899293996238106,0.1241594314382502,12413.329122384,8.172430587,126.558855384,2417073639137280,102761200025075712,2477443983058880,serial
epic_hotpotqa,EPIC HotpotQA,WS,128,1,16384,54.400000000000006,54.400000000000006,12877.943514112,3595107.837457375,2655764645675008,206.22583433175873,0.7387162682589479,3.7909160722749764,1.0,1.0,1.0,1.0,279.1678526558032,0.0062935130106127534,0.0062935130106127534,0.0,0.5652817235735443,0.11467113396254094,0.10820546241689766,12877.943514112,6.366462856,161.131693256,1327882322837504,137073856622886912,3001794647902208,serial
epic_multi_news,EPIC Multi-News,WS,128,1,16384,54.400000000000006,54.400000000000006,2371.435175424,696031.3449844257,643272996290560,271.25894182435167,0.9242011885326139,4.986377607065288,1.0,1.0,1.0,1.0,293.5063763064824,0.008278165949229482,0.008278165949229482,0.0,0.5841603452877906,0.11128036619331784,0.10293207729890055,2371.435175424,1.409125943,34.717195991,321636498145280,27425722343620608,695146551558144,serial
llama2_conv,Llama-2-7B chat,WS-independent-64,64,1,16384,54.400000000000006,54.400000000000006,9697.368319909,1511879.0723687385,4692924726509568,483.93796870382323,3.104034451086701,8.895918542349692,4.507569323226778,4.898271986082493,4.507569323226778,22.079300541286543,155.90612035069387,0.014774092190385635,0.014768614767572729,0.0,0.22963373526450678,0.19710878546102667,0.19470995095215066,9693.773067776,42.490111389,59.966232071,2346462363254784,23510116120657920,2905590137450496,serial
llama3_conv,Llama-3-8B chat,WS-independent-64,64,1,16384,54.400000000000006,54.400000000000006,10830.693094056,1683686.596453613,5102928673112064,471.1543969344497,3.0308067331892277,8.660926414236206,3.90532219514901,3.509092934476879,3.90532219514901,13.704138521853125,155.455110936311,0.014383291834636186,0.01437849111738433,0.0,0.22770936915557088,0.1976058523635464,0.1950459100219457,10827.078129152,37.450562308,66.290968964,2551464336556032,25956502749577216,3314408427323392,serial
llama2_70b_conv,Llama-2-70B chat,WS-independent-64,64,4,16384,54.400000000000006,217.60000000000002,5482.938365131,4370070.017433328,48356674481684480,8819.481683254182,11.065423274404605,40.53070626495487,4.397060143310764,4.389180974458265,4.397060143310764,19.29949272456834,797.030666115999,0.06752940841766528,0.067287305322679,0.0,0.38677336184170297,0.1636350470594722,0.15276195160008002,5463.281205696,36.504879137,73.742575606,6044584310210560,28778029113147392,1888881296318464,serial
phi2_conv,Phi-2 chat,WS-independent-64,64,1,16384,54.400000000000006,54.400000000000006,1350.050186508,234629.67850951344,1881881820200960,1393.9347136928147,8.020646970816422,25.62379988405909,2.6982168350423867,2.2132519269304587,2.6982168350423867,5.971833609433767,173.79330105971812,0.04267436099426626,0.04253951152626998,0.0,0.29952463892464326,0.18157504517015363,0.1790165793109046,1345.784075776,32.636943017,12.480407664,940940910100480,4775216228073472,340936091979776,serial
llama2_code,Llama-2-7B code,WS-independent-64,64,1,16384,54.400000000000006,54.400000000000006,2007.46126012,318923.78773612174,7363985734107136,3668.3077678255863,23.090111234349553,67.43212808502915,9.754491118672677,16.976150130437702,9.754491118672677,165.59370567660855,158.86921161161408,0.1120416527270227,0.11194786889116169,0.0,0.24225493772914422,0.19437537880249117,0.19195444805159642,2005.780925952,16.106181979,14.313141508,3681992867053568,5393998273314816,477132378103808,serial
llama2_arxiv,Llama-2-7B arXiv,WS-independent-64,64,1,16384,54.400000000000006,54.400000000000006,42035.39888409627,5534856.633493069,12215554225995776,290.601601276048,2.2070226990299644,5.341941199927352,4.333248064004719,4.865239247919472,4.333248064004719,21.08228855196683,131.67132417975301,0.008870057869025541,0.008868457070191894,2.4266696982878684e-05,0.09658102052895348,0.22548388223985347,0.23026814406873033,42027.812663296,143.102137166,93.311111911,6107777112997888,36324020789968896,11048828680224768,serial
gqa_decode,FlashInfer GQA,WS-independent-64,64,1,16384,54.400000000000006,54.400000000000006,0.022037296,3.139505808945271,16264091648,738.0257381849389,5.180462352278298,13.566649598987844,1.9040092759111644,1.7488403269530715,1.9040092759111646,3.3298082046061617,142.46329535825407,0.02403942624632488,0.022522758123319667,0.0,0.04012266864957608,0.20789539203789698,0.3384134000626549,0.020646944,0.011264,2.6928e-05,8132045824,8495235072,184659792,serial
single_kv_decode,FlashInfer MQA,WS-independent-64,64,1,16384,54.400000000000006,54.400000000000006,0.000782046,0.11501645579424642,483123200,617.7682642708996,4.20047024283431,11.356034269685654,1.4951115407533573,1.3997269521698033,1.4951115407533573,2.0927479200925956,147.07121549659024,0.027298893139240787,0.018852791268032826,0.0,0.034164883903853686,0.19925928869771403,0.3659807122235228,0.000540086,0.000527256,1.088e-06,241561600,265011200,9746240,serial
cacheblend_samsum,CacheBlend SAMSum,WS-independent-64,64,1,16384,54.400000000000006,54.400000000000006,3638.93205056,934122.5184708013,2677344027213824,735.7499370733796,2.866159389452201,13.52481501973124,2.672802202980193,3.0545928284882518,2.672802202980193,8.1643224411909,256.7023801192023,0.022453306185100694,0.022453306185100694,0.0,0.5161422792311593,0.13495956204398527,0.1178217732507772,3638.93205056,5.338025506,80.949202446,1338672013606912,32558805227143168,1300658690912768,serial
cacheblend_wikimqa,CacheBlend WikiMQA,WS-independent-64,64,1,16384,54.400000000000006,54.400000000000006,12489.327219536,3522442.2683993443,4834147278274560,387.06226470813505,1.3723850981584083,7.115115160076011,0.9939149566813237,0.8575719202281179,0.9939149566813237,0.8523535579446493,282.0361902993049,0.011812202902469943,0.011812202902469943,0.0,0.5559946554347438,0.1262558374025385,0.10715846061197093,12489.327219536,11.039386146,326.429688169,2417073639137280,132101215664996352,4802735516385152,serial
epic_hotpotqa,EPIC HotpotQA,WS-independent-64,64,1,16384,54.400000000000006,54.400000000000006,6268.461424128,1484178.301549275,2655764645675008,423.6708924222899,1.789383824640719,7.78806787540974,2.054402610590116,2.422288369062251,2.054402610590116,4.976355549003563,236.7691529274646,0.012929409558785703,0.012929409558785703,0.0,0.48094734535048017,0.14116726140195918,0.12771712511329017,6268.461424128,8.281782696,109.965547176,1327882322837504,48172840603615232,1984319210811392,serial
epic_multi_news,EPIC Multi-News,WS-independent-64,64,1,16384,54.400000000000006,54.400000000000006,802.295568896,261607.73686910173,643272996290560,801.7905385863427,2.4589219110611724,14.73879666519012,2.955812380575923,2.6605915914967473,2.955812380575923,7.864209565802286,326.0740143798718,0.02446870540119454,0.02446870540119454,0.0,0.6084321762867767,0.1161773471855912,0.09280482199366964,802.295568896,1.518750615,27.186171383,321636498145280,10742512993959936,446607729975296,serial
llama2_conv,Llama-2-7B chat,WS-independent-32,32,1,16384,54.400000000000006,54.400000000000006,5083.590495653,1133946.8089851218,4692924726509568,923.151605252726,4.13857571565435,16.969698625969226,8.5985604057272,6.530813304334934,8.5985604057272,56.15559269585079,223.06021894461492,0.02819228958111448,0.028172351234519225,0.0,0.42733872113245785,0.16906909929882835,0.13682598994205133,5079.99524352,45.47813535,164.099102287,2346462363254784,32745639980826624,3051184444071936,serial
llama3_conv,Llama-3-8B chat,WS-independent-32,32,1,16384,54.400000000000006,54.400000000000006,3188.6330298,606786.3895917857,5102928673112064,1600.3499384913962,8.409761261364231,29.4181973987389,13.265040452684833,9.73689067657489,13.265040452684833,129.1602487081357,190.29671458613885,0.04889423584888992,0.04883880427525013,0.0,0.3403331295305227,0.1867865372355093,0.16119414228975884,3185.018064896,41.354725226,71.53755162,2551464336556032,14028501371846656,2011918500429824,serial
llama2_70b_conv,Llama-2-70B chat,WS-independent-32,32,4,16384,54.400000000000006,217.60000000000002,3080.507425675,2470529.025933219,48356674481684480,15697.632824594986,19.57340876147699,72.13985673067548,7.826246271185107,7.763935568546258,7.826246271185107,60.76247179305657,801.9876872693717,0.12053374180527261,0.11976343402553548,0.0,0.373150612465434,0.17744104226958957,0.1534428188534154,3060.82049984,47.368224559,75.705282994,6044584310210560,15827885192380416,1164717190766592,serial
phi2_conv,Phi-2 chat,WS-independent-32,32,1,16384,54.400000000000006,54.400000000000006,951.498484406,170911.86559488304,1881881820200960,1977.8085315351586,11.010831890757279,36.35677447674924,3.8284119219192205,3.038376453669709,3.8284119219192205,11.632156638507755,179.62389682793835,0.06078896385837925,0.06035792637741573,0.002607148621522657,0.30150796389271495,0.19331267316924194,0.17531239142916272,944.751675712,33.556711637,18.191913336,940940910100480,3509143106224128,483188816410624,serial
llama2_code,Llama-2-7B code,WS-independent-32,32,1,16384,54.400000000000006,54.400000000000006,6338.802141528,1641430.7702699204,7363985734107136,1161.7314391094103,4.4863212433237045,21.35535733657004,3.08918981784147,3.298401735143507,3.0891898178414703,10.189389055355958,258.94967749762344,0.0354626306363553,0.03545322995329011,0.0,0.49681679319172395,0.1555094154117588,0.11708160546787899,6337.12180736,21.657131143,275.088248036,3681992867053568,55096614607388672,3794865609818112,serial
llama2_arxiv,Llama-2-7B arXiv,WS-independent-32,32,1,16384,54.400000000000006,54.400000000000006,19217.946784512274,3771168.105920838,12215554225995776,635.6326387499564,3.2391964194905603,11.684423506433022,9.478109856198095,7.14059966793832,9.478109856198095,67.67938809185104,196.2315822916119,0.019405629019592245,0.019397968711851697,5.307852595870786e-05,0.3606173116436499,0.18158452149379276,0.15534558754844,19210.360563712,151.338021958,460.141603655,6107777112997888,91870131340181504,10877805727481856,serial
gqa_decode,FlashInfer GQA,WS-independent-32,32,1,16384,54.400000000000006,54.400000000000006,0.013759528,2.166249723999919,16264091648,1182.0239508215689,7.50794863021093,21.728381448925894,3.0494662316905057,2.5345620611315627,3.0494662316905057,7.729061417544588,157.43633967676212,0.04843187341533518,0.036072508264818386,0.0,0.05691027013858875,0.19488230742653134,0.3737439961026522,0.010248224,0.011264,4.7732e-05,8132045824,8314257408,95091360,serial
single_kv_decode,FlashInfer MQA,WS-independent-32,32,1,16384,54.400000000000006,54.400000000000006,0.0006117,0.09490578731357427,483123200,789.8041523622692,5.090555736118944,14.518458683129946,1.9114696746771296,1.6963310423454756,1.9114696746771296,3.2424853456568226,155.15087022000046,0.054592327914985,0.02410290992316495,0.0,0.0394014411281327,0.19193353993720186,0.38879199034903383,0.00027007,0.000527256,1.674e-06,241561600,252190720,4583808,serial
cacheblend_samsum,CacheBlend SAMSum,WS-independent-32,32,1,16384,54.400000000000006,54.400000000000006,2690.261806512,550700.2067709732,2677344027213824,995.1983188896681,4.861708774202959,18.294086744295367,3.615315646116324,5.1813380688214625,3.615315646116324,18.732172588028373,204.70134372720082,0.03037104244658411,0.03037104244658411,0.0,0.387237679465331,0.17452774070791635,0.14809874223336422,2690.261806512,9.001167515,70.792186143,1338672013606912,14427723293523968,1022375471981568,serial
cacheblend_wikimqa,CacheBlend WikiMQA,WS-independent-32,32,1,16384,54.400000000000006,54.400000000000006,7534.545090448,1302745.560239619,4834147278274560,641.5977634008855,3.7107378645645865,11.794076533104512,1.647522043251308,2.318754845304017,1.647522043251308,3.820199720534145,172.9030146612552,0.01958000986941179,0.01958000986941179,0.0,0.292408633783736,0.19006743823342653,0.17516970567822543,7534.545090448,19.493166744,117.995777062,2417073639137280,25776348455763968,1881449146458624,serial
epic_hotpotqa,EPIC HotpotQA,WS-independent-32,32,1,16384,54.400000000000006,54.400000000000006,6421.697509888,1216887.5795903485,2655764645675008,413.5611560005303,2.182423989050033,7.602227132362688,2.00537996289654,2.9543467266447303,2.00537996289654,5.924587729062323,189.4962473266001,0.012620884887711495,0.012620884887711495,0.0,0.346342083809445,0.18103476698858487,0.1596976171901609,6421.697509888,12.268036872,135.23115092,1327882322837504,28448575746736128,2112011996676096,serial
epic_multi_news,EPIC Multi-News,WS-independent-32,32,1,16384,54.400000000000006,54.400000000000006,218.52487424,52995.63400404837,643272996290560,2943.7060587623105,12.138226259193727,54.112243727248355,10.852014827472303,13.133748809029353,10.852014827472305,142.52763681588323,242.5153392187504,0.08983477962531466,0.08983477962531466,0.0,0.4659951105743689,0.16224579307953554,0.12599413616360639,218.52487424,2.081320471,8.427858967,321636498145280,1679453033857024,128130849882112,serial
llama2_conv,Llama-2-7B chat,WS-independent-16,16,1,16384,54.400000000000006,54.400000000000006,858.229502117,171067.57814129142,4692924726509568,5468.14659124803,27.43316283248891,100.5174005744123,50.93225046101238,43.29046442927722,50.93225046101238,2204.8807768854945,199.32614495227438,0.16757659429010857,0.16687459079736422,0.0,0.3248359739591076,0.2129966024460489,0.1626488182797779,854.634249984,53.034974162,39.287023751,2346462363254784,3852434189320192,655704463097856,serial
llama3_conv,Llama-3-8B chat,WS-independent-16,16,1,16384,54.400000000000006,54.400000000000006,1160.988404672,237893.31882921353,5102928673112064,4395.33129924216,21.450491750781442,80.7965312360691,36.432186539376985,24.835555569891284,36.432186539376985,904.8135933313424,204.9058525234993,0.1345538260142003,0.13413486630988036,0.0,0.3431177887701674,0.21018266256700716,0.15496054314394225,1157.373439768,49.789260411,57.103371844,2551464336556032,5616902084755456,964192279592960,serial
llama2_70b_conv,Llama-2-70B chat,WS-independent-16,16,4,16384,54.400000000000006,217.60000000000002,11511.122165195,6057856.246002747,48356674481684480,4200.865370701703,7.982473092456172,19.305447475651203,2.0943926584709818,3.1663062639073662,2.0943926584709818,6.631488593598272,526.261137625597,0.032105207862124834,0.032050059285749076,0.0,0.08992137195433564,0.23038298168555765,0.23111896575715304,11491.34898688,70.429544225,74.514091174,6044584310210560,9479615508643840,579364892057600,serial
phi2_conv,Phi-2 chat,WS-independent-16,16,1,16384,54.400000000000006,54.400000000000006,480.219819558,92566.3089902336,1881881820200960,3918.7924853519507,20.330094617897227,72.03662656896968,7.5855431055319835,5.609974014747027,7.5855431055319835,42.55469970977789,192.75820201555348,0.12163975585780464,0.11959205582739106,0.007950472309772864,0.3045754220087804,0.2149022712436313,0.1710107256628222,472.135734448,36.140756558,20.07147464,940940910100480,1937700657561600,355393202800640,serial
llama2_code,Llama-2-7B code,WS-independent-16,16,1,16384,54.400000000000006,54.400000000000006,961.425871704,211938.42852253173,7363985734107136,7659.4420337945,34.74587306060095,140.79856679769298,20.367418445078787,25.545617840611012,20.367418445078787,520.2982879977944,220.44177794685194,0.2341568688393827,0.23374762066023255,0.0,0.37934169665862366,0.20597969524762685,0.14281777251824074,959.745537536,34.943592849,57.098373892,3681992867053568,5588242940297216,683354402947072,serial
llama2_arxiv,Llama-2-7B arXiv,WS-independent-16,16,1,16384,54.400000000000006,54.400000000000006,4337.904227328275,769655.779097604,12215554225995776,2816.003670399004,15.871451313362593,51.76477335292286,41.990279473358214,34.98759114944941,41.99027947335822,1469.1387304649752,177.42571960184486,0.08608816485764244,0.08593761201168834,0.00023515048599933208,0.2654246213915645,0.2209385356175463,0.17831721117928143,4330.318006528,171.468352369,143.228109863,6107777112997888,14030097547788288,3840139952455680,serial
gqa_decode,FlashInfer GQA,WS-independent-16,16,1,16384,54.400000000000006,54.400000000000006,0.011658448,1.928182991301376,16264091648,1395.0477497519394,8.434931602120908,25.644260105734176,3.5990395977234706,2.8474965240105408,3.599039597723471,10.248252744293877,165.38933752600482,0.09830739895152653,0.042573478691160266,0.0,0.06314924876345716,0.19354455027251086,0.38640901434616853,0.005048864,0.011264,8.9244e-05,8132045824,8221900800,49629504,serial
single_kv_decode,FlashInfer MQA,WS-independent-16,16,1,16384,54.400000000000006,54.400000000000006,0.00054393,0.0871391403115708,483123200,888.2084091702977,5.5442731965517025,16.327360462689295,2.149625870976045,1.847523771093208,2.149625870976045,3.971484895585184,160.202857558088,0.10916282892301314,0.027105969518136524,0.0,0.04169216382800397,0.19056718680875173,0.3996005372940118,0.000135062,0.000527256,2.853e-06,241561600,246661120,2358528,serial
cacheblend_samsum,CacheBlend SAMSum,WS-independent-16,16,1,16384,54.400000000000006,54.400000000000006,3742.825993424,494938.5903024752,2677344027213824,715.3268765146479,5.4094469085096,13.149391112401615,2.598610146002101,5.765086824420981,2.598610146002101,14.981213114523397,132.23660174746652,0.021830043838947995,0.021830043838947995,0.0,0.09179450451571293,0.23189795489077897,0.2298366583831583,3742.825993424,20.866498706,28.473261021,1338672013606912,3124621190627328,365550010819072,serial
cacheblend_wikimqa,CacheBlend WikiMQA,WS-independent-16,16,1,16384,54.400000000000006,54.400000000000006,17082.374160648,2170172.825406311,4834147278274560,282.9903637991256,2.2275402316723256,5.202028746307455,0.7266747002287366,1.3919387178015894,0.7266747002287366,1.011486650495242,127.04163982110015,0.008636180535861987,0.008636180535861987,0.0,0.06316566723366848,0.2341205359531489,0.2384351563647499,17082.374160648,47.234335999,73.163968395,2417073639137280,9345795280994304,1272363062326272,serial
epic_hotpotqa,EPIC HotpotQA,WS-independent-16,16,1,16384,54.400000000000006,54.400000000000006,8300.650902016,1081994.2616708104,2655764645675008,319.9465532311443,2.454508993027365,5.881370463807801,1.5514377927861418,3.322668118318693,1.5514377927861418,5.154912891645236,130.35053207791498,0.009763993934055916,0.009763993934055916,0.0,0.08112273226007595,0.23334640368016146,0.23275864489667947,8300.650902016,33.348742984,51.743885192,1327882322837504,5971648536641536,1272338133581824,serial
epic_multi_news,EPIC Multi-News,WS-independent-16,16,1,16384,54.400000000000006,54.400000000000006,167.039585792,30518.375846253482,643272996290560,3851.021260861916,21.078218563506223,70.79083200113816,14.196845401526224,22.806958944699947,14.196845401526222,323.78687021686085,182.70145787032413,0.11752384218938952,0.11752384218938952,0.0,0.2889127112529261,0.21496976265912138,0.1702137801495361,167.039585792,4.128111895,6.092002167,321636498145280,609837343834112,97348730912768,serial
llama2_conv,Llama-2-7B chat,WS-independent-8,8,1,16384,54.400000000000006,54.400000000000006,440.47225515,110618.65235054439,4692924726509568,10654.30267545778,42.42435273608242,195.85115212238566,99.23794164962175,66.94707220858429,99.23794164962175,6643.6896454485,251.1364814859313,0.32896191332034497,0.3251435142656794,0.003445152931331003,0.35635905799245055,0.2570579991383346,0.14316131004555155,435.359508736,70.529872477,56.147347424,2346462363254784,2765593718554624,305502057889792,serial
llama3_conv,Llama-3-8B chat,WS-independent-8,8,1,16384,54.400000000000006,54.400000000000006,754.227579569,152089.50456625278,5102928673112064,6765.767801845844,33.552142126211876,124.370731651578,56.08034932007475,38.84694579246972,56.08034932007475,2178.55029005971,201.64935450008824,0.2076623133065208,0.20647484746844005,0.0009175530088616825,0.28175963372963686,0.25331011308880896,0.1658029076956164,749.914714752,67.972421113,61.262422724,2551464336556032,3010108292333568,288819592822784,serial
llama2_70b_conv,Llama-2-70B chat,WS-independent-8,8,4,16384,54.400000000000006,217.60000000000002,15371.139902891,7799818.498289979,48356674481684480,3145.939389478172,6.199717915524077,14.457442047234244,1.5684464461228813,2.459163399991177,1.5684464461228813,3.8570660951516236,507.4326658638369,0.02403285892623151,0.02400161277372873,0.0,0.05159394062567317,0.24274350053611093,0.2401474326208233,15351.155223456,118.047963093,131.188319397,6044584310210560,7082461839491072,281636035837952,serial
phi2_conv,Phi-2 chat,WS-independent-8,8,1,16384,54.400000000000006,54.400000000000006,256.311497606,55779.31808611377,1881881820200960,7342.16700295581,33.73798541774309,134.96630520139354,14.212113679689754,9.309805244921643,14.212113679689754,132.3120104765983,217.62316012782736,0.23100127762626776,0.224065155119501,0.013382095746920201,0.2982754703693924,0.2571332888175209,0.16627015329873562,248.615401872,42.283737168,23.945474891,940940910100480,1161480827699200,197750814904320,serial
llama2_code,Llama-2-7B code,WS-independent-8,8,1,16384,54.400000000000006,54.400000000000006,757.77802491,184795.41588422577,7363985734107136,9717.866567827357,39.84939614909425,178.6372530850617,25.841027832980103,29.29779440074519,25.8410278329801,757.085120554585,243.86483879124577,0.3027689305493105,0.296565752191997,0.01827071115666671,0.35412181278049665,0.258579838358339,0.1368338087092336,742.252547328,63.852819071,93.097526956,3681992867053568,4579537327226880,702592200146944,serial
llama2_arxiv,Llama-2-7B arXiv,WS-independent-8,8,1,16384,54.400000000000006,54.400000000000006,1688.7099962882749,380463.49580761045,12215554225995776,7233.660162399188,32.10703355407541,132.97169416174978,107.8632869080749,70.77788545184067,107.8632869080749,7634.335365238752,225.29830263565432,0.22174996027510588,0.22075378913571742,0.0006040470474604033,0.31757108320029787,0.25858492212007056,0.15443683065484956,1681.123775488,216.161940453,171.106710322,6107777112997888,8407730485198848,1829882933936128,serial
gqa_decode,FlashInfer GQA,WS-independent-8,8,1,16384,54.400000000000006,54.400000000000006,0.013046368,2.207813753062841,16264091648,1246.6375046296412,7.366604916486847,22.916130599809577,3.216160696984786,2.4868467087724673,3.216160696984786,7.998098644179978,169.22822911808413,0.11602036431101287,0.03804435744109012,0.0,0.08307230841895416,0.21016923068984547,0.35662028122755945,0.004278048,0.011270968,0.000256204,8132045824,12395069440,3683488384,serial
single_kv_decode,FlashInfer MQA,WS-independent-8,8,1,16384,54.400000000000006,54.400000000000006,0.000832745,0.12931870652439031,483123200,580.1574311463894,3.73591116849657,10.664658660779217,1.4040864850584514,1.2449214614429307,1.4040864850584514,1.747977398971235,155.29208404060105,0.039506826190061496,0.017704999729809247,0.0,0.06102711141395758,0.2177314721120179,0.3404041038441846,0.000373195,0.000539069,1.119e-05,241561600,533524480,460345344,serial
cacheblend_samsum,CacheBlend SAMSum,WS-independent-8,8,1,16384,54.400000000000006,54.400000000000006,12077.980433307,1469206.6761333074,2677344027213824,221.67149897267686,1.8223059224452485,4.074843731115383,0.8052791321312764,1.9421120201821056,0.8052791321312764,1.5639422821139661,121.64340588611407,0.006765000199853,0.006764877287984523,0.0,0.023424685554947273,0.2421485246948276,0.24969536258586494,12077.760991016,61.338802082,40.101497288,1338672013606912,2376757577744384,405909082490880,serial
cacheblend_wikimqa,CacheBlend WikiMQA,WS-independent-8,8,1,16384,54.400000000000006,54.400000000000006,55942.68298848,6718051.64792463,4834147278274560,86.41250329859996,0.719575783518715,1.5884651341654403,0.2218937036848986,0.4496463764069298,0.2218937036848986,0.09977369980942766,120.08812035897607,0.0026371003203918444,0.0026371003203918444,0.0,0.015130670564689405,0.24174857950265263,0.25235408951649246,55942.68298848,173.645653894,92.315661781,2417073639137280,6947196395683840,2298434822661120,serial
epic_hotpotqa,EPIC HotpotQA,WS-independent-8,8,1,16384,54.400000000000006,54.400000000000006,63908.765070336,7624042.626112639,2655764645675008,41.55556194447125,0.3483407394102063,0.763889006332192,0.20150512218377142,0.47154875880992486,0.20150512218377145,0.09501949025959969,119.29572755351876,0.0012681753592245475,0.0012681751081686783,0.0,0.011202033475918161,0.2413748578939458,0.25349715361067526,63908.75241856,89.066393936,62.25465844,1327882322837504,5809395469385728,1389791376146432,serial
epic_multi_news,EPIC Multi-News,WS-independent-8,8,1,16384,54.400000000000006,54.400000000000006,1027.586555904,131094.19484028983,643272996290560,626.0037099499151,4.90695257005278,11.507421138785205,2.3077717023436284,5.309398679570752,2.3077717023436284,12.252880029174007,127.57484426697482,0.019104117124936378,0.019104117124936378,0.0,0.054054782182589696,0.24375960626043847,0.23922177079951915,1027.586555904,9.137748854,9.173335991,321636498145280,493091502948352,106979019128832,serial
llama2_conv,Llama-2-7B chat,Planaria-64,64,1,16384,61.727999999999994,61.727999999999994,8860.430413221,2253880.5096529154,4692924726509568,529.6497469814863,2.082153293579992,8.580380815537296,4.933344986224286,3.2857087475629294,4.347686094650745,16.209534775982856,254.37596194986315,0.016170188828309055,0.01616362753239399,0.0,0.5113412973569437,0.13614363566896276,0.11936635601718637,8856.835161088,41.659134656,191.137253159,2346462363254784,75590192626401280,3657077150758912,serial
llama3_conv,Llama-3-8B chat,Planaria-64,64,1,16384,61.727999999999994,61.727999999999994,6220.177264808,1259427.5163907032,5102928673112064,820.3831588503093,4.05178432795891,13.290292231245292,6.8000226244950275,4.69118918127237,5.99276229219365,31.900192568438424,202.47453774608437,0.025050665775585464,0.0250361071426486,0.0,0.39554800672087903,0.16215096542895074,0.15019386922846825,6216.562299904,36.925681385,81.034641508,2551464336556032,32746234749911040,3092110114586624,serial
llama2_70b_conv,Llama-2-70B chat,Planaria-64,64,4,16384,61.727999999999994,246.91199999999998,5857.208336459,7174827.406996835,48356674481684480,8255.925298180313,6.7397683231414645,33.436711452583566,4.116092235182825,2.6733783392285746,3.6274529807209976,11.003871823804692,1224.956838625004,0.06319981386922635,0.0629877113203454,0.0,0.5876950242900206,0.11890079204266259,0.09929692632649238,5837.551177024,34.835542749,170.742241189,6044584310210560,69338507222450176,2375122616811520,serial
phi2_conv,Phi-2 chat,Planaria-64,64,1,16384,61.727999999999994,61.727999999999994,720.204339382,138979.01322109852,1881881820200960,2612.983173380743,13.540762569720634,42.33059832459732,5.057909182432569,3.736496439574807,4.45746273205566,18.898859651852018,192.97164099338113,0.08036273312531839,0.07974191813295725,0.0018016875753809577,0.3612066227711057,0.1674675480442186,0.16508982006711187,714.64064544,32.2677851,7.876022608,940940910100480,3326378174840832,227596070309888,serial
llama2_code,Llama-2-7B code,Planaria-64,64,1,16384,61.727999999999994,61.727999999999994,7678.366362456,2521110.0207205745,7363985734107136,959.0563130868495,2.920929937045107,15.536811707601892,2.550251200394218,2.147505684511464,2.247499761881893,5.476678949778767,328.3393760745447,0.029274482390432986,0.029268075960902393,0.0,0.6134954612774587,0.1130528324694568,0.09215944956809925,7676.686028288,14.523885371,256.127267268,3681992867053568,101475029434236928,2361526792761344,serial
llama2_arxiv,Llama-2-7B arXiv,Planaria-64,64,1,16384,61.727999999999994,61.727999999999994,32172.164129536275,6710025.137993379,12215554225995776,379.6932707669812,1.8204930644490576,6.151070353275357,5.661720800030053,4.0131595889864,4.989593240047222,22.72138911880436,208.566172638449,0.011590051997254698,0.011587319054168127,3.170629999174706e-05,0.41293187816057736,0.15783871755309759,0.14552418137229123,32164.577908736,140.763680558,459.326360519,6107777112997888,181750757660295168,13487679888793600,serial
gqa_decode,FlashInfer GQA,Planaria-64,64,1,16384,61.727999999999994,61.727999999999994,0.019672944,2.8630440784329574,16264091648,826.7238318779334,5.6806990051308945,13.39301179169799,2.1328386844388922,1.9177121326026008,1.8796401055189826,4.090170622032634,145.53206060226458,0.02640110039893617,0.0252296091271342,0.0,0.04527321451159357,0.20352830027567523,0.3464046021504373,0.0188,0.011264,1.1332e-05,8132045824,8495235072,181822376,serial
single_kv_decode,FlashInfer MQA,Planaria-64,64,1,16384,61.727999999999994,61.727999999999994,0.000704138,0.10587945896440915,483123200,686.1200503310431,4.562954936919346,11.115215952744997,1.6605352927977188,1.5205180938105285,1.4634059086345892,2.5248739581098953,150.36748331209103,0.026699534597345212,0.02093872223910654,0.0,0.03818972054061854,0.1947709360561253,0.37526880425367604,0.00055221,0.000527256,3.74e-07,241561600,265011200,9563040,serial
cacheblend_samsum,CacheBlend SAMSum,Planaria-64,64,1,16384,61.727999999999994,61.727999999999994,4286.594854576,1413205.1660022656,2677344027213824,624.5852752694185,1.8945189924458086,10.118346216780367,2.268967777733695,2.019072682788169,1.9996087206569635,4.581210858148682,329.6801339864553,0.01906082993375911,0.01906082993375911,0.0,0.6152208052975022,0.11253167192260836,0.0916715766947953,4286.594854576,3.75920927,143.909363355,1338672013606912,57005345837678592,1179245305544960,serial
cacheblend_wikimqa,CacheBlend WikiMQA,Planaria-64,64,1,16384,61.727999999999994,61.727999999999994,4949.935283392,1423223.677763901,4834147278274560,976.6081779885221,3.3966180817548897,15.821153738797987,2.5077760438673096,2.12246860925611,2.2100670163682876,5.322675932152839,287.52369400446395,0.02980371636927863,0.02980371636927863,0.0,0.5652432453891327,0.12296876581575379,0.10522377454786334,4949.935283392,8.437558959,130.098055465,2417073639137280,52805673581543424,1280032502216640,serial
epic_hotpotqa,EPIC HotpotQA,Planaria-64,64,1,16384,61.727999999999994,61.727999999999994,5720.04299264,1743197.921967429,2655764645675008,464.2910287723693,1.5235014981417754,7.52156280411433,2.2513718044920457,2.062363540107839,1.9841016421132598,4.643147124811189,304.75259088269235,0.014169037743297405,0.014169037743297405,0.0,0.5878795301227925,0.11787229669699292,0.09920007064881382,5720.04299264,6.375882728,164.004499368,1327882322837504,67180095940329472,1521665023887360,serial
epic_multi_news,EPIC Multi-News,Planaria-64,64,1,16384,61.727999999999994,61.727999999999994,1044.380397056,371603.4224378301,643272996290560,615.9374477957265,1.7310739284113583,9.978250515094066,2.2706622817785838,1.8730488013760773,2.001102062739032,4.253061265215245,355.8123299569214,0.01879691918321919,0.01879691918321919,0.0,0.639733566584178,0.1077412377105568,0.08498945950519401,1044.380397056,1.409678103,39.439400407,321636498145280,15584553762553856,391408346906624,serial
llama2_conv,Llama-2-7B chat,Tessera-64,64,1,16384,58.288,58.288,8913.452062109274,2227858.6174903787,4692924726509568,526.4991266917788,2.106473314628923,9.032719027789234,4.90399899503236,3.324086568325586,4.576886242961852,16.30131719046924,249.94341159480913,0.016069586674029513,0.016067478231560635,0.0,0.5028153515675555,0.13841148589725438,0.12150003124655893,8912.559912704,41.659134656,191.137253159,2346462363254784,75590192626401280,3657077150758912,region_async
llama3_conv,Llama-3-8B chat,Tessera-64,64,1,16384,58.288,58.288,6259.126935652355,1250101.0839259664,5102928673112064,815.2780292800074,4.082012837782861,13.987064735108556,6.757707035486982,4.726187998280861,6.306945901909345,31.938193887016705,199.72451378247612,0.02488541009875734,0.024880310952148665,0.0,0.387346457211816,0.16424780033897798,0.1522851827341802,6257.914861568,36.925681385,81.034641508,2551464336556032,32746234749911040,3092110114586624,region_async
llama2_70b_conv,Llama-2-70B chat,Tessera-64,64,4,16384,58.288,233.152,5860.348145197789,7058186.611144793,48356674481684480,8251.502006977169,6.851147064506606,35.39108395800666,4.113886949413194,2.717557530610234,3.8394772517169535,11.17972445945699,1204.3971512048415,0.06309996468079145,0.06295396428663,0.0,0.5806634960595296,0.12091518813698382,0.10100390701704169,5846.831038784,34.835542749,170.742241189,6044584310210560,69338507222450176,2375122616811520,region_async
phi2_conv,Phi-2 chat,Tessera-64,64,1,16384,58.288,58.288,761.8398026310027,142521.09577008334,1881881820200960,2470.1804942481454,13.204233450722503,42.378885778344525,4.78148835071086,3.643633142661116,4.46254745880234,17.421989425898126,187.07488802486927,0.07567808387196079,0.0753839262160689,0.00123252373892415,0.3424841016400443,0.17160548958391644,0.17008588631374727,780.75668832,32.2677851,7.876022608,940940910100480,3326378174840832,227596070309888,region_async
llama2_code,Llama-2-7B code,Tessera-64,64,1,16384,58.288,58.288,7688.736775761066,2478969.0201406195,7363985734107136,957.7627572480155,2.97058401064222,16.43155979357699,2.5468114729394813,2.184012005309019,2.3769308284365187,5.562266832158573,322.41564413488976,0.029233500505299312,0.029228599769531724,0.0,0.6064297380876194,0.11509382623846875,0.09385608278555668,7687.52573824,14.523885371,256.127267268,3681992867053568,101475029434236928,2361526792761344,region_async
llama2_arxiv,Llama-2-7B arXiv,Tessera-64,64,1,16384,58.288,58.288,32251.65981003602,6641873.841259717,12215554225995776,378.7573817268951,1.8391728777068939,6.49803358713449,5.647765476476197,4.054338032980555,5.2710410705514885,22.89795037263199,205.9389774163781,0.011560571545838349,0.011558757987270971,3.162814854438531e-05,0.4054725695589525,0.15979919548014623,0.1474071007780726,32246.63104128,140.763680558,459.326360519,6107777112997888,181750757660295168,13487679888793600,region_async
gqa_decode,FlashInfer GQA,Tessera-64,64,1,16384,58.288,58.288,0.025911648,3.5956423956884844,16264091648,627.6749224132715,4.5232784182048205,10.768510197866997,1.6193186940483293,1.5269856568524547,1.5113048475883395,2.4726764196848476,138.76548476146652,0.019815037318521432,0.019155118481850326,0.0,0.03503802255430451,0.21148638672820874,0.3289513895926582,0.025048688,0.011264,1.1332e-05,8132045824,8495235072,181822376,region_async
single_kv_decode,FlashInfer MQA,Tessera-64,64,1,16384,58.288,58.288,0.000861916,0.12437600406123983,483123200,560.5223710895261,3.8843762801876274,9.616428271505734,1.3565660690832981,1.2943946409388176,1.266078681000059,1.7559318499008592,144.30176961703904,0.020718105885593197,0.017105785250534855,0.0,0.03159863399202084,0.20194238099113923,0.3582254361680071,0.000711636,0.000527256,3.74e-07,241561600,265011200,9563040,region_async
cacheblend_samsum,CacheBlend SAMSum,Tessera-64,64,1,16384,58.288,58.288,4268.311757888,1386673.3805122296,2677344027213824,627.2606545822225,1.9307675944747908,10.761402940265965,2.27868678600098,2.0577044212071605,2.126690933956446,4.6888638741005515,324.8763115650128,0.01914247603095162,0.01914247603095162,0.0,0.6094089643036714,0.11430919541248834,0.09302753692988633,4268.311757888,3.75920927,143.909363355,1338672013606912,57005345837678592,1179245305544960,region_async
cacheblend_wikimqa,CacheBlend WikiMQA,Tessera-64,64,1,16384,58.288,58.288,4928.779436128,1398176.2796887986,4834147278274560,980.800082641194,3.4574662354810717,16.82679252403915,2.5185401950418354,2.160491222663469,2.3505453371238656,5.441283985313027,283.6759684233693,0.029931643147009093,0.029931643147009093,0.0,0.5592340375375079,0.12474063917934834,0.10665200754856448,4928.779436128,8.437558959,130.098055465,2417073639137280,52805673581543424,1280032502216640,region_async
epic_hotpotqa,EPIC HotpotQA,Tessera-64,64,1,16384,58.288,58.288,5715.824545792,1713963.403936183,2655764645675008,464.63368922515065,1.5494873692028324,7.971343831065583,2.2530333831875162,2.0975406062936184,2.10274869690847,4.725829008570905,299.8628439702555,0.014179494910435506,0.014179494910435506,0.0,0.5811395234140658,0.11981269456900287,0.10081779371203842,5715.824545792,6.375882728,164.004499368,1327882322837504,67180095940329472,1521665023887360,region_async
epic_multi_news,EPIC Multi-News,Tessera-64,64,1,16384,58.288,58.288,1044.57503232,364959.75098469673,643272996290560,615.822680407985,1.762586133278936,10.565170882651403,2.270239190148979,1.9071454951031332,2.1188068203421713,4.329676444299211,349.3858647704048,0.01879341676049759,0.01879341676049759,0.0,0.6331125561352683,0.10971773474442895,0.08655277522361314,1044.57503232,1.409678103,39.439400407,321636498145280,15584553762553856,391408346906624,region_async
llama2_conv,Llama-2-7B chat,Planaria-32,32,1,16384,71.03999999999999,71.03999999999999,3818.216523173,1101357.1743448758,4692924726509568,1229.0881614565092,4.261037959189831,17.30135362410627,11.448161645512965,6.724062891707473,8.766610269086506,76.97815889886247,288.4480666983312,0.037544145748695544,0.03750879398976164,0.0,0.5412928072089905,0.14512934025600657,0.10605726750516721,3814.62127104,41.669327392,195.354051527,2346462363254784,39125199995535360,1836040806709248,serial
llama3_conv,Llama-3-8B chat,Planaria-32,32,1,16384,71.03999999999999,71.03999999999999,2025.138744488,528649.4053987308,5102928673112064,2519.792131280466,9.65276536963701,35.47004689302458,20.88614730432097,11.17605104470431,15.993896584389937,233.4246484003045,261.0435491581023,0.07703546503917295,0.07689795322511186,0.0,0.5000048293896231,0.15327720012902468,0.11824273587751381,2021.523779584,36.936269321,81.412559684,2551464336556032,17422888315387904,1520685277642752,serial
llama2_70b_conv,Llama-2-70B chat,Planaria-32,32,4,16384,71.03999999999999,284.15999999999997,2843.940029643,3829571.5149060767,48356674481684480,17003.40864352006,12.627176250257456,59.83744595833355,8.47725672913482,5.008661700900314,6.491592990778918,42.45971110791704,1346.5725278977852,0.13062861079946614,0.12972571291748092,0.0,0.599401148257338,0.13122160814037107,0.0910250617302484,2824.282870208,34.850108909,175.053503749,6044584310210560,37860161987018752,1199718620446720,serial
phi2_conv,Phi-2 chat,Planaria-32,32,1,16384,71.03999999999999,71.03999999999999,367.296281782,92313.95070661123,1881881820200960,5123.607053876757,20.38567091751806,72.12284704218408,9.917683140473649,5.62530997862563,7.594622224687031,55.79004193495359,251.33374685617423,0.15890786327956405,0.156360078548485,0.004418191009521751,0.47777468495302045,0.15261433103122912,0.13280887799419056,361.40738592,32.270015532,12.572744272,940940910100480,2928762721140736,124958258034688,serial
llama2_code,Llama-2-7B code,Planaria-32,32,1,16384,71.03999999999999,71.03999999999999,4060.369058648,1334629.9667301998,7363985734107136,1813.624729117396,5.517623549356278,25.52962738059398,4.822655958136039,4.056628605485769,3.693024832806878,19.563724114191036,328.69671388309655,0.05537034870314983,0.0553474343602721,0.0,0.5906410432973241,0.13432418945744234,0.09225208192307469,4058.68872448,14.525617947,256.617760228,3681992867053568,51765625357336576,1195874935123968,serial
llama2_arxiv,Llama-2-7B arXiv,Planaria-32,32,1,16384,71.03999999999999,71.03999999999999,12056.132479744276,2967191.151582763,12215554225995776,1013.223290845497,4.116874714822379,14.26271524275756,15.108477875488632,9.075384883954555,11.569555129878685,137.11525173077138,246.114677038262,0.03094059004465102,0.030921120936447048,8.460924670400086e-05,0.4749615618241921,0.1583839141502751,0.12442582487151563,12048.546258944,140.77976523,460.225719783,6107777112997888,92515235167993856,6690859848736768,serial
gqa_decode,FlashInfer GQA,Planaria-32,32,1,16384,71.03999999999999,71.03999999999999,0.014399504,2.2372876600011278,16264091648,1129.489713534577,7.269557660722002,15.89934844502502,2.9139348133102363,2.4540851243885853,2.231391523706037,7.151044078782681,155.37255033236755,0.037429527515649284,0.03446929057417533,0.0,0.056701637866274315,0.1933261294963663,0.3707962554854902,0.013260672,0.011264,1.27e-05,8132045824,8314257408,90820776,serial
single_kv_decode,FlashInfer MQA,Planaria-32,32,1,16384,71.03999999999999,71.03999999999999,0.000595018,0.09280904944268478,483123200,811.9472015972626,5.205561342359808,11.429436959420928,1.9650598805414292,1.7346544769610592,1.504775584198392,3.4086999192777543,155.97687707377725,0.03686951411638201,0.024778662158119587,0.0,0.04146032881562099,0.18868340901093883,0.39216247750203986,0.00039989,0.000527256,4.55e-07,241561600,252190720,4334688,serial
cacheblend_samsum,CacheBlend SAMSum,Planaria-32,32,1,16384,71.03999999999999,71.03999999999999,2449.491964096,785831.2603959389,2677344027213824,1093.020130891474,3.407021535214636,15.385981572233591,3.9706787137068615,3.631013538978628,3.0406098258115613,14.41758816840386,320.81397772045955,0.033356327236678286,0.033356327236678286,0.0,0.5823955309241938,0.13611902049043728,0.09428796323897118,2449.491964096,3.831643344,150.835298462,1338672013606912,30015672888852480,609899583686912,serial
cacheblend_wikimqa,CacheBlend WikiMQA,Planaria-32,32,1,16384,71.03999999999999,71.03999999999999,3443.929375344,871625.1831442984,4834147278274560,1403.6720128128923,5.546130804568851,19.75889657675806,3.6044087347592844,3.465649729287165,2.760132814905759,12.491618155858806,253.09031868786082,0.04283667031289345,0.04283667031289345,0.0,0.4928710248505395,0.15181399641442306,0.11965515888346909,3443.929375344,8.471820254,137.113771985,2417073639137280,28233142889086976,678272595722176,serial
epic_hotpotqa,EPIC HotpotQA,Planaria-32,32,1,16384,71.03999999999999,71.03999999999999,3507.930504192,962293.3991371155,2655764645675008,757.0744752501088,2.759828393353234,10.657016825029686,3.6710942530710833,3.735978902776527,2.8111983019012805,13.715130679577719,274.3194022764044,0.023104079444888573,0.023104079444888573,0.0,0.5255004104898592,0.14626663334274584,0.11030477869838368,3507.930504192,6.38224532,164.494501288,1327882322837504,33157559128948736,762106389547008,serial
epic_multi_news,EPIC Multi-News,Planaria-32,32,1,16384,71.03999999999999,71.03999999999999,538.77197824,191919.6676463243,643272996290560,1193.9614944190903,3.3517825670478136,16.80689040567413,4.401556263506389,3.626680649880525,3.3705611026850737,15.96303893021905,356.2168698403098,0.03643681318417634,0.03643681318417634,0.0,0.615220096711474,0.1305852495361497,0.08503089713992815,538.77197824,1.415666743,39.023673303,321636498145280,7742543349415936,194063727779840,serial
llama2_conv,Llama-2-7B chat,Tessera-32,32,1,16384,65.376,65.376,3961.9278070694118,1101628.1932853877,4692924726509568,1184.505360783155,4.259989672662471,18.118351700672342,11.03290167904041,6.72240865989682,9.180583873895593,74.16767379097139,278.0535756657939,0.03615890850717347,0.036148234887181246,0.0,0.5260154018728401,0.14880919645881882,0.11002279174229854,3961.052361472,41.669327392,195.354051527,2346462363254784,39125199995535360,1836040806709248,region_async
llama3_conv,Llama-3-8B chat,Tessera-32,32,1,16384,65.376,65.376,2123.1762086302074,532870.9888897893,5102928673112064,2403.44096376451,9.576292910491837,36.763352969966185,19.92173139334141,11.087510603266788,16.577064791326677,220.8824080591057,250.97822155494924,0.07339153129469564,0.07334719738050872,0.0,0.48225083036785976,0.15730274911022415,0.1229467025904759,2121.971576832,36.936269321,81.412559684,2551464336556032,17422888315387904,1520685277642752,region_async
llama2_70b_conv,Llama-2-70B chat,Tessera-32,32,4,16384,65.376,261.504,2877.924847021729,3781348.443990408,48356674481684480,16802.618918880817,12.78820907354793,64.25377401064922,8.377150563363886,5.072536546599596,6.970707761976802,42.493402389030706,1313.9149369739807,0.12880066676464036,0.1281938088903871,0.0,0.5900493867346678,0.13391691023767316,0.09329413175460273,2864.411562368,34.850108909,175.053503749,6044584310210560,37860161987018752,1199718620446720,region_async
phi2_conv,Phi-2 chat,Tessera-32,32,1,16384,65.376,65.376,449.7881689853995,100825.6857432174,1881881820200960,4183.929124783288,18.664706382396762,63.99793693072821,8.098763801646916,5.150419600406119,6.739059453157003,41.71203182306185,224.16260074304063,0.1285652350050774,0.12768338393503684,0.0023597026048821058,0.4256208557307381,0.16299085296424737,0.1463991308155378,471.465842816,32.270015532,12.572744272,940940910100480,2928762721140736,124958258034688,region_async
llama2_code,Llama-2-7B code,Tessera-32,32,1,16384,65.376,65.376,4089.20146196924,1315930.8924100178,7363985734107136,1800.8371078300593,5.596027706759441,27.545844160396157,4.788652066922131,4.114272361872119,3.9846835603365753,19.701818849559515,321.8063244495427,0.054974515524501284,0.05495718712860288,0.0,0.5822411097941708,0.1368570402223765,0.09423164119197337,4087.998482688,14.525617947,256.617760228,3681992867053568,51765625357336576,1195874935123968,region_async
llama2_arxiv,Llama-2-7B arXiv,Tessera-32,32,1,16384,65.376,65.376,12477.535946996588,2977450.3586619785,12215554225995776,979.003729413108,4.102689467335154,14.974971387253854,14.598219681187995,9.044114420426187,12.147319362711498,132.02796913118172,238.62486722618237,0.029888942335100734,0.029876822797030883,8.175174101745106e-05,0.46006386657611564,0.16186985003929788,0.12833517290182364,12472.505715968,140.77976523,460.225719783,6107777112997888,92515235167993856,6690859848736768,region_async
gqa_decode,FlashInfer GQA,Tessera-32,32,1,16384,65.376,65.376,0.024788864,3.460487333736377,16264091648,656.1047592983688,4.699942545502469,10.035865750403339,1.6926639316751264,1.5866246097363075,1.4084819793674572,2.6856222500087714,139.59846379956647,0.02094025590919922,0.02002272825007229,0.0,0.03563090733251219,0.2105145124214038,0.3318570741320214,0.023702704,0.011264,1.27e-05,8132045824,8314257408,90820776,region_async
single_kv_decode,FlashInfer MQA,Tessera-32,32,1,16384,65.376,65.376,0.000836596,0.12119705658510571,483123200,577.48686343229,3.986261825267566,8.83331594824232,1.397623225547337,1.3283460642891407,1.1629757628147201,1.8565273110148997,144.86927571385198,0.02276970762112442,0.01762350047095611,0.0,0.030858705838992643,0.20126926667329179,0.36123101620026954,0.000647516,0.000527256,4.55e-07,241561600,252190720,4334688,region_async
cacheblend_samsum,CacheBlend SAMSum,Tessera-32,32,1,16384,65.376,65.376,2444.717243136,772435.4420893505,2677344027213824,1095.1548833432444,3.4661071739172287,16.75163490184845,3.978433754881048,3.6939837174382717,3.310493090209389,14.696269511437395,315.96105613363153,0.03342147471140272,0.03342147471140272,0.0,0.575880144739717,0.13830355323369978,0.09573653238330375,2444.717243136,3.831643344,150.835298462,1338672013606912,30015672888852480,609899583686912,region_async
cacheblend_wikimqa,CacheBlend WikiMQA,Tessera-32,32,1,16384,65.376,65.376,3439.091320656,859008.7317468646,4834147278274560,1405.6466745269374,5.627588055413507,21.50095867790837,3.6094793551501803,3.5165504940339494,3.0034825764832633,12.692916409558709,249.77781967796378,0.04289693220602226,0.04289693220602226,0.0,0.48608511936223003,0.15388328224725067,0.12124253573448325,3439.091320656,8.471820254,137.113771985,2417073639137280,28233142889086976,678272595722176,region_async
epic_hotpotqa,EPIC HotpotQA,Tessera-32,32,1,16384,65.376,65.376,3509.760377856,948327.8193108853,2655764645675008,756.6797615104794,2.8004710940620234,11.574274374548448,3.6691802652290244,3.790996915043373,3.05316027943678,13.909851066221256,270.1973118433197,0.02309203373750242,0.02309203373750242,0.0,0.5182858175907172,0.14847560055992354,0.11198743599884793,3509.760377856,6.38224532,164.494501288,1327882322837504,33157559128948736,762106389547008,region_async
epic_multi_news,EPIC Multi-News,Tessera-32,32,1,16384,65.376,65.376,539.630435328,188709.71622406645,643272996290560,1192.0621117294165,3.4087963734032813,18.23394076923361,4.394554161835936,3.6883704713857215,3.6567508933534465,16.208743805420898,349.7017660046626,0.03637884862455495,0.03637884862455495,0.0,0.6081399538276836,0.13293609169440906,0.08661478989005932,539.630435328,1.415666743,39.023673303,321636498145280,7742543349415936,194063727779840,region_async
llama2_conv,Llama-2-7B chat,Planaria-16,16,1,16384,86.464,86.464,1886.213625253,581796.2703928372,4692924726509568,2488.0133743494193,8.066268151462776,28.775136176321006,23.174236136158715,12.728845617260168,14.580385429855596,294.98127407509605,308.44664814400346,0.0760731431398132,0.07592814252775328,0.0,0.5273580794884333,0.17486820751544432,0.1005356776251778,1882.61837312,41.93510864,195.557877095,2346462363254784,20161694139416576,906607246129152,serial
llama3_conv,Llama-3-8B chat,Planaria-16,16,1,16384,86.464,86.464,895.695738536,275654.3079539824,5102928673112064,5697.167524155822,18.512058494525487,65.89063106212785,47.22289535305629,21.433413405877594,29.710926017837046,1012.1478383245515,307.7544037493522,0.17456830037258614,0.17386375500963813,0.0,0.5314380002201886,0.1686720988801568,0.10311533184823432,892.080773632,37.264446921,80.820028004,2551464336556032,9701647261368320,736462030143488,serial
llama2_70b_conv,Llama-2-70B chat,Planaria-16,16,4,16384,86.464,345.856,1679.257595595,2243777.655523694,48356674481684480,28796.46017891054,21.551455583239647,83.2614156727382,14.356826383747686,8.54854228998552,9.032792321380855,122.72993749144699,1336.172402262484,0.22230179011861365,0.2196995558083385,0.0,0.5657746639524135,0.15954013381817994,0.09274622251388262,1659.60043616,35.889431229,170.294850869,6044584310210560,21051379459031040,572192200089600,serial
phi2_conv,Phi-2 chat,Planaria-16,16,1,16384,86.464,86.464,363.83623406,112394.21528233337,1881881820200960,5172.332065999287,16.74358253646496,59.82064288026562,10.011999356796553,4.620296398456013,6.299185383624775,46.25840456955103,308.91429923881225,0.16157492376113852,0.1578470479125759,0.011346759133723868,0.5272982540210106,0.16802579440274135,0.10834627555358439,355.441761216,32.41598366,34.158272784,940940910100480,3917088557629440,98226521917440,serial
llama2_code,Llama-2-7B code,Planaria-16,16,1,16384,86.464,86.464,2132.138638168,726311.8345819314,7363985734107136,3453.802488394705,10.13887614587181,39.94497696607496,9.184094637366199,7.454233626652428,5.778297884353272,68.46038707621337,340.6494406977218,0.10548481964188679,0.10540168726790482,0.0,0.5637802956744915,0.16734121110021835,0.08939973533534193,2130.458304,15.055482139,256.270632644,3681992867053568,26937978374848512,611477857382400,serial
llama2_arxiv,Llama-2-7B arXiv,Planaria-16,16,1,16384,86.464,86.464,5353.515121408275,1488938.0852497553,12215554225995776,2281.7819598840324,8.204205632866683,26.38996530213768,34.02433853334492,18.085642372671888,21.40687472490243,615.3520186807957,278.12344814262536,0.06973327505152606,0.06963445922497656,0.00019054028318621203,0.4897992001513989,0.1805737278909792,0.11207696364444311,5345.928900608,141.550466062,460.290377319,6107777112997888,47946809842073600,3287006188085248,serial
gqa_decode,FlashInfer GQA,Planaria-16,16,1,16384,86.464,86.464,0.01200368,1.9527857146292646,16264091648,1354.9254601922078,8.32866172983436,15.670399937456141,3.495529370992896,2.8116215334099173,2.1992597818978252,9.82810565015045,162.68225366131594,0.04731105795553678,0.04134904358496728,0.0,0.06419580192054476,0.1867468664994494,0.38689792123770284,0.010491008,0.011264,1.3288e-05,8132045824,8221900800,44715560,serial
single_kv_decode,FlashInfer MQA,Planaria-16,16,1,16384,86.464,86.464,0.000551206,0.08754826068153378,483123200,876.4839279688537,5.518364342581433,10.136981032208244,2.1212504943705257,1.8388901374509068,1.3346135604847869,3.90074661316082,158.83038406971943,0.04554335402959256,0.026748166747096368,0.0,0.042803468589291044,0.18595274578705376,0.4003386132926,0.00032373,0.000527256,5.56e-07,241561600,246661120,2079648,serial
cacheblend_samsum,CacheBlend SAMSum,Planaria-16,16,1,16384,86.464,86.464,1554.546774432,444465.3249606957,2677344027213824,1722.2666253912312,6.02374105887919,19.91888676664544,6.256579577533611,6.419767270039836,3.936412021394204,40.165784794249944,285.91312417929294,0.052559406292457006,0.052559406292457006,0.0,0.5043924383518764,0.17753366884391703,0.10592915267864032,1554.546774432,3.945001369,145.670493591,1338672013606912,14715181136478208,292394415083776,serial
cacheblend_wikimqa,CacheBlend WikiMQA,Planaria-16,16,1,16384,86.464,86.464,2782.561782352,605401.7421261935,4834147278274560,1737.300968098695,7.98502373200456,20.092766562947528,4.461115365385151,4.989657891295349,2.806771325371857,22.259439486872953,217.56991918952792,0.053018218020590056,0.053018218020590056,0.0,0.3958702246897817,0.18956800393278025,0.13931947577819345,2782.561782352,8.870181367,146.874549054,2417073639137280,15782829932609536,376970514879424,serial
epic_hotpotqa,EPIC HotpotQA,Planaria-16,16,1,16384,86.464,86.464,2709.935808512,618514.9602164689,2655764645675008,980.0101675224782,4.293775925396435,11.334314483744429,4.752121239795401,5.812483235974039,2.9898616238535096,27.621625041626935,228.2397089531392,0.02990753685066157,0.02990753685066157,0.0,0.414759926417091,0.18943339022228808,0.13266729422645288,2709.935808512,6.415615336,167.213713,1327882322837504,16827307654119424,385419130398720,serial
epic_multi_news,EPIC Multi-News,Planaria-16,16,1,16384,86.464,86.464,333.5613824,116452.07503243735,643272996290560,1928.4996112624335,5.523929016390463,22.304075814933775,7.109441621692955,5.976976750225776,4.4730017605026005,42.49296727994624,349.11737742107806,0.05885313755073345,0.05885313755073345,0.0,0.5666749886233577,0.17067353632323867,0.0869387421875916,333.5613824,1.417192311,43.501563511,321636498145280,4327675317452800,105269281366016,serial
llama2_conv,Llama-2-7B chat,Tessera-16,16,1,16384,79.536,79.536,2079.160666562129,595986.3942262032,4692924726509568,2257.1246185939403,7.874214532367992,28.378653925190356,21.02365664079709,12.425778471240447,14.379487543494289,261.2353000739677,286.647589967956,0.06892074412637049,0.0688819768858014,0.0,0.5004322803181539,0.1799401289092753,0.10801773850882557,2078.329843456,41.93510864,195.557877095,2346462363254784,20161694139416576,906607246129152,region_async
llama3_conv,Llama-3-8B chat,Tessera-16,16,1,16384,79.536,79.536,1021.7451516436427,286476.4953616068,5102928673112064,4994.326290565878,17.812730732658746,62.793279654067064,41.39715863688892,20.62372597804618,28.31429075948951,853.7636559969048,280.3795984749846,0.15260634011173965,0.15241474275408562,0.0,0.49731245554951,0.1748390233128441,0.11259404603994537,1020.536607232,37.264446921,80.820028004,2551464336556032,9701647261368320,736462030143488,region_async
llama2_70b_conv,Llama-2-70B chat,Tessera-16,16,4,16384,79.536,318.144,1730.672155661759,2232598.9811410694,48356674481684480,27940.9790719111,21.659364216393953,87.82494427652604,13.930315845596123,8.591345037596291,9.527876458464458,119.68014991221122,1290.0184323398837,0.21485612946872826,0.21317275292900925,0.0,0.5527319734984928,0.1629654152594498,0.09603347615727556,1717.159602688,35.889431229,170.294850869,6044584310210560,21051379459031040,572192200089600,region_async
phi2_conv,Phi-2 chat,Tessera-16,16,1,16384,79.536,79.536,469.65750114854234,123244.11331471034,1881881820200960,4006.9238021299316,15.26954732024787,50.37874424323491,7.756137467153719,4.213544761770557,5.304942142088644,32.6808323962979,262.41274335727246,0.1236251719767209,0.12228161017242223,0.0065610572863509,0.46797447209296417,0.17762564805335054,0.12479284634702502,487.194895488,32.41598366,34.158272784,940940910100480,3917088557629440,98226521917440,region_async
llama2_code,Llama-2-7B code,Tessera-16,16,1,16384,79.536,79.536,2174.119305237897,719783.6267029793,7363985734107136,3387.112067109561,10.23083251815327,42.585899053379116,9.006756430405423,7.521841147701448,6.160324253345089,67.74739112554812,331.06905631575677,0.10342777530800491,0.10336645712614627,0.0,0.5529532434118052,0.17051989155771347,0.09198548676322214,2172.935503616,15.055482139,256.270632644,3681992867053568,26937978374848512,611477857382400,region_async
llama2_arxiv,Llama-2-7B arXiv,Tessera-16,16,1,16384,79.536,79.536,5966.030841275572,1540778.6382818117,12215554225995776,2047.517780411611,7.928169512797675,25.743283298275134,30.531154745963665,17.477138542696135,20.882302582232242,533.5972213637017,258.25857748204066,0.06253831912972337,0.062485283826037935,0.00017097804460171147,0.460082575172967,0.18583062196068853,0.120438965446712,5961.03302784,141.550466062,460.290377319,6107777112997888,47946809842073600,3287006188085248,region_async
gqa_decode,FlashInfer GQA,Tessera-16,16,1,16384,79.536,79.536,0.024340416,3.4051052496412453,16264091648,668.192838117475,4.776384415639884,8.40113707148304,1.7238495841648722,1.6124301491019644,1.179056243444089,2.779587042024324,139.8951131172633,0.021437002212542265,0.020391627139815523,0.0,0.03580819022163879,0.21030398549950735,0.33277400884767083,0.023153456,0.011264,1.3288e-05,8132045824,8221900800,44715560,region_async
single_kv_decode,FlashInfer MQA,Tessera-16,16,1,16384,79.536,79.536,0.000826468,0.11991652876387626,483123200,584.56370966571,4.028829094538771,7.34967448282174,1.4147504803573763,1.3425307985295076,0.9676426540364272,1.899346092114193,145.09518670278374,0.02378469197462751,0.017839468678763123,0.0,0.030504388981543267,0.20114903495828998,0.36232554483192125,0.000619884,0.000527256,5.56e-07,241561600,246661120,2079648,region_async
cacheblend_samsum,CacheBlend SAMSum,Tessera-16,16,1,16384,79.536,79.536,1559.819168672,438799.0618623273,2677344027213824,1716.4451373509296,6.101526324716341,21.580732465184692,6.2354315144829595,6.502666468201188,4.264829440603916,40.54693142399329,281.3140591392478,0.05238174857638335,0.05238174857638335,0.0,0.496580965291252,0.18016735254550717,0.10765975634123393,1559.819168672,3.945001369,145.670493591,1338672013606912,14715181136478208,292394415083776,region_async
cacheblend_wikimqa,CacheBlend WikiMQA,Tessera-16,16,1,16384,79.536,79.536,2790.724377744,599657.8469258923,4834147278274560,1732.2195329738897,8.061509247409182,21.77906272598433,4.448067040005879,5.037451932780639,3.0423311076282413,22.40692390781547,214.8753390725927,0.052863144927181686,0.052863144927181686,0.0,0.38847946176192844,0.19177477426417738,0.14106489075494236,2790.724377744,8.870181367,146.874549054,2417073639137280,15782829932609536,376970514879424,region_async
epic_hotpotqa,EPIC HotpotQA,Tessera-16,16,1,16384,79.536,79.536,2718.64946688,612351.4809585384,2655764645675008,976.8690954935207,4.336993913230737,12.282099872932015,4.736890015059976,5.87098741368243,3.2398764939054354,27.810221658415095,225.2410575245254,0.029811678939621604,0.029811678939621604,0.0,0.4071880333186111,0.19175360670102723,0.13443220006362505,2718.64946688,6.415615336,167.213713,1327882322837504,16827307654119424,385419130398720,region_async
epic_multi_news,EPIC Multi-News,Tessera-16,16,1,16384,79.536,79.536,335.930315264,114879.83567188832,643272996290560,1914.9001059491352,5.599529217014472,24.075891495035396,7.059306849280165,6.058777338195202,4.828332988845818,42.77076836178484,341.9751967952248,0.05843811358487351,0.05843811358487351,0.0,0.5583233695958674,0.17359316532391753,0.08875128245381592,335.930315264,1.417192311,43.501563511,321636498145280,4327675317452800,105269281366016,region_async
llama2_conv,Llama-2-7B chat,Planaria-8,8,1,16384,119.984,119.984,1231.34923579,360451.8259235334,4692924726509568,3811.205294246775,13.01956153082473,31.76427935597059,35.49891345553876,20.54531111766155,16.094986764746206,729.3362212829858,292.7291587526567,0.11669506361447887,0.11630875531758955,4.305776416548825e-05,0.45216988033952177,0.2289018684951064,0.10747907855689297,1227.272967168,42.452580032,197.698780839,2346462363254784,10734640664936448,445029649741824,serial
llama3_conv,Llama-3-8B chat,Planaria-8,8,1,16384,119.984,119.984,544.835995633,175604.96377345955,5102928673112064,9365.990342072373,29.059136845898813,78.06032756094457,77.63317120764424,33.64490736782777,35.198397400452116,2611.960853951904,322.30793336155887,0.28845407435538684,0.2858273419821891,0.0019712099230011853,0.5038577614929728,0.2031817503494923,0.10170593641768153,539.874587648,37.930820841,81.346359044,2551464336556032,5899836517777408,347343111700480,serial
llama2_70b_conv,Llama-2-70B chat,Planaria-8,8,4,16384,119.984,479.936,1204.04389231,1530804.7722520786,48356674481684480,40161.8867804815,31.58905391348072,83.68175502667336,20.02319841288627,12.530028992103448,9.078393733006177,250.8912566281047,1271.3861861922462,0.311528476426724,0.30641087936768724,0.0,0.511512347425707,0.1962291838739639,0.09867841779890857,1184.264604224,38.061544349,171.280217109,6044584310210560,13080401518526464,274434479165440,serial
phi2_conv,Phi-2 chat,Planaria-8,8,1,16384,119.984,119.984,200.587771276,52178.82402074077,1881881820200960,9381.837228808792,36.06600676651745,78.19240256041468,18.160270280762855,9.952209499199103,8.233753694438422,180.73481439623126,260.12963646196056,0.30306080361475835,0.28631095058620587,0.029514538928965852,0.4331176410235919,0.1951004585569203,0.13933682042526083,189.50149536,32.82552734,17.024303696,940940910100480,1517715727974400,40721398108160,serial
llama2_code,Llama-2-7B code,Planaria-8,8,1,16384,119.984,119.984,1486.795229624,460977.4299247817,7363985734107136,4952.92531707237,15.974720791229903,41.27988162648661,13.170450538687893,11.744822521266766,5.971400430929303,154.68460410201155,310.04769233848003,0.15133403858506356,0.1511512853110464,0.0,0.47789807362763154,0.22307209904225206,0.09868206422341683,1484.999753216,16.111682747,256.96745258,3681992867053568,14539183045476352,316387235442688,serial
llama2_arxiv,Llama-2-7B arXiv,Planaria-8,8,1,16384,119.984,119.984,3349.3474722882747,909746.9055278949,12215554225995776,3647.1445041353404,13.427420474607176,30.396923790966632,54.38367095120516,29.59988273799326,24.657218460341056,1609.7502830172834,271.61914762649445,0.11164880452194693,0.11130201733811464,0.00030455493068860237,0.42779392353983137,0.2289213210508447,0.11696690013403721,3338.944219136,143.055822926,461.933237319,6107777112997888,25658154574413824,1580790583631872,serial
gqa_decode,FlashInfer GQA,Planaria-8,8,1,16384,119.984,119.984,0.011403072,1.8816778519059392,16264091648,1426.2903582473214,8.643398566617664,11.887337963789516,3.679641415927217,2.917871600511017,1.668326552093951,10.736721187598171,165.01499349525628,0.0545059405287137,0.04352692743674687,0.0,0.06601294551159878,0.1852198535380473,0.3917151641868953,0.009106176,0.011264,1.736e-05,8132045824,8173699072,20746024,serial
single_kv_decode,FlashInfer MQA,Planaria-8,8,1,16384,119.984,119.984,0.000532812,0.08535560722739141,483123200,906.7423406379736,5.660122582373958,7.557193797822824,2.194481355525026,1.8861283792330603,0.994964209732643,4.139073562353587,160.19835744576213,0.05161473831612113,0.02767158021966472,0.0,0.04326692331029568,0.1850707138426886,0.40389865120501567,0.00028565,0.000527256,7.32e-07,241561600,243927040,964656,serial
cacheblend_samsum,CacheBlend SAMSum,Planaria-8,8,1,16384,119.984,119.984,1181.255760752,291958.50489867374,2677344027213824,2266.523572769201,9.170289552424633,18.89021513509469,8.233733899456483,9.77318316806895,3.733123784258174,80.46978955652682,247.15943371383844,0.06916881020413823,0.06916881020413823,0.0,0.3966432847835518,0.2329726797095168,0.12268884816464376,1181.255760752,4.131967558,146.446852622,1338672013606912,7611362987245568,153484745308928,serial
cacheblend_wikimqa,CacheBlend WikiMQA,Planaria-8,8,1,16384,119.984,119.984,2443.605782,446882.19182027184,4834147278274560,1978.2844327361147,10.817498138790837,16.4879019930667,5.079922962133505,6.759606078057379,2.303205503567665,34.33827813090088,182.87818563537505,0.06037244972949569,0.06037244972949569,0.0,0.2774587575183452,0.2288607962525757,0.16589887842093665,2443.605782,9.531768412,136.997837013,2417073639137280,8203849019588608,199123972573632,serial
epic_hotpotqa,EPIC HotpotQA,Planaria-8,8,1,16384,119.984,119.984,2212.73261056,432162.3155774598,2655764645675008,1200.2194178368823,6.145294371922151,10.003162236938946,5.819927564972634,8.318883224821569,2.6387189919865257,48.41529778992748,195.30706670793262,0.03662778985097907,0.03662778985097907,0.0,0.29945169267989735,0.23658609175334674,0.15515053185950706,2212.73261056,6.49971012,166.644102472,1327882322837504,8495835165753344,192310462146560,serial
epic_multi_news,EPIC Multi-News,Planaria-8,8,1,16384,119.984,119.984,192.903103488,62926.4326302338,643272996290560,3334.6949046393975,10.222619802246527,27.792829915983777,12.293400845007769,11.061032953741742,5.573751549943514,135.97771186018753,326.20746630003435,0.10176681227537224,0.10176681227537224,0.0,0.4811234928114242,0.2332764173671256,0.09342500912634014,192.903103488,1.442033495,39.068876375,321636498145280,1988198118981632,44761057239040,serial
llama2_conv,Llama-2-7B chat,Tessera-8,8,1,16384,107.776,107.776,1459.751887221385,382836.0298514354,4692924726509568,3214.878341717699,12.25831520698488,29.82926014806357,29.94451340498506,19.344038515397877,15.114510922943767,579.2478206308789,262.2610275093789,0.09818896687593182,0.09811030095574033,0.0,0.41389050589932036,0.2325164482421737,0.11936769314038885,1458.901065984,42.452580032,197.698780839,2346462363254784,10734640664936448,445029649741824,region_async
llama3_conv,Llama-3-8B chat,Tessera-8,8,1,16384,107.776,107.776,685.8808045372534,189814.72632447124,5102928673112064,7439.9642610714,26.88373432306335,69.0317349045372,61.66865415864927,31.126208455445326,31.127289806919173,1919.5113845088822,276.74593758682965,0.22749498413242442,0.22704969058445434,8.583799489726387e-05,0.4535079237284969,0.20916469877427585,0.11663389688317555,684.612979712,37.930820841,81.346359044,2551464336556032,5899836517777408,347343111700480,region_async
llama2_70b_conv,Llama-2-70B chat,Tessera-8,8,4,16384,107.776,431.104,1271.627958957768,1540938.3744002855,48356674481684480,38027.37596404991,31.38131627133,88.20928584297505,18.95901201583102,12.44762833882561,9.569572573311385,235.99473524439347,1211.7839683733011,0.29325287334001876,0.2901258542179101,0.0,0.4940042574413758,0.19997517803505618,0.10338970325866009,1258.116200064,38.061544349,171.280217109,6044584310210560,13080401518526464,274434479165440,region_async
phi2_conv,Phi-2 chat,Tessera-8,8,1,16384,107.776,107.776,317.01936158851765,65298.45226178304,1881881820200960,5936.173143404378,28.819700238168757,55.07880366133813,11.49055415144063,7.952632414538562,5.799864031309108,91.3801534057574,205.9762278700776,0.1843108346847253,0.18115762766736995,0.010355137003464654,0.33769655955143996,0.2064230133531116,0.16516459863497573,332.589961216,32.82552734,17.024303696,940940910100480,1517715727974400,40721398108160,region_async
llama2_code,Llama-2-7B code,Tessera-8,8,1,16384,107.776,107.776,1543.3359961771646,461463.3906001072,7363985734107136,4771.472804591931,15.957898035054713,44.27212741790316,12.687945516351546,11.732454212100158,6.404248033787895,148.860739816216,299.0038408636549,0.14573550803405377,0.14561379408544708,0.0,0.46403157471290357,0.22631451683502266,0.10230103139269299,1542.140089088,16.111682747,256.96745258,3681992867053568,14539183045476352,316387235442688,region_async
llama2_arxiv,Llama-2-7B arXiv,Tessera-8,8,1,16384,107.776,107.776,4094.6765646285567,986765.5399296125,12215554225995776,2983.2769531832105,12.379388752131666,27.68034583936322,44.48454180915258,27.289564374936283,22.45359889416847,1213.963767390414,240.98741972777177,0.09115502040630578,0.0910423874872806,0.0002491186473887797,0.3834243766128725,0.23256253713366376,0.13086644991970847,4089.658780416,143.055822926,461.933237319,6107777112997888,25658154574413824,1580790583631872,region_async
gqa_decode,FlashInfer GQA,Tessera-8,8,1,16384,107.776,107.776,0.02434208,3.405612466077347,16264091648,668.1471611300267,4.7756730426622225,6.199405815116786,1.7237317435486204,1.612190001086934,0.8700546211498381,2.7789830815052334,139.90638704980623,0.021462155998014383,0.020390233188782553,0.0,0.03559295922862538,0.21056750420082965,0.3327386716350524,0.02312632,0.011264,1.736e-05,8132045824,8173699072,20746024,region_async
single_kv_decode,FlashInfer MQA,Tessera-8,8,1,16384,107.776,107.776,0.000826468,0.11992002235674383,483123200,584.56370966571,4.028711723908639,5.423876462901852,1.4147504803573763,1.3424916869955863,0.7140961450734976,1.8992907590527903,145.09941383906434,0.023976540190332463,0.017839468678763123,0.0,0.0301653886086089,0.20148477444614554,0.36231498931404954,0.000614924,0.000527256,7.32e-07,241561600,243927040,964656,region_async
cacheblend_samsum,CacheBlend SAMSum,Tessera-8,8,1,16384,107.776,107.776,1199.501698544,290854.51927307696,2677344027213824,2232.0468828545086,9.205096877659734,20.71005495522666,8.10848839400391,9.810278874062579,4.0927643318903355,79.54653239227815,242.47945594918878,0.0681166651261752,0.0681166651261752,0.0,0.38698515029432046,0.2356360380219656,0.12504836642075928,1199.501698544,4.131967558,146.446852622,1338672013606912,7611362987245568,153484745308928,region_async
cacheblend_wikimqa,CacheBlend WikiMQA,Tessera-8,8,1,16384,107.776,107.776,2464.760055856,445891.7805184407,4834147278274560,1961.3054288141177,10.841525880234599,18.197979409275888,5.036323553236467,6.774620461699639,2.5420873041870533,34.1191805954956,180.90676999533918,0.059854291650821456,0.059854291650821456,0.0,0.27027947803897817,0.23071721463579128,0.16769958554245495,2464.760055856,9.531768412,136.997837013,2417073639137280,8203849019588608,199123972573632,region_async
epic_hotpotqa,EPIC HotpotQA,Tessera-8,8,1,16384,107.776,107.776,2231.924072448,430794.149882198,2655764645675008,1189.8991898779668,6.164811305820274,11.040483872828522,5.769884232659995,8.345303292629364,2.9123524927321833,48.15143388490771,193.01469758767288,0.03631284148797507,0.03631284148797507,0.0,0.29198158209181346,0.2386137011930672,0.15698813714511406,2231.924072448,6.49971012,166.644102472,1327882322837504,8495835165753344,192310462146560,region_async
epic_multi_news,EPIC Multi-News,Tessera-8,8,1,16384,107.776,107.776,197.369434112,62615.28960117503,643272996290560,3259.2331187691702,10.273417249809995,30.24080610496929,12.015209883402193,11.115996578755169,6.064684323569992,133.56103195692407,317.24917225857337,0.09946390132962556,0.09946390132962556,0.0,0.4699599207624868,0.23666570111476687,0.09604303367535576,197.369434112,1.442033495,39.068876375,321636498145280,1988198118981632,44761057239040,region_async
