policy,workload_id,workload,architecture,seconds,energy_kJ,sa_dynamic_kJ,sram_dynamic_kJ,hbm_dynamic_kJ,other_dynamic_kJ,all_static_kJ,sram_static_kJ,sram_dynamic_pct,all_static_pct,sram_TB,hbm_TB,charged_to_useful_macs,efficiency_GOPS_W
native_tail,llama2_conv,Llama-2-7B chat,WS,43711.559954853,7405.5949065281775,2198.892408554604,62.01703278625904,1.599439212981516,3.48353454607942,5139.602491428254,1245.1899260467444,0.8374348525543815,69.40161535027515,25815.384764366303,108.7575440734,63.222272574526244,0.633699896597458
native_tail,llama3_conv,Llama-3-8B chat,WS,42297.346129064,5908.2127394887975,898.4558687425999,33.58649320613234,1.4152878295132223,1.4488501900823043,4973.30623952047,1204.9039053472443,0.5684712905080392,84.17615375086817,13980.808272307266,95.083644093532,23.785198971877143,0.8637009021367078
native_tail,llama2_70b_conv,Llama-2-70B chat,WS,24108.809753547,19181.02817756886,7623.759070702777,201.07831422894853,5.23874428532465,12.47084125870034,11338.48120709311,2747.103701181086,1.0483187468756152,59.11300010680776,83701.42550161795,306.56003761192,21.306385621848875,2.5210679028267577
native_tail,phi2_conv,Phi-2 chat,WS,3642.728141388,519.2945880762546,86.35063288609194,3.2631352663465125,1.2396732554585415,0.145126415037135,428.2960202533206,103.76862298367091,0.6283784466991875,82.47650372016363,1358.321877946618,80.809160050648,6.228519323801447,3.623919569761854
native_tail,llama2_code,Llama-2-7B code,WS,19581.76303292,5414.098100776248,3034.508680627623,71.86732695141086,0.5482858300552537,4.776763485430461,2302.3970438817287,557.8161495039277,1.327410874603599,42.52595725134019,29915.695961001496,39.145971851092,55.608753003180205,1.3601500373721194
native_tail,llama2_arxiv,Llama-2-7B arXiv,WS,182149.81083417629,26928.40172487792,5324.412130824153,172.93961519154448,5.419123053976737,8.414085040687935,21417.216770767558,5188.820782320955,0.6422201249017073,79.5339322013351,71988.3313759629,381.175315729008,58.81564683828533,0.45363086717138446
native_tail,gqa_decode,FlashInfer GQA,WS,0.041959216,0.005490494365386915,0.00013147810278963708,2.2609782074059745e-05,0.00042437640256288626,8.761800583529405e-08,0.004911942459954512,0.0011952717569901929,0.41179865726838677,89.46266279627386,0.009411611576,0.004189371568,1.0903800829344663,2.9622271813139127
native_tail,single_kv_decode,FlashInfer MQA,WS,0.001169246,0.00016099163311825347,4.370456521037673e-06,5.884825981215689e-07,1.9464083071525697e-05,2.480549647058823e-09,0.00013656613037792142,3.3307741516756266e-05,0.3655361379490509,84.82809182860409,0.000244963424,0.00010174816,1.2201780415430268,3.0009211698916722
native_tail,cacheblend_samsum,CacheBlend SAMSum,WS,9726.145601232,2853.363945850294,1667.7390130724177,39.22834544583501,0.14468004709300028,2.6546460499410625,1143.5972612350072,277.06397425364025,1.3748104409493782,40.07891327351227,16329.30157822848,10.46696055552,84.03691364226162,0.9383114380160094
native_tail,cacheblend_wikimqa,CacheBlend WikiMQA,WS,12413.329122384,3020.747580003913,1522.4821703981513,36.04264835049017,0.31629401355403336,2.3673850768103577,1459.5390821649137,353.61246287846245,1.1931698162758597,48.31714810686112,15003.214331479872,22.882622335104,42.51471629211678,1.6003148724754743
native_tail,epic_hotpotqa,EPIC HotpotQA,WS,12877.943514112,3595.1078374573754,2032.2487547906628,45.407385595786316,0.24639288602115625,3.016171497580279,1514.1891326873233,366.8477068430692,1.2630326446035203,42.11804488619254,18901.406236882944,17.825928992768,103.22741274993308,0.7387162682589479
native_tail,epic_multi_news,EPIC Multi-News,WS,2371.435175424,696.0313449844257,406.59391081722737,9.900703719528964,0.054497734729070484,0.6498396608816134,278.8323930520585,67.55391923236547,1.4224508408813832,40.06032128600438,4121.294819739648,3.942656230912,85.26931023615573,0.9242011885326139
native_tail,llama2_conv,Llama-2-7B chat,WS-independent-8,440.47225515,110.6186523505444,39.419958748034375,15.94682552761652,2.6548445340934594,1.0106565312504843,51.58636700954955,12.488583912993455,14.416036706975884,46.63442006694785,6727.505257176544,189.96775351724,1.1786226627212812,42.42435273608242
native_tail,llama3_conv,Llama-3-8B chat,WS-independent-8,754.227579569,152.08950456625277,42.85268310070932,17.111046503377626,2.562761433061873,1.101073944304214,88.46193958479975,21.414763097920797,11.250642542479822,58.164394602432424,7220.479062926402,182.45267367638,1.1797571493382557,33.552142126211876
native_tail,llama2_70b_conv,Llama-2-70B chat,WS-independent-8,15371.139902891,7799.818498289979,402.4233724918005,142.60374978741334,17.88009512844981,9.544498507704173,7227.366782374611,1750.7514960338083,1.828295745839183,92.66070465561639,60313.1895629576,1244.162989549968,1.1717037063288738,6.199717915524077
native_tail,phi2_conv,Phi-2 chat,WS-independent-8,256.311497606,55.779318086113776,16.63760233901954,7.043479386408241,1.5831826835385516,0.43311993458139936,30.081933742566036,7.2992401210728195,12.627403181111516,53.93026443264267,2966.746355227898,108.853772162008,1.234382324364204,33.73798541774309
native_tail,llama2_code,Llama-2-7B code,WS-independent-8,757.77802491,184.79541588422578,65.44008766644782,26.19956860962892,2.4229560387287403,1.6801071099887444,89.05269645943154,21.58480015907621,14.177607428337364,48.189883949947664,11044.124453350934,178.00566174498,1.2437659421354479,39.84939614909425
native_tail,llama2_arxiv,Llama-2-7B arXiv,WS-independent-8,1688.7099962882749,380.46349580761046,120.82420448179484,50.44833603723216,8.131606041191148,3.1053157861293452,197.95403346126292,47.933787395708585,13.259704700485232,52.02970472661658,21219.829883874067,593.351609059952,1.3765614444748575,32.10703355407541
native_tail,gqa_decode,FlashInfer GQA,WS-independent-8,0.013046368,0.0022078137530628407,0.000183408185026045,9.236898481802058e-05,0.00041236717487430136,4.586438359272233e-06,0.0015150829699852003,0.0003716455331696571,4.183730837344389,68.62367660693147,0.038449773816,0.00425961592,1.524225232895097,7.366604916486847
native_tail,single_kv_decode,FlashInfer MQA,WS-independent-8,0.000832745,0.00012931870652439033,7.891947110972851e-06,4.436081562176019e-06,1.9750587875392682e-05,1.98132735194373e-07,9.704195724065453e-05,2.37206707810015e-05,3.4303479221231976,75.0409278354109,0.001847320416,0.000140412096,2.2086477320898688,3.73591116849657
native_tail,cacheblend_samsum,CacheBlend SAMSum,WS-independent-8,12077.980433307,1469.2066761333074,34.41570440365198,11.745331430534772,2.3301321457862465,0.7296431254688635,1419.985865027867,344.02089766693695,0.7994335733245108,96.64983750039981,4934.841907134208,171.748469561856,1.7754592264467073,1.8223059224452485
native_tail,cacheblend_wikimqa,CacheBlend WikiMQA,WS-independent-8,55942.68298848,6718.05164792463,101.64862632131634,30.526585612336486,6.65584645438058,1.6933850443906047,6577.527204492215,1593.5528572988976,0.4543964115215889,97.90825598258348,12779.71335238496,486.20765188992,2.8742179316321885,0.719575783518715
native_tail,epic_hotpotqa,EPIC HotpotQA,WS-independent-8,63908.765070336,7624.042626112639,85.4047807195408,19.746653822580782,3.425085722471107,1.1466145079546697,7514.319491340103,1820.505551632743,0.25900502910290313,98.56082737002637,8259.99635258368,249.38572770304,4.374932454083612,0.3483407394102063
native_tail,epic_multi_news,EPIC Multi-News,WS-independent-8,1027.586555904,131.09419484028982,7.086268147493841,2.69240879079609,0.3501137511792984,0.16595956930899716,120.7994445815116,29.263060526502162,2.053797114415488,92.14705863114673,1132.91306466304,25.585044739584,1.5330707360382574,4.90695257005278
native_tail,llama2_conv,Llama-2-7B chat,Tessera-8,1459.751887221385,382.8360298514354,158.4521980716979,47.7551699571409,1.6349944284002076,3.6991470119829675,171.29452038221342,41.26050396304964,12.474053180332302,44.74357349507739,20105.140428701154,111.3514712414,4.574819026735379,12.25831520698488
native_tail,llama3_conv,Llama-3-8B chat,Tessera-8,685.8808045372534,189.81472632447122,86.08248242850382,20.281078277145696,1.457207919864326,1.5201912796207806,80.47376641933663,19.421461777433944,10.684670610054255,42.39595524415421,8539.640238384194,98.336283591772,2.3123335228510427,26.88373432306335
native_tail,llama2_70b_conv,Llama-2-70B chat,Tessera-8,1271.627958957768,1540.9383744002855,761.2301174085338,164.31549045636456,5.812943706646151,12.974827425028021,596.6049954037131,143.83393530538262,10.663339507026953,38.716992536181365,69155.31878209923,348.31497946152,2.163986942233719,31.38131627133
native_tail,phi2_conv,Phi-2 chat,Tessera-8,317.01936158851765,65.29845226178304,22.051062672838075,4.445307139253254,1.2378410526707604,0.31650062600726836,37.24774077101368,9.033796143918307,6.807676116781317,57.0423026593136,1865.246868984058,82.370796095448,1.6129766616400258,28.819700238168757
native_tail,llama2_code,Llama-2-7B code,Tessera-8,1543.3359961771646,461.4633906001072,214.13358381252345,60.907633743293,0.6199228401342116,4.806959889955033,180.9952903142015,43.5282305374216,13.19880081149797,39.2220258423593,25644.2116028534,44.330663075668,3.9487265647831107,15.957898035054713
native_tail,llama2_arxiv,Llama-2-7B arXiv,Tessera-8,4094.6765646285567,986.7655399296125,378.34996201057623,113.5438822833809,5.522398417500827,8.642233714228825,480.7070635039258,115.9408152387194,11.506672830455768,48.71542874695597,47737.73584691483,388.654927366768,4.200898968597103,12.379388752131666
native_tail,gqa_decode,FlashInfer GQA,Tessera-8,0.02434208,0.003405612466077347,0.00012121582565358936,2.3690336026326503e-05,0.0004199741163552012,2.2198267181176475e-07,0.0028405102053704126,0.0006934209812308131,0.6956263010633594,83.40673619397951,0.009861406008,0.004189371568,1.0051221118155864,4.7756730426622225
native_tail,single_kv_decode,FlashInfer MQA,Tessera-8,0.000826468,0.00011992002235674383,3.617434076344245e-06,6.188671328098042e-07,1.9421614054869794e-05,8.13004047058823e-09,9.625397705224906e-05,2.3543191523315458e-05,0.5160665589010386,80.26514268477045,0.000257611376,0.00010174816,1.0097922848664689,4.028711723908639
native_tail,cacheblend_samsum,CacheBlend SAMSum,Tessera-8,1199.501698544,290.85451927307696,112.55637985467402,34.590255606038426,0.15991447337439355,2.740966422712623,140.8070029162777,33.945550956252866,11.892631303267592,48.41148876358943,14596.575779151104,11.569331369472,5.685756413729413,9.205096877659734
native_tail,cacheblend_wikimqa,CacheBlend WikiMQA,Tessera-8,2464.760055856,445.8917805184407,120.51539770039479,32.83275339173015,0.36888821196766763,2.562186642599764,289.61255457174866,70.04215623847807,7.363390586288748,64.95131043568792,13764.809325525312,26.688766025856,3.3941245673080886,10.841525880234599
native_tail,epic_hotpotqa,EPIC HotpotQA,Tessera-8,2231.924072448,430.79414988219804,125.783957438502,39.45498691716311,0.2515256333288622,3.1192285375458613,262.184451355658,63.3383996385491,9.158663581655462,60.86072696840316,16637.827971282943,18.199021049856,6.398033183843354,6.164811305820274
native_tail,epic_multi_news,EPIC Multi-News,Tessera-8,197.369434112,62.61528960117503,29.42667653948838,9.254574974124738,0.05576179606083304,0.7311101191076358,23.147166172393455,5.56431643984152,14.780056170100455,36.96727479794181,3899.135825455104,4.034799248896,6.18150654682101,10.273417249809995
joint_edp,llama2_conv,Llama-2-7B chat,WS,739.95286827,123.432721117115,33.40354239332336,1.3273028029155198,1.6642691415581696,0.05989452945205136,86.9777122498659,21.0844235254605,1.075324914579298,70.46568483841494,552.506803641824,113.447753062584,1.0022480926232642,38.020102644069915
joint_edp,llama3_conv,Llama-3-8B chat,WS,642.847540465,114.8011502296804,36.36705530452117,1.3265790652024145,1.491335465639904,0.06484614002247747,75.55133425429442,18.31507525140209,1.1555450991112495,65.81060738776603,552.205538542658,100.585420825692,1.0019674807383276,44.45015283298761
joint_edp,llama2_70b_conv,Llama-2-70B chat,WS,612.464413835,645.7561543192508,342.133860938723,9.636051831508299,5.6226641246068,0.7806697898870699,287.58290763452555,69.78790223521061,1.4922121557891341,44.53428832400249,4011.130079330084,334.35839652904,1.0014402596334067,74.88379964827679
joint_edp,phi2_conv,Phi-2 chat,WS,631.17890463,90.32783185436696,14.011355378864259,0.772551709173494,1.269761401814928,0.02899898996310484,74.24516437455117,18.001808125215216,0.8552753822532324,82.19522471684539,321.584550673658,82.985612735448,1.042496507124948,20.833908902353215
joint_edp,llama2_code,Llama-2-7B code,WS,443.287733582,107.94496969315944,52.080317367818814,1.4086971608148238,0.6021876379043756,0.09638339573640767,53.75738413088501,13.386290815043639,1.3050141797428234,49.80073113521996,586.388248342038,43.04549016354,1.0022262210102062,68.21981380920057
joint_edp,llama2_arxiv,Llama-2-7B arXiv,WS,2458.187638272275,385.28782865554393,86.72402243262611,3.8916978756811464,5.5521690818126626,0.1613047898419495,288.9586344755821,70.0330010196022,1.0100754776659226,74.99812165982478,1619.96912031618,390.800779119216,1.0012798857290905,31.70500939160671
joint_edp,gqa_decode,FlashInfer GQA,WS,0.028670048,0.003923867292651608,0.00013147810278963705,2.2671350561463698e-05,0.00042058346026717304,8.761800583529405e-08,0.0033490467610274833,0.0008167096984355677,0.5777807675586096,85.3506632933123,0.009437240248,0.00421500024,1.0903800829344663,4.144913789122902
joint_edp,single_kv_decode,FlashInfer MQA,WS,0.00094599,0.00013469305967254164,4.370456521037673e-06,5.902384119254906e-07,1.9424035816402838e-05,2.480549647058823e-09,0.00011030584837352854,2.694795654416292e-05,0.43820996669052276,81.89423318595485,0.000245694304,0.00010247904,1.2201780415430268,3.5868455373613353
joint_edp,cacheblend_samsum,CacheBlend SAMSum,WS,83.311159712,29.294049858439248,18.901398998185698,0.46350362109287546,0.12893077766940417,0.02784713098934244,9.77236933050202,2.3732444439822853,1.5822449382475734,33.35957089486118,192.939322966784,9.356892718592,1.0022915655983264,91.39548953292011
joint_edp,cacheblend_wikimqa,CacheBlend WikiMQA,WS,150.301711824,52.8901270325598,34.111527866827224,0.8239273979451887,0.2785874680267948,0.04807421740161764,17.628010082358884,4.281571685479179,1.5578094517299401,33.329490911426376,342.970339602752,20.229726130304,1.0019430668738798,91.39980464215184
joint_edp,epic_hotpotqa,EPIC HotpotQA,WS,83.069687808,29.130501317440054,18.73383492088192,0.4433498950842967,0.19141558366400616,0.02418229178991994,9.737718626019872,2.3663657514214393,1.5219439248677429,33.42791296279555,184.550076207104,13.94164504576,1.0014928666825265,91.1678318452088
joint_edp,epic_multi_news,EPIC Multi-News,WS,25.63363072,7.778943851583034,4.586743483756271,0.12064034957388123,0.056370819747767496,0.00675317986894032,3.008436018636175,0.7302127577582002,1.550857698366477,38.67409350208834,50.218091747328,4.083313071616,1.0019542752933346,82.69413027832208
joint_edp,llama2_conv,Llama-2-7B chat,WS-independent-8,182.556183346,71.1907707683121,33.10781644039445,13.23671872019408,2.667327225152261,0.8566661702688817,21.322242212302434,5.1705192085782965,18.593307218533315,29.95085174972319,5602.666149486048,192.182044989624,1.0001401350570414,65.9204090061411
joint_edp,llama3_conv,Llama-3-8B chat,WS-independent-8,183.762469031,75.19157631073226,35.99740832049263,14.264739904778283,2.544777629443819,0.9311164062613557,21.45353404975617,5.194800303611581,18.97119412130511,28.531831758784474,6040.960680158274,182.038317466716,1.000155211965693,67.86569617883795
joint_edp,llama2_70b_conv,Llama-2-70B chat,WS-independent-8,405.30590229,689.3899282693455,340.7406799365941,132.72809903978953,18.13710101416259,8.983312552191144,188.8007357266082,45.54368349414107,19.25297913373815,27.386639691788982,56217.06288390121,1264.729170897296,1.0002532855988482,70.14415572197258
joint_edp,phi2_conv,Phi-2 chat,WS-independent-8,102.124687608,32.91608177478642,13.31234448965407,5.495677337567983,1.6000214217228608,0.3487176222084694,12.159320903633038,3.001198646279851,16.69602528991664,36.94036546277821,2324.695212709114,110.987161177048,1.0009604069189504,57.17210915554577
joint_edp,llama2_code,Llama-2-7B code,WS-independent-8,367.610352142,121.05206459366657,51.8937804310436,20.15794208233572,2.494815921037126,1.345577578733837,45.159948580516286,11.356697513615911,16.652291020396508,37.30621921410752,8537.968511299094,183.63390276386,1.0001607338836225,60.833210559652194
joint_edp,llama2_arxiv,Llama-2-7B arXiv,WS-independent-8,497.29745286427476,189.45300243252905,86.3239952014089,34.93268782943505,8.148348263707316,2.239133985915205,57.80883715206258,13.98045468284436,18.438709010101764,30.513550278861565,14778.302760889108,600.352819546736,1.000149736726324,64.47801865977907
joint_edp,gqa_decode,FlashInfer GQA,WS-independent-8,0.011264,0.0019038815821847957,0.00012071075261257885,6.299260489871075e-05,0.00041172647083706005,2.9784811924191525e-06,0.0013054732726440347,0.0003208720837571847,3.30864090961076,68.56903732142528,0.02622147916,0.00418958456,1.0051221118155864,8.542596241377666
joint_edp,single_kv_decode,FlashInfer MQA,WS-independent-8,0.000529216,8.60461327028235e-05,3.588969820631716e-06,1.7577473828224267e-06,1.927653119182398e-05,8.786066572901164e-08,6.133502364181653e-05,1.507279707035032e-05,2.042796494867629,71.28155759614273,0.000733157216,0.0001019248,1.0097922848664689,5.6146997526147615
joint_edp,cacheblend_samsum,CacheBlend SAMSum,WS-independent-8,84.262027568,37.35827570054533,18.86642067688068,7.315953838164257,0.8936340544760593,0.4821062927596077,9.800160838264723,2.3587176901189535,19.58322139064214,26.232904636232096,3099.097295847552,65.832500214656,1.0001459132242332,71.66669170372717
joint_edp,cacheblend_wikimqa,CacheBlend WikiMQA,WS-independent-8,153.748856016,67.64230687722099,34.081076683830425,13.185538166707545,1.625072501985637,0.8686750216579633,17.881944503039136,4.3038285402084835,19.493034426872665,26.436035860658976,5585.504882169344,119.726947383104,1.000150952475971,71.4663278271855
joint_edp,epic_hotpotqa,EPIC HotpotQA,WS-independent-8,86.233526016,37.41130723523906,18.739863873738265,7.246629343310823,0.9200991368835094,0.4754035374692603,10.02931134383712,2.4139038192441147,19.370158058751183,26.8082354908736,3069.731843885056,67.818837075968,1.0001489761343259,70.98828781832695
joint_edp,epic_multi_news,EPIC Multi-News,WS-independent-8,20.26048256,8.980948350909834,4.533269937326827,1.7589837781746667,0.21662160087993892,0.11583100245436827,2.3562420320740176,0.5671550849050705,19.58572424031889,26.236004706956294,745.114629421056,15.963289990656,1.0001473887352503,71.62639970258729
joint_edp,llama2_conv,Llama-2-7B chat,Tessera-8,174.0923061868517,56.95373760019749,33.1048179874581,1.7350188300781086,1.5652847988156806,0.07494602112891965,20.473669962716688,5.002646132305883,3.0463651784498382,35.947895301336104,722.8726397496,111.050663196856,1.000282871933618,82.39888941886221
joint_edp,llama3_conv,Llama-3-8B chat,Tessera-8,175.81804551073304,59.95524827239254,35.99356606680643,1.8171872994007965,1.390963912666821,0.0824206180380708,20.671110375480417,5.048210890020615,3.030906137098848,34.47756613660592,757.654101173314,97.116515812444,1.0003962887728781,85.11229325459733
joint_edp,llama2_70b_conv,Llama-2-70B chat,Tessera-8,394.6344227784285,544.3250011761639,340.80290520839196,11.902895250914833,5.477970979756838,0.8482260035673426,185.29300373353297,45.06942029139479,2.186725802635439,34.040876927048444,4963.860957904676,330.3374047748,1.0004720319468487,88.83787145032211
joint_edp,phi2_conv,Phi-2 chat,Tessera-8,95.39396489274255,27.024671536319246,13.294335382141673,1.032610442228454,1.196499183479651,0.04220806456287412,11.459018463906592,2.852088091597161,3.8209916477271473,42.402063790142584,430.716749969658,81.518623633368,1.0003733037176612,69.63569631815298
joint_edp,llama2_code,Llama-2-7B code,Tessera-8,364.59067913579446,99.42037723795366,51.900683912807445,1.7774264051129363,0.5888582913383666,0.10706586388899382,45.04634276480592,11.391023599435425,1.7877888361445535,45.30896383242601,740.09222649807,42.9417461021,1.000410206032624,74.06917916316195
joint_edp,llama2_arxiv,Llama-2-7B arXiv,Tessera-8,468.8668707946135,151.5798769728698,86.28639985915243,5.011123853024546,5.23786580140997,0.1964498396452032,54.84803761963767,13.362266440640393,3.3059294895202016,36.18424735194536,2086.951590750996,386.82960211416,1.0003544906790787,80.58823156441899
joint_edp,gqa_decode,FlashInfer GQA,Tessera-8,0.011264,0.001864524196879577,0.0001221853855557385,2.4949102619706926e-05,0.00041172647083706005,1.8996522304787984e-07,0.0013054732726440347,0.0003208720837571847,1.3380948695362143,70.01642965153486,0.010385383736,0.004189371568,1.0172241823314152,8.722917983697497
joint_edp,single_kv_decode,FlashInfer MQA,Tessera-8,0.000527256,8.466240844607127e-05,3.628283259678533e-06,6.48240498633333e-07,1.9272483319217433e-05,5.465427293488687e-09,6.110793594124886e-05,1.5019684960358038e-05,0.7656768931234136,72.17835762394324,0.000269838416,0.00010174816,1.0216617210682493,5.706466528267295
joint_edp,cacheblend_samsum,CacheBlend SAMSum,Tessera-8,82.608812256,29.264524275563705,18.868323224891295,0.5489966826386358,0.12871427127343257,0.028999793203502863,9.689490303556866,2.3532370139637817,1.8759802054840025,33.11002158216434,228.526905592576,9.346672543232,1.000719174969682,91.48770032969388
joint_edp,cacheblend_wikimqa,CacheBlend WikiMQA,Tessera-8,149.201203856,52.858596993802806,34.08399956326592,0.9516553007272787,0.2774440533627518,0.04807421740161764,17.49742385904491,4.2502220508126785,1.8003794176354164,33.10232366004025,396.138716213568,20.161630695552,1.0012069371878836,91.4543244278943
joint_edp,epic_hotpotqa,EPIC HotpotQA,Tessera-8,82.110411168,29.09458166157107,18.719704859811184,0.5348774835311232,0.19107717546542874,0.02418967453870381,9.624732468224567,2.3390393048326263,1.8384092603661808,33.08084158136283,222.649607999488,13.92291387392,1.0009269534447494,91.2803860377486
joint_edp,epic_multi_news,EPIC Multi-News,Tessera-8,19.90101038,7.078501366642047,4.533638685836603,0.1474635396556667,0.05639498282797165,0.006865311934345812,2.334138846387453,0.5669103321904148,2.0832593230906102,32.97504267481323,61.383622146048,4.088919504384,1.0007283891016316,90.87700389831538
