policy,workload_id,workload,ws8_over_t8_sram_traffic,ws8_over_t8_sram_dynamic,ws8_over_t8_hbm_traffic,ws8_over_t8_total_energy,ws8_speedup_over_t8,tessera_energy_reduction_pct
native_tail,llama2_conv,Llama-2-7B chat,0.3346161784362707,0.3339287775947276,1.7060192505710765,0.2889452499898493,3.3140609201918423,-246.0863260548946
native_tail,llama3_conv,Llama-3-8B chat,0.845524970767692,0.8436951068158783,1.8553952520089563,0.8012523975946388,0.9093817610451171,-24.804618744605555
native_tail,llama2_70b_conv,Llama-2-70B chat,0.8721410099055114,0.8678655274152807,3.571947986484505,5.061732920581963,0.08272827955450464,80.24392010226752
native_tail,phi2_conv,Phi-2 chat,1.5905381773104343,1.5844753052522356,1.3215092887517146,0.8542211362452079,1.2368518952506662,-17.06570553797977
native_tail,llama2_code,Llama-2-7B code,0.4306673421818929,0.43015246200586393,4.015407156016191,0.40045520326955886,2.036659741301503,-149.71582135414755
native_tail,llama2_arxiv,Llama-2-7B arXiv,0.4445085110848518,0.44430695007701126,1.5266797544033572,0.3855662570409071,2.4247363808045854,-159.35879546998427
native_tail,gqa_decode,FlashInfer GQA,3.8990153924103597,3.8990153924103543,1.0167672766332194,0.6482868426911313,1.8658127687337962,-54.25270638670641
native_tail,single_kv_decode,FlashInfer MQA,7.170958226627383,7.168067791926762,1.3799964146771795,1.0783746031975112,0.9924622783685282,7.267845789869409
native_tail,cacheblend_samsum,CacheBlend SAMSum,0.3380821626797463,0.33955607510701336,14.845150862827628,5.0513455311103534,0.09931310165366541,80.20329447191496
native_tail,cacheblend_wikimqa,CacheBlend WikiMQA,0.9284337363603286,0.9297601467693375,18.217689473499203,15.06655188869711,0.04405866726777397,93.36278129602967
native_tail,epic_hotpotqa,EPIC HotpotQA,0.49645881462655556,0.5004856259118639,13.70324958797788,17.697646609633527,0.034923598820781686,94.34953120006556
native_tail,epic_multi_news,EPIC Multi-News,0.2905549114926786,0.29092733035540913,6.341094850402921,2.0936451092902035,0.1920708605791051,52.236413155091775
joint_edp,llama2_conv,Llama-2-7B chat,7.7505577627433615,7.6291498920494,1.7305798944122375,1.2499753970153005,0.9536368639833652,19.998425377986916
joint_edp,llama3_conv,Llama-3-8B chat,7.973243556397511,7.849900728164879,1.8744321287048331,1.254128345347134,0.9567679757343337,20.263344361042492
joint_edp,llama2_70b_conv,Llama-2-70B chat,11.325269454693052,11.150908769829618,3.828598132141579,1.2665042516506295,0.9736705548789764,21.042507461249794
joint_edp,phi2_conv,Phi-2 chat,5.397271438533277,5.322120630223225,1.361494542354094,1.2180011783140283,0.9340930888220391,17.898273186877212
joint_edp,llama2_code,Llama-2-7B code,11.536357504656698,11.341083953940078,4.276349227328687,1.2175780052004774,0.9917856692864865,17.86973847023893
joint_edp,llama2_arxiv,Llama-2-7B arXiv,7.081286804343693,6.971028626313208,1.551982620424074,1.2498558925894752,0.9428298256789569,19.990776062336202
joint_edp,gqa_decode,FlashInfer GQA,2.5248445148064773,2.5248445148064698,1.0000508410382185,1.0211085409194935,1.0,2.0672181333911577
joint_edp,single_kv_decode,FlashInfer MQA,2.7170231239424414,2.711566751118197,1.0017360510499649,1.0163440218882225,0.9962964082718588,1.6081190557757807
joint_edp,cacheblend_samsum,CacheBlend SAMSum,13.561192227285076,13.326043798665014,7.043415708655145,1.2765721167639146,0.9803800672768543,21.66521680459539
joint_edp,cacheblend_wikimqa,CacheBlend WikiMQA,14.099871215713394,13.85537195729465,5.938356335904804,1.279684114301245,0.9704215544893112,21.85571510778368
joint_edp,epic_hotpotqa,EPIC HotpotQA,13.787277109834907,13.548204152230237,4.871023241981284,1.2858513544002235,0.9521866373962838,22.230513147731358
joint_edp,epic_multi_news,EPIC Multi-News,12.138655285741034,11.92826228287999,3.9040362554314667,1.268764090833295,0.9822574719562849,21.18314135583528
