tiling_policy,workload_id,workload,architecture,grain,chips,total_pes_per_chip,area_mm2_per_chip,total_area_mm2,seconds,system_energy_J,useful_ops,throughput_gops,energy_efficiency_gops_per_w,performance_density_gops_per_mm2,e2e_speedup_vs_ws,energy_efficiency_vs_ws,performance_density_vs_ws,e2e_edp_gain_vs_ws,average_system_power_W,array_utilization,e2e_array_utilization,idle_fraction,compute_energy_fraction,sram_energy_fraction,hbm_energy_fraction,intrinsic_array_seconds,hbm_service_seconds,vector_service_seconds,useful_macs,charged_sa_macs,padding_sram_read_bytes,dispatch
native_tail,epic_multi_news,EPIC Multi-News,Tessera-64,64,1,16384,58.288,58.288,1044.57503232,364959.75098469673,643272996290560,615.822680407985,1.762586133278936,10.565170882651403,2.270239190148979,1.9071454951031332,2.1188068203421713,4.329676444299211,349.3858647704048,0.01879341676049759,0.01879341676049759,0.0,0.6331125561352683,0.10971773474442895,0.08655277522361314,1044.57503232,1.409678103,39.439400407,321636498145280,15584553762553856,391408346906624,region_async
native_tail,epic_multi_news,EPIC Multi-News,Tessera-32,32,1,16384,65.376,65.376,539.630435328,188709.71622406645,643272996290560,1192.0621117294165,3.4087963734032813,18.23394076923361,4.394554161835936,3.6883704713857215,3.6567508933534465,16.208743805420898,349.7017660046626,0.03637884862455495,0.03637884862455495,0.0,0.6081399538276836,0.13293609169440906,0.08661478989005932,539.630435328,1.415666743,39.023673303,321636498145280,7742543349415936,194063727779840,region_async
native_tail,epic_multi_news,EPIC Multi-News,Tessera-16,16,1,16384,79.536,79.536,335.930315264,114879.83567188832,643272996290560,1914.9001059491352,5.599529217014472,24.075891495035396,7.059306849280165,6.058777338195202,4.828332988845818,42.77076836178484,341.9751967952248,0.05843811358487351,0.05843811358487351,0.0,0.5583233695958674,0.17359316532391753,0.08875128245381592,335.930315264,1.417192311,43.501563511,321636498145280,4327675317452800,105269281366016,region_async
native_tail,epic_multi_news,EPIC Multi-News,Tessera-8,8,1,16384,107.776,107.776,197.369434112,62615.28960117503,643272996290560,3259.2331187691702,10.273417249809995,30.24080610496929,12.015209883402193,11.115996578755169,6.064684323569992,133.56103195692407,317.24917225857337,0.09946390132962556,0.09946390132962556,0.0,0.4699599207624868,0.23666570111476687,0.09604303367535576,197.369434112,1.442033495,39.068876375,321636498145280,1988198118981632,44761057239040,region_async
native_tail,epic_multi_news,EPIC Multi-News,Planaria-64,64,1,16384,61.727999999999994,61.727999999999994,1044.380397056,371603.4224378301,643272996290560,615.9374477957265,1.7310739284113583,9.978250515094066,2.2706622817785838,1.8730488013760773,2.001102062739032,4.253061265215245,355.8123299569214,0.01879691918321919,0.01879691918321919,0.0,0.639733566584178,0.1077412377105568,0.08498945950519401,1044.380397056,1.409678103,39.439400407,321636498145280,15584553762553856,391408346906624,serial
native_tail,epic_multi_news,EPIC Multi-News,Planaria-32,32,1,16384,71.03999999999999,71.03999999999999,538.77197824,191919.6676463243,643272996290560,1193.9614944190903,3.3517825670478136,16.80689040567413,4.401556263506389,3.626680649880525,3.3705611026850737,15.96303893021905,356.2168698403098,0.03643681318417634,0.03643681318417634,0.0,0.615220096711474,0.1305852495361497,0.08503089713992815,538.77197824,1.415666743,39.023673303,321636498145280,7742543349415936,194063727779840,serial
native_tail,epic_multi_news,EPIC Multi-News,Planaria-16,16,1,16384,86.464,86.464,333.5613824,116452.07503243735,643272996290560,1928.4996112624335,5.523929016390463,22.304075814933775,7.109441621692955,5.976976750225776,4.4730017605026005,42.49296727994624,349.11737742107806,0.05885313755073345,0.05885313755073345,0.0,0.5666749886233577,0.17067353632323867,0.0869387421875916,333.5613824,1.417192311,43.501563511,321636498145280,4327675317452800,105269281366016,serial
native_tail,epic_multi_news,EPIC Multi-News,Planaria-8,8,1,16384,119.984,119.984,192.903103488,62926.4326302338,643272996290560,3334.6949046393975,10.222619802246527,27.792829915983777,12.293400845007769,11.061032953741742,5.573751549943514,135.97771186018753,326.20746630003435,0.10176681227537224,0.10176681227537224,0.0,0.4811234928114242,0.2332764173671256,0.09342500912634014,192.903103488,1.442033495,39.068876375,321636498145280,1988198118981632,44761057239040,serial
native_tail,epic_multi_news,EPIC Multi-News,WS,128,1,16384,54.400000000000006,54.400000000000006,2371.435175424,696031.3449844257,643272996290560,271.25894182435167,0.9242011885326139,4.986377607065288,1.0,1.0,1.0,1.0,293.5063763064824,0.008278165949229482,0.008278165949229482,0.0,0.5841603452877906,0.11128036619331784,0.10293207729890055,2371.435175424,1.409125943,34.717195991,321636498145280,27425722343620608,695146551558144,serial
native_tail,epic_multi_news,EPIC Multi-News,WS-independent-64,64,1,16384,54.400000000000006,54.400000000000006,802.295568896,261607.73686910173,643272996290560,801.7905385863427,2.4589219110611724,14.73879666519012,2.955812380575923,2.6605915914967473,2.955812380575923,7.864209565802286,326.0740143798718,0.02446870540119454,0.02446870540119454,0.0,0.6084321762867767,0.1161773471855912,0.09280482199366964,802.295568896,1.518750615,27.186171383,321636498145280,10742512993959936,446607729975296,serial
native_tail,epic_multi_news,EPIC Multi-News,WS-independent-32,32,1,16384,54.400000000000006,54.400000000000006,218.52487424,52995.63400404837,643272996290560,2943.7060587623105,12.138226259193727,54.112243727248355,10.852014827472303,13.133748809029353,10.852014827472305,142.52763681588323,242.5153392187504,0.08983477962531466,0.08983477962531466,0.0,0.4659951105743689,0.16224579307953554,0.12599413616360639,218.52487424,2.081320471,8.427858967,321636498145280,1679453033857024,128130849882112,serial
native_tail,epic_multi_news,EPIC Multi-News,WS-independent-16,16,1,16384,54.400000000000006,54.400000000000006,167.039585792,30518.375846253482,643272996290560,3851.021260861916,21.078218563506223,70.79083200113816,14.196845401526224,22.806958944699947,14.196845401526222,323.78687021686085,182.70145787032413,0.11752384218938952,0.11752384218938952,0.0,0.2889127112529261,0.21496976265912138,0.1702137801495361,167.039585792,4.128111895,6.092002167,321636498145280,609837343834112,97348730912768,serial
native_tail,epic_multi_news,EPIC Multi-News,WS-independent-8,8,1,16384,54.400000000000006,54.400000000000006,1027.586555904,131094.19484028983,643272996290560,626.0037099499151,4.90695257005278,11.507421138785205,2.3077717023436284,5.309398679570752,2.3077717023436284,12.252880029174007,127.57484426697482,0.019104117124936378,0.019104117124936378,0.0,0.054054782182589696,0.24375960626043847,0.23922177079951915,1027.586555904,9.137748854,9.173335991,321636498145280,493091502948352,106979019128832,serial
joint_edp,epic_multi_news,EPIC Multi-News,Tessera-64,64,1,16384,58.288,58.288,20.013274368,7080.947452679575,643272996290560,32142.316367736108,90.84561078717402,551.4396851450747,1.2808314246161838,1.098573870738064,1.195395784709038,1.40708793590355,353.81254074053845,0.980905650870853,0.980905650870853,0.0,0.6405452355181103,0.09953044513822652,0.09317120598084519,20.013274368,1.462495073,0.383697791,321636498145280,321997350371328,7233855488,region_async
joint_edp,epic_multi_news,EPIC Multi-News,Tessera-32,32,1,16384,65.376,65.376,19.925653376,7080.522325761978,643272996290560,32283.658866884023,90.8510653161924,493.815144194873,1.2864637478274679,1.0986398310305299,1.0704788895284854,1.4133603145400717,355.34705899733797,0.9852190816309822,0.9852190816309822,0.0,0.6403730881695818,0.10079036735727573,0.09279905435732397,19.925653376,1.461786209,0.384756826,321636498145280,321905855823872,12732710912,region_async
joint_edp,epic_multi_news,EPIC Multi-News,Tessera-16,16,1,16384,79.536,79.536,19.901444288,7078.256806905941,643272996290560,32322.930284935912,90.88014377536389,406.3937120918315,1.288028665108308,1.0989914697632142,0.8809691131298024,1.41553251576453,355.6654835937674,0.9864175501994602,0.9864175501994602,0.0,0.6405049082078743,0.10088434781988277,0.09272126853657917,19.901444288,1.461382753,0.384959191,321636498145280,321872683073536,13173374976,region_async
joint_edp,epic_multi_news,EPIC Multi-News,Tessera-8,8,1,16384,107.776,107.776,19.90101038,7078.501366642046,643272996290560,32323.635031969672,90.87700389831538,299.9149628114763,1.288056748403143,1.0989534999939217,0.6501474086357908,1.4155144718484243,355.6855270904113,0.9866362562146633,0.9864390573721212,0.0,0.6404800184403023,0.10092162660483764,0.09271554409599751,19.897032768,1.46136942,0.38612267,321636498145280,321870774665216,13172097024,region_async
joint_edp,epic_multi_news,EPIC Multi-News,Planaria-64,64,1,16384,61.727999999999994,61.727999999999994,20.072893636,7189.760560547403,643272996290560,32046.849246332546,89.47071197619738,519.162280429182,1.2770271782851985,1.0819475538961165,1.125425714403752,1.3816764318045305,358.18256654600265,0.9779922255350509,0.9779922255350509,0.0,0.6491862944140234,0.09421550980908226,0.09218331718318619,20.072893636,1.494501441,0.261700991,321636498145280,322045467426816,7219585024,serial
joint_edp,epic_multi_news,EPIC Multi-News,Planaria-32,32,1,16384,71.03999999999999,71.03999999999999,19.98897242,7179.933796482205,643272996290560,32181.39395934791,89.59316541410595,453.0038564097398,1.282388618153889,1.083428353530824,0.9820093021899153,1.3893761891531367,359.1947422619039,0.982098204325803,0.982098204325803,0.0,0.6499934734493049,0.09409811187815807,0.09195590189285911,19.98897242,1.494484801,0.26190473,321636498145280,322017256538112,9266241536,serial
joint_edp,epic_multi_news,EPIC Multi-News,Planaria-16,16,1,16384,86.464,86.464,19.94754762,7175.013606861002,643272996290560,32248.224621135658,89.65460297879291,372.96706861972217,1.2850517371017058,1.0841713030543292,0.8085077546531829,1.3932162163057857,359.69402071596613,0.984137714268056,0.984137714268056,0.0,0.6504266367241316,0.09400486752930709,0.09184288087738163,19.94754762,1.494504769,0.262059223,321636498145280,322015100665856,9314017280,serial
joint_edp,epic_multi_news,EPIC Multi-News,Planaria-8,8,1,16384,119.984,119.984,19.932583542,7173.129223975368,643272996290560,32272.43447569743,89.67815526597418,268.97281700641275,1.2860164697660645,1.084456115133518,0.5830718758773996,1.3946284248002276,359.86951760973926,0.9849630164509342,0.9848765403960398,0.0,0.6505848226295222,0.09396454532970218,0.09180520620481908,19.930833536,1.494804182,0.261860137,321636498145280,322010067501056,9301172224,serial
joint_edp,epic_multi_news,EPIC Multi-News,WS,128,1,16384,54.400000000000006,54.400000000000006,25.63363072,7778.943851583034,643272996290560,25094.88426813695,82.69413027832208,461.30301963487034,1.0,1.0,1.0,1.0,303.4663304841053,0.7658350911907028,0.7658350911907028,0.0,0.5896357617779767,0.1093790010013931,0.10662375068090514,25.63363072,1.459366692,0.375664814,321636498145280,322265064407040,6645084160,serial
joint_edp,epic_multi_news,EPIC Multi-News,WS-independent-64,64,1,16384,54.400000000000006,54.400000000000006,20.131441408,7201.909585122898,643272996290560,31953.648189092448,89.31978230043038,587.3832387700817,1.273313231799363,1.0801223980445582,1.2733132317993632,1.3753341413929945,357.7443581491856,0.9751479549893937,0.9751479549893937,0.0,0.6297879424355811,0.1116286830402655,0.09267268428544674,20.131441408,1.61147306,0.784689727,321636498145280,321962537648128,6474555392,serial
joint_edp,epic_multi_news,EPIC Multi-News,WS-independent-32,32,1,16384,54.400000000000006,54.400000000000006,20.00123648,7432.548842145582,643272996290560,32161.661451970394,86.54810213192813,591.2070119847499,1.2816023022192675,1.046605144048735,1.2816023022192675,1.341331562127387,371.60446803264745,0.9814960159903074,0.9814960159903074,0.0,0.6099563500854895,0.1372960371889022,0.09105856565013604,20.00123648,2.007560196,1.602625882,321636498145280,321815627956224,5874434048,serial
joint_edp,epic_multi_news,EPIC Multi-News,WS-independent-16,16,1,16384,54.400000000000006,54.400000000000006,20.064817664,7935.815308476172,643272996290560,32059.747916110446,81.05947168446397,589.3336013990889,1.2775411742709968,0.9802324712968579,1.2775411742709966,1.2522873424391492,395.5089670570241,0.9783858616977064,0.9783858616977064,0.0,0.571165521096024,0.18261029083832894,0.09065174509637251,20.064817664,3.15835834,3.238555287,321636498145280,321728587759616,6201507840,serial
joint_edp,epic_multi_news,EPIC Multi-News,WS-independent-8,8,1,16384,54.400000000000006,54.400000000000006,20.26048256,8980.948350909834,643272996290560,31750.132030940138,71.62639970258729,583.6421329216936,1.265203365422704,0.86616062665531,1.2652033654227037,1.0958693398409363,443.2741581703883,0.9689371347332805,0.9689371347332805,0.0,0.5047651718058901,0.2590081550623864,0.09099327154031783,20.26048256,5.701583684,6.510384906,321636498145280,321683903741952,6491930624,serial
