dataset,cohort,phase,op,rows,logical_gemms,logical_macs,unique_shapes
flashinfer_attention,gqa_decode,decode,PV,866,11264,4066022912,771
flashinfer_attention,gqa_decode,decode,QK,866,11264,4066022912,771
flashinfer_attention,single_kv_head_decode,decode,PV,422,527,120780800,282
flashinfer_attention,single_kv_head_decode,decode,QK,422,527,120780800,282
llama2_70b_tp4_vidur,full_trace,decode,PV,76570,98009600,13840919265280,2131
llama2_70b_tp4_vidur,full_trace,decode,QK,76570,98009600,13840919265280,2131
llama2_70b_tp4_vidur,full_trace,decode,attn_out_proj,879,70320,36877662945280,108
llama2_70b_tp4_vidur,full_trace,decode,mlp_down_proj,879,70320,129071820308480,108
llama2_70b_tp4_vidur,full_trace,decode,mlp_up_proj,879,140640,258143640616960,108
llama2_70b_tp4_vidur,full_trace,decode,qkv_proj,879,70320,46097078681600,108
llama2_70b_tp4_vidur,full_trace,mixed,attn_out_proj,642,51360,426625812398080,46
llama2_70b_tp4_vidur,full_trace,mixed,mlp_down_proj,642,51360,1493190343393280,46
llama2_70b_tp4_vidur,full_trace,mixed,mlp_up_proj,642,102720,2986380686786560,46
llama2_70b_tp4_vidur,full_trace,mixed,qkv_proj,642,51360,533282265497600,46
llama2_70b_tp4_vidur,full_trace,prefill,PV,895,1145600,44428873728000,800
llama2_70b_tp4_vidur,full_trace,prefill,QK,895,1145600,44428873728000,800
llama2_70b_tp4_vidur,full_trace,prefill,attn_out_proj,2,160,1033476505600,2
llama2_70b_tp4_vidur,full_trace,prefill,mlp_down_proj,2,160,3617167769600,2
llama2_70b_tp4_vidur,full_trace,prefill,mlp_up_proj,2,320,7234335539200,2
llama2_70b_tp4_vidur,full_trace,prefill,qkv_proj,2,160,1291845632000,2
llama2_arxiv_vidur,full_trace,decode,PV,86985,89072640,29254634307584,4065
llama2_arxiv_vidur,full_trace,decode,QK,86985,89072640,29254634307584,4065
llama2_arxiv_vidur,full_trace,decode,attn_out_proj,17140,548480,42101416919040,14
llama2_arxiv_vidur,full_trace,decode,mlp_down_proj,17140,548480,113147557969920,14
llama2_arxiv_vidur,full_trace,decode,mlp_up_proj,17140,1096960,226295115939840,14
llama2_arxiv_vidur,full_trace,decode,qkv_proj,17140,548480,126304250757120,14
llama2_arxiv_vidur,full_trace,mixed,attn_out_proj,1645,52640,421859740876800,175
llama2_arxiv_vidur,full_trace,mixed,mlp_down_proj,1645,52640,1133748053606400,175
llama2_arxiv_vidur,full_trace,mixed,mlp_up_proj,1645,105280,2267496107212800,175
llama2_arxiv_vidur,full_trace,mixed,qkv_proj,1645,52640,1265579222630400,175
llama2_arxiv_vidur,full_trace,prefill,PV,1747,1788928,178627060826112,809
llama2_arxiv_vidur,full_trace,prefill,QK,1747,1788928,178627060826112,809
llama2_arxiv_vidur,full_trace,prefill,attn_out_proj,26,832,6928319119360,3
llama2_arxiv_vidur,full_trace,prefill,mlp_down_proj,26,832,18619857633280,3
llama2_arxiv_vidur,full_trace,prefill,mlp_up_proj,26,1664,37239715266560,3
llama2_arxiv_vidur,full_trace,prefill,qkv_proj,26,832,20784957358080,3
llama2_code_vidur,full_trace,decode,PV,6826,6989824,1668908580864,2696
llama2_code_vidur,full_trace,decode,QK,6826,6989824,1668908580864,2696
llama2_code_vidur,full_trace,decode,attn_out_proj,673,21536,1010391056384,14
llama2_code_vidur,full_trace,decode,mlp_down_proj,673,21536,2715425964032,14
llama2_code_vidur,full_trace,decode,mlp_up_proj,673,43072,5430851928064,14
llama2_code_vidur,full_trace,decode,qkv_proj,673,21536,3031173169152,14
llama2_code_vidur,full_trace,mixed,attn_out_proj,1025,32800,277848950571008,27
llama2_code_vidur,full_trace,mixed,mlp_down_proj,1025,32800,746719054659584,27
llama2_code_vidur,full_trace,mixed,mlp_up_proj,1025,65600,1493438109319168,27
llama2_code_vidur,full_trace,mixed,qkv_proj,1025,32800,833546851713024,27
llama2_code_vidur,full_trace,prefill,PV,1323,1354752,116655401205760,1211
llama2_code_vidur,full_trace,prefill,QK,1323,1354752,116655401205760,1211
llama2_code_vidur,full_trace,prefill,attn_out_proj,25,800,6674379177984,2
llama2_code_vidur,full_trace,prefill,mlp_down_proj,25,800,17937394040832,2
llama2_code_vidur,full_trace,prefill,mlp_up_proj,25,1600,35874788081664,2
llama2_code_vidur,full_trace,prefill,qkv_proj,25,800,20023137533952,2
llama2_vidur,full_trace,decode,PV,76570,78407680,11072735412224,2131
llama2_vidur,full_trace,decode,QK,76570,78407680,11072735412224,2131
llama2_vidur,full_trace,decode,attn_out_proj,3784,121088,28434830983168,69
llama2_vidur,full_trace,decode,mlp_down_proj,3784,121088,76418608267264,69
llama2_vidur,full_trace,decode,mlp_up_proj,3784,242176,152837216534528,69
llama2_vidur,full_trace,decode,qkv_proj,3784,121088,85304492949504,69
llama2_vidur,full_trace,mixed,attn_out_proj,646,20672,154510374731776,144
llama2_vidur,full_trace,mixed,mlp_down_proj,646,20672,415246632091648,144
llama2_vidur,full_trace,mixed,mlp_up_proj,646,41344,830493264183296,144
llama2_vidur,full_trace,mixed,qkv_proj,646,20672,463531124195328,144
llama2_vidur,full_trace,prefill,PV,788,806912,36271642378240,631
llama2_vidur,full_trace,prefill,QK,788,806912,36271642378240,631
llama2_vidur,full_trace,prefill,attn_out_proj,14,448,2869575024640,8
llama2_vidur,full_trace,prefill,mlp_down_proj,14,448,7711982878720,8
llama2_vidur,full_trace,prefill,mlp_up_proj,14,896,15423965757440,8
llama2_vidur,full_trace,prefill,qkv_proj,14,448,8608725073920,8
llama3_vidur,full_trace,decode,PV,76570,78407680,11072735412224,2131
llama3_vidur,full_trace,decode,QK,76570,78407680,11072735412224,2131
llama3_vidur,full_trace,decode,attn_out_proj,4566,146112,33160368750592,56
llama3_vidur,full_trace,decode,mlp_down_proj,4566,146112,116061290627072,56
llama3_vidur,full_trace,decode,mlp_up_proj,4566,292224,232122581254144,56
llama3_vidur,full_trace,decode,qkv_proj,4566,146112,49740553125888,56
llama3_vidur,full_trace,mixed,attn_out_proj,646,20672,149784836964352,156
llama3_vidur,full_trace,mixed,mlp_down_proj,646,20672,524246929375232,156
llama3_vidur,full_trace,mixed,mlp_up_proj,646,41344,1048493858750464,156
llama3_vidur,full_trace,mixed,qkv_proj,646,20672,224677255446528,156
llama3_vidur,full_trace,prefill,PV,765,783360,36549906006016,590
llama3_vidur,full_trace,prefill,QK,765,783360,36549906006016,590
llama3_vidur,full_trace,prefill,attn_out_proj,14,448,2869575024640,8
llama3_vidur,full_trace,prefill,mlp_down_proj,14,448,10043512586240,8
llama3_vidur,full_trace,prefill,mlp_up_proj,14,896,20087025172480,8
llama3_vidur,full_trace,prefill,qkv_proj,14,448,4304362536960,8
phi2_vidur,full_trace,decode,PV,76570,78407680,6920459632640,2131
phi2_vidur,full_trace,decode,QK,76570,78407680,6920459632640,2131
phi2_vidur,full_trace,decode,attn_out_proj,8625,276000,14157244006400,37
phi2_vidur,full_trace,decode,mlp_down_proj,8625,276000,56628976025600,37
phi2_vidur,full_trace,decode,mlp_up_proj,8625,276000,56628976025600,37
phi2_vidur,full_trace,decode,qkv_proj,8625,276000,42471732019200,37
phi2_vidur,full_trace,mixed,attn_out_proj,650,20800,56930756198400,176
phi2_vidur,full_trace,mixed,mlp_down_proj,650,20800,227723024793600,176
phi2_vidur,full_trace,mixed,mlp_up_proj,650,20800,227723024793600,176
phi2_vidur,full_trace,mixed,qkv_proj,650,20800,170792268595200,176
phi2_vidur,full_trace,prefill,PV,732,749568,22980539187200,475
phi2_vidur,full_trace,prefill,QK,732,749568,22980539187200,475
phi2_vidur,full_trace,prefill,attn_out_proj,21,672,1495898521600,14
phi2_vidur,full_trace,prefill,mlp_down_proj,21,672,5983594086400,14
phi2_vidur,full_trace,prefill,mlp_up_proj,21,672,5983594086400,14
phi2_vidur,full_trace,prefill,qkv_proj,21,672,4487695564800,14
upstream_reuse_prefill,CacheBlend_samsum,prefill,PV,600,51200,75742212505600,374
upstream_reuse_prefill,CacheBlend_samsum,prefill,QK,600,51200,75742212505600,374
upstream_reuse_prefill,CacheBlend_samsum,prefill,lm_head,200,200,26214400000,1
upstream_reuse_prefill,CacheBlend_samsum,prefill,mlp_down,600,6400,316051678035968,324
upstream_reuse_prefill,CacheBlend_samsum,prefill,mlp_gate_up,600,6400,632103356071936,324
upstream_reuse_prefill,CacheBlend_samsum,prefill,out_proj,600,6400,90300479438848,324
upstream_reuse_prefill,CacheBlend_samsum,prefill,qkv,600,6400,148705860648960,324
upstream_reuse_prefill,CacheBlend_wikimqa,prefill,PV,600,51200,239336038862848,364
upstream_reuse_prefill,CacheBlend_wikimqa,prefill,QK,600,51200,239336038862848,364
upstream_reuse_prefill,CacheBlend_wikimqa,prefill,lm_head,200,200,26214400000,1
upstream_reuse_prefill,CacheBlend_wikimqa,prefill,mlp_down,600,6400,514474704371712,296
upstream_reuse_prefill,CacheBlend_wikimqa,prefill,mlp_gate_up,600,6400,1028949408743424,296
upstream_reuse_prefill,CacheBlend_wikimqa,prefill,out_proj,600,6400,146992772677632,296
upstream_reuse_prefill,CacheBlend_wikimqa,prefill,qkv,600,6400,247958461218816,296
upstream_reuse_prefill,EPIC_hotpotqa,prefill,PV,200,51200,235586133950464,200
upstream_reuse_prefill,EPIC_hotpotqa,prefill,QK,200,51200,235586133950464,200
upstream_reuse_prefill,EPIC_hotpotqa,prefill,lm_head,200,200,26214400000,1
upstream_reuse_prefill,EPIC_hotpotqa,prefill,mlp_down,200,6400,230645649375232,99
upstream_reuse_prefill,EPIC_hotpotqa,prefill,mlp_gate_up,200,6400,461291298750464,99
upstream_reuse_prefill,EPIC_hotpotqa,prefill,out_proj,200,6400,65898756964352,99
upstream_reuse_prefill,EPIC_hotpotqa,prefill,qkv,200,6400,98848135446528,99
upstream_reuse_prefill,EPIC_multi_news,prefill,PV,199,50944,18671317811200,197
upstream_reuse_prefill,EPIC_multi_news,prefill,QK,199,50944,18671317811200,197
upstream_reuse_prefill,EPIC_multi_news,prefill,lm_head,199,199,26083328000,1
upstream_reuse_prefill,EPIC_multi_news,prefill,mlp_down,199,6368,76533632860160,8
upstream_reuse_prefill,EPIC_multi_news,prefill,mlp_gate_up,199,6368,153067265720320,8
upstream_reuse_prefill,EPIC_multi_news,prefill,out_proj,199,6368,21866752245760,8
upstream_reuse_prefill,EPIC_multi_news,prefill,qkv,199,6368,32800128368640,8
