workload_id,workload,grain,tessera_latency_change_pct,tessera_energy_reduction_pct,ws_to_tessera_sram_traffic,ws_to_tessera_hbm_traffic
llama2_conv,Llama-2-7B chat,64,-24.55614711429609,15.164080965454197,1.4371383717108706,1.0566743154547809
llama2_conv,Llama-2-7B chat,32,-19.33226198606437,12.410071309472059,2.338992309356387,1.1247831110015303
llama2_conv,Llama-2-7B chat,16,-13.24481590089972,13.789129793373956,4.140483431625792,1.3209136015052956
llama2_conv,Llama-2-7B chat,8,-4.636313601663478,19.998425377986916,7.7505577627433615,1.7305798944122375
llama3_conv,Llama-3-8B chat,64,-26.210893997463202,15.065358558914388,1.4157675653555681,1.0636329618356766
llama3_conv,Llama-3-8B chat,32,-21.051761348709274,12.871268457884833,2.38549596510098,1.1940857225839425
llama3_conv,Llama-3-8B chat,16,-12.2569962462031,13.52284317132506,4.174765474831871,1.4141888692620816
llama3_conv,Llama-3-8B chat,8,-4.32320242656663,20.263344361042492,7.973243556397511,1.8744321287048331
llama2_70b_conv,Llama-2-70B chat,64,-10.730858967082767,5.583257902822913,1.6677758941616012,1.154808515230432
llama2_70b_conv,Llama-2-70B chat,32,-6.058036382802012,6.895741383481457,3.1285417461089815,1.6646840377063425
llama2_70b_conv,Llama-2-70B chat,16,-4.003785779137603,11.748976821734269,5.923861683309136,2.344595938966675
llama2_70b_conv,Llama-2-70B chat,8,-2.6329445121023642,21.042507461249794,11.325269454693052,3.828598132141579
phi2_conv,Phi-2 chat,64,-27.815312853105677,20.28877803960034,1.251995101261911,1.019279399730021
phi2_conv,Phi-2 chat,32,-30.571763726212687,20.170244672570583,1.8644984018319304,1.0726397422946388
phi2_conv,Phi-2 chat,16,-19.355038595393516,15.527095515857692,3.0044149605724724,1.1538734948340217
phi2_conv,Phi-2 chat,8,-6.590691117796088,17.898273186877212,5.397271438533277,1.361494542354094
llama2_code,Llama-2-7B code,64,-3.017363957756458,2.4852668682196377,1.6514549619446302,1.2499445107519311
llama2_code,Llama-2-7B code,32,-1.7547209804779085,4.585548793958161,3.083201175476853,1.5625029927225351
llama2_code,Llama-2-7B code,16,-1.1647502644367647,9.280434693528793,5.9034410743934185,2.4548431686081926
llama2_code,Llama-2-7B code,8,-0.8214330713513518,17.86973847023893,11.536357504656698,4.276349227328687
llama2_arxiv,Llama-2-7B arXiv,64,-25.478780020855062,16.679099648752672,1.3631486016800767,1.0450730212410952
llama2_arxiv,Llama-2-7B arXiv,32,-21.84817472048495,14.074664840851936,2.1505779712477118,1.0971288845920257
llama2_arxiv,Llama-2-7B arXiv,16,-17.43045167528059,15.254296983495518,3.671346986069263,1.2462649677913862
llama2_arxiv,Llama-2-7B arXiv,8,-5.71701743210431,19.990776062336202,7.081286804343693,1.551982620424074
gqa_decode,FlashInfer GQA,64,-15.217576115896325,11.934239317852068,1.0271058307830205,1.0042166286072431
gqa_decode,FlashInfer GQA,32,-7.3492635090632525,5.5803029743162424,1.1351916445401906,1.0025437629074012
gqa_decode,FlashInfer GQA,16,-1.360772972851798,1.8353027504305008,1.64957572801068,1.0019573799714105
gqa_decode,FlashInfer GQA,8,0.0,2.0672181333911577,2.5248445148064773,1.0000508410382185
single_kv_decode,FlashInfer MQA,64,-10.20526583012984,7.972538217467484,1.0277112300814666,1.0061013388350217
single_kv_decode,FlashInfer MQA,32,-5.613930993562988,4.336803970838132,1.1102521399145084,1.0059503778741552
single_kv_decode,FlashInfer MQA,16,-1.5650144385682574,1.6222626248178051,1.5537978130044714,1.0037740240216628
single_kv_decode,FlashInfer MQA,8,-0.37035917281411646,1.6081190557757807,2.7170231239424414,1.0017360510499649
cacheblend_samsum,CacheBlend SAMSum,64,-0.2854701579234731,1.6929883354220854,1.7569003384702477,1.37672311941052
cacheblend_samsum,CacheBlend SAMSum,32,-0.44456120902240936,5.260020761520201,3.449054561786042,2.387767714693252
cacheblend_samsum,CacheBlend SAMSum,16,-1.0049183335221756,11.39402077823587,6.803042765582829,3.955421579626038
cacheblend_samsum,CacheBlend SAMSum,8,-1.961993272314566,21.66521680459539,13.561192227285076,7.043415708655145
cacheblend_wikimqa,CacheBlend WikiMQA,64,-0.3345822911843932,1.801052792479807,1.82777969355721,1.3853727331198804
cacheblend_wikimqa,CacheBlend WikiMQA,32,-0.5925147302336287,5.297213660294153,3.5300813864707847,2.124454780082559
cacheblend_wikimqa,CacheBlend WikiMQA,16,-1.4748648002589793,11.51583033486655,7.056319894099188,3.4035966759274556
cacheblend_wikimqa,CacheBlend WikiMQA,8,-2.957844551068878,21.85571510778368,14.099871215713394,5.938356335904804
epic_hotpotqa,EPIC HotpotQA,64,-0.4255060476998307,1.7094069110723198,1.8205190956529511,1.1572407782715912
epic_hotpotqa,EPIC HotpotQA,32,-1.0634617716963612,5.323116835680786,3.430928827766824,1.7799048463226352
epic_hotpotqa,EPIC HotpotQA,16,-2.3291204697749035,11.607258134345322,6.86210006389348,2.75659772914713
epic_hotpotqa,EPIC HotpotQA,8,-4.781336260371615,22.230513147731358,13.787277109834907,4.871023241981284
epic_multi_news,EPIC Multi-News,64,-0.5869775422689849,1.6795841576961235,1.7114409065344622,1.101937164842594
epic_multi_news,EPIC Multi-News,32,-0.3778921571952698,4.736282584346707,3.086183075710932,1.3737159683014832
epic_multi_news,EPIC Multi-News,16,-0.8142280619530484,10.806180187362479,6.0791020265204105,2.162243794009814
epic_multi_news,EPIC Multi-News,8,-1.7742528043715122,21.18314135583528,12.138655285741034,3.9040362554314667
