workload_id,architecture,system_energy_J,dynamic_energy_sa_J,dynamic_energy_vu_J,dynamic_energy_sram_J,dynamic_energy_hbm_J,dynamic_energy_ici_J,dynamic_energy_other_J,static_energy_sa_J,static_energy_vu_J,static_energy_sram_J,static_energy_hbm_J,static_energy_ici_J,static_energy_other_J,sram_bytes_per_chip,hbm_bytes_per_chip,reduction_ops_per_chip
gqa_decode,Planaria-16,1.8674153823077941,0.1259651260367154,0.0001959145864098498,0.024054598203581388,0.41172647083706004,0.0,0.0,0.017985114683648457,0.03773182854731277,0.32087208375718473,0.3211504476615092,0.10278996492685491,0.5049438330675244,10013034808,4189371568,64566368
gqa_decode,Planaria-32,1.9362400668201012,0.1270028659847871,0.00042598803783529444,0.026830165602467634,0.4123477999679606,0.0,0.0,0.018878642136351473,0.03960640234018133,0.336440760798343,0.33748646913977215,0.10777732234442769,0.5294436504679753,11168400312,4189371568,139803024
gqa_decode,Planaria-64,2.2472030187880985,0.129619208719043,0.00027427822108235303,0.024828562773338256,0.4141979539532598,0.0,0.0,0.023080798444639613,0.04842230616633157,0.4113283854030602,0.4163929078638868,0.1317672444854883,0.6472913727579743,10335207480,4189371568,90014088
gqa_decode,Planaria-8,1.8667714994584066,0.12594062314909427,0.00016292846545772917,0.023468204362765723,0.41172647083706004,0.0,0.0,0.017985114683648457,0.03773182854731277,0.32087208375718473,0.3211504476615092,0.10278996492685491,0.5049438330675244,9768940856,4189371568,53611520
gqa_decode,Tessera-16,1.8646254092513928,0.12229949737899899,0.00021038133916279124,0.024915787052146136,0.41172647083706004,0.0,0.0,0.017985114683648457,0.03773182854731277,0.32087208375718473,0.3211504476615092,0.10278996492685491,0.5049438330675244,10371515704,4189371568,69314144
gqa_decode,Tessera-32,1.9251237797749334,0.12343248161788888,0.00040220947331764744,0.02662842966885195,0.41228296134139847,0.0,0.0,0.018779870171635824,0.03939918393187608,0.3346805221797792,0.33563105188439757,0.10721343762205937,0.5266736318837334,11084425144,4189371568,131999248
gqa_decode,Tessera-64,2.1960757889643223,0.12598419935734662,0.0002335189705882353,0.024306654500075523,0.4138929655950906,0.0,0.0,0.02244517450909359,0.047088800443491334,0.40000078043485526,0.4045196348443511,0.12813849590831897,0.6294655644011138,10117956472,4189371568,76637500
gqa_decode,Tessera-8,1.8645241968795772,0.1221853855557385,0.00018996522304787984,0.024949102619706925,0.41172647083706004,0.0,0.0,0.017985114683648457,0.03773182854731277,0.32087208375718473,0.3211504476615092,0.10278996492685491,0.5049438330675244,10385383736,4189371568,62533120
gqa_decode,WS,3.9238672926516083,0.13147810278963704,8.761800583529405e-05,0.0226713505614637,0.420583460267173,0.0,0.0,0.045827889847432794,0.09614451243842134,0.8167096984355677,0.8435112192796934,0.26162937041647855,1.2852240706098894,9437240248,4215000240,28754944
gqa_decode,WS-independent-16,1.8994867416652375,0.12142470815708492,0.0014366730263605998,0.041100477565502995,0.4118857403656772,0.0,0.0,0.018230614160700143,0.038246873590922215,0.32529866000356045,0.3257452328150887,0.10420799921573182,0.511909762764613,17108600568,4197571760,473413172
gqa_decode,WS-independent-32,2.0389006112265613,0.12328185698047872,0.0006682986994352942,0.03022837086730688,0.41297959466603035,0.0,0.0,0.02026953144994465,0.04252441526541997,0.3612281292685851,0.3635520053218984,0.11571784713502747,0.5684505615724426,12582946808,4200028336,219325828
gqa_decode,WS-independent-64,2.493677192990505,0.12596535129573042,0.00028110023232941206,0.024965506563855874,0.4150586471206788,0.0,0.0,0.02647385328328871,0.05554075748985557,0.4717968207439405,0.48000893213367085,0.1511380425776488,0.7424481815494955,10392212088,4207036592,92252972
gqa_decode,WS-independent-8,1.9038815821847956,0.12071075261257885,0.0029784811924191525,0.06299260489871075,0.41172647083706004,0.0,0.0,0.017985114683648457,0.03773182854731277,0.32087208375718473,0.3211504476615092,0.10278996492685491,0.5049438330675244,26221479160,4189584560,981461396
single_kv_decode,Planaria-16,0.08515217775257367,0.0037603870260289104,1.2208238937305775e-05,0.0006943147364000001,0.019275052666927105,0.0,0.0,0.0008460132404319057,0.0017748914643149194,0.015093294110254042,0.015109219791177592,0.004835070580330652,0.023751725897771372,289017408,101748160,4056230
single_kv_decode,Planaria-32,0.08755178988460488,0.0038270664704911908,1.3800505156634749e-05,0.0007121812565352938,0.01929292868599411,0.0,0.0,0.0008770089053599586,0.0018399187457833319,0.015650718198940185,0.01569560581587422,0.005013638942696471,0.024628922357773593,296454576,101748160,4573865
single_kv_decode,Planaria-64,0.0968189113445601,0.004043506948842673,7.184461941176465e-06,0.0006266127777941177,0.019339488868372286,0.0,0.0,0.0010019651117726153,0.002102070321640201,0.01785625799056091,0.018021956960190797,0.005720173943095686,0.028099693960349913,260835600,101748160,2357835
single_kv_decode,Planaria-8,0.08472073579392153,0.003737365588096684,5.194859807852575e-06,0.0005977560855509804,0.019272483319217434,0.0,0.0,0.0008418979742738753,0.0017662578514727105,0.015019684960358038,0.015032714882121868,0.0048114902119560975,0.023635890061066263,248823632,101748160,1713920
single_kv_decode,Tessera-16,0.085051567655714,0.003652226442933019,1.2270642702011656e-05,0.0007157393547843138,0.019275052666927105,0.0,0.0,0.0008458247516513272,0.0017744960247262959,0.015089875728679925,0.0151057600019767,0.004833975516783847,0.023746346524549773,297935680,101748160,4076710
single_kv_decode,Tessera-32,0.08718406052259248,0.0037197411551652764,1.3780028921340632e-05,0.0007132236748882351,0.019289014287090806,0.0,0.0,0.0008735584648103793,0.0018326799022441314,0.015588503654291232,0.01562883280389627,0.004993708786144608,0.02453101776514048,296888496,101748160,4567145
single_kv_decode,Tessera-64,0.09577637086658934,0.003930111829721215,7.02833064705882e-06,0.0006245187161470588,0.019333994077145266,0.0,0.0,0.0009894459826352972,0.0020758058444611685,0.017633151619823473,0.017785011468981354,0.005648702795607483,0.02774860020142017,259963920,101748160,2306595
single_kv_decode,Tessera-8,0.08466240844607127,0.003628283259678533,5.465427293488686e-06,0.000648240498633333,0.019272483319217434,0.0,0.0,0.0008418979742738753,0.0017662578514727105,0.015019684960358038,0.015032714882121868,0.0048114902119560975,0.023635890061066263,269838416,101748160,1803520
single_kv_decode,WS,0.13469305967254164,0.004370456521037673,2.4805496470588226e-06,0.0005902384119254907,0.019424035816402837,0.0,0.0,0.0015121260179534115,0.0031723611806168494,0.02694795654416292,0.027633800976258928,0.008632659705358162,0.042406943949178266,245694304,102479040,814080
single_kv_decode,WS-independent-16,0.08645407988125778,0.003633019313701434,4.2293275499999966e-05,0.0011121142441450976,0.019282971116066857,0.0,0.0,0.0008592100668839592,0.0018025777149625326,0.015329789142156738,0.015357385412645065,0.004910830726710508,0.024123888868485738,462931808,102132160,13976080
single_kv_decode,WS-independent-32,0.09113647059838496,0.00373942479155488,1.960477647058825e-05,0.0007918581112823533,0.01931255907678265,0.0,0.0,0.0009267416417519072,0.0019442554217365766,0.016515682683244413,0.016605534478125995,0.005290726522156609,0.025990083095279115,329621088,102353600,6434000
single_kv_decode,WS-independent-64,0.10407368519292183,0.003929523859243149,8.156123294117645e-06,0.0006418248979803925,0.019355155785207776,0.0,0.0,0.0011018975575600013,0.002311723358447994,0.0196371778176499,0.019895284241033102,0.0062906837999224625,0.03090225775258306,267167840,102368960,2676720
single_kv_decode,WS-independent-8,0.08604613270282349,0.003588969820631716,8.786066572901163e-05,0.0017577473828224268,0.01927653119182398,0.0,0.0,0.0008450330987728997,0.001772835178454073,0.01507279707035032,0.015091228887332919,0.00482937624988726,0.023723753157019058,733157216,101924800,29062160
llama2_70b_conv,Planaria-16,554612.6567180351,350657.463109982,401.81283537624995,8030.043199035445,5477.7044595316775,175.51209275896974,0.0,2495.9521090415465,5236.376786981585,46184.669559454196,48757.97021093283,14661.290345429665,72533.86200951094,835652181573577,82311157447268,28333457445120
llama2_70b_conv,Planaria-32,560443.4807236776,350763.3391005142,387.07174281939757,7762.861413921425,5501.206452066256,175.51209275896974,0.0,2576.7216688416993,5405.827092738752,47624.59345130429,50281.09134624797,15129.816030057975,74835.44033240664,807847639871433,82207658113636,27057421075456
llama2_70b_conv,Planaria-64,574642.916158548,351038.7597047016,373.6135909053962,7460.691181298647,5516.973724634212,175.51209275896974,0.0,2769.4684323486117,5810.199706514911,51050.190778665026,53908.375486410165,16241.698227446428,80297.43323286403,776402081816521,82146425223780,25883257219840
llama2_70b_conv,Planaria-8,553738.5515749176,350714.13531454984,415.5792639772812,8255.999333239542,5483.505553597568,175.51209275896974,0.0,2480.5272441673783,5204.016228428875,45901.606274869395,48469.84470349954,14567.026045345288,72070.799520484,860278068408265,82694144424548,29524825254912
llama2_70b_conv,Tessera-16,544722.3514698765,340775.3704617134,651.5424844261079,11501.404680940012,5467.428303967635,175.51209275896974,0.0,2440.0445698329913,5119.085698154821,45275.845713125294,47840.136929163076,14370.51564838875,71105.46488740544,1197832556474313,82194300549732,49918297827328
llama2_70b_conv,Tessera-32,550035.587536785,340908.5845159541,635.4113308823634,11125.761408670181,5493.125026818803,175.51209275896974,0.0,2514.971671072676,5276.278831879683,46610.83047125299,49249.49346286908,14805.135246930784,73240.48347769545,1158626095669193,82104137349732,48510574196480
llama2_70b_conv,Tessera-64,563410.4546640696,341197.16721327463,620.3742050002934,10731.326144275008,5513.535980719447,175.51209275896974,0.0,2697.493949635641,5659.2010118012295,49854.670250511386,52686.55261027552,15858.686898466423,78415.93430735098,1117578739564489,82088692349540,47200622682368
llama2_70b_conv,Tessera-8,544325.0011761639,340802.90520839195,672.7139108083728,11902.895250914833,5477.9709797568385,175.51209275896974,0.0,2428.827578548649,5095.553037985445,45069.42029139479,47635.568415394366,14300.772869681408,70762.86154052832,1240965239476169,82584351193700,51749971225088
llama2_70b_conv,WS,645756.1543192507,342133.86093872297,605.1576971281002,9636.051831508299,5622.6641246068,175.51209275896974,0.0,3821.2656681405947,8016.8152141448,69787.90223521061,73882.40666154637,22252.02895658553,109822.48889889763,1002782519832521,83589599132260,45823273041920
llama2_70b_conv,WS-independent-16,617241.9671209314,340798.51498321537,4432.760626731944,67411.32819458462,11510.018329227341,175.51209275896974,0.0,2550.3274425394193,5350.4533884841485,46661.17868456036,49306.53554485488,14974.224233795932,74071.11360017836,7095794384318409,192712423275108,376401341603840
llama2_70b_conv,WS-independent-32,590773.822497522,340996.8000251155,2245.603970623613,34831.9375272545,8523.145681773334,175.51209275896974,0.0,2687.279722317837,5637.772097908981,49591.35923870753,52354.27388478099,15766.594960399338,77963.54329588136,3624810108432329,136677446875748,187498452213760
llama2_70b_conv,WS-independent-64,596727.2775459541,341484.5217099684,1152.3219730843239,17910.520045803423,6219.98028432143,175.51209275896974,0.0,3037.5494151644107,6372.619566400342,55820.256470163025,58934.28937857404,17777.554887390805,87842.15172232488,1863870881673161,94796720929380,93049031598080
llama2_70b_conv,WS-independent-8,689389.9282693455,340740.6799365941,8807.800459432174,132728.09903978952,18137.10101416259,175.51209275896974,0.0,2501.645577881951,5248.321386385261,45543.68349414107,48140.39021388938,14690.304476468296,72676.39057784222,14054265720975305,316182292724324,754231433912320
llama2_arxiv,Planaria-16,160539.0066701755,88841.2585384612,154.27763695124688,4187.758340518271,5299.164633465323,0.0,0.0,818.862785198185,1717.9312313733794,15119.403376025846,15778.861010820552,4840.938371762426,23780.550745599077,1743215403854612,387283399674480,42134242190336
llama2_arxiv,Planaria-32,181638.3157612907,88933.16082025862,144.05261163168365,3938.1370376781524,5392.397516062226,0.0,0.0,1106.9094597646322,2322.2380667501993,20252.69022649499,21204.789776123092,6485.359685614258,31858.580560912847,1639300016704276,387082382387824,38622734375936
llama2_arxiv,Planaria-64,223965.4159247337,89031.80942560393,125.1116932374267,3625.376745000204,5445.08657756454,0.0,0.0,1686.5938365236366,3538.385525365747,30551.281987958402,32112.230609191018,9784.468394485022,48065.07112980379,1509109536254740,387070559406704,32243407269888
llama2_arxiv,Planaria-8,153250.39856218136,88789.21679740617,129.79162165178943,3778.989794077008,5233.112841176627,0.0,0.0,727.201977358455,1525.6316577120267,13480.701784727695,14067.82386702186,4316.012957488933,21201.915263560808,1573101579561748,386867684117104,33902472891392
llama2_arxiv,Tessera-16,157907.93324932558,86354.38539954007,218.10676922759166,5072.917437531286,5286.604080830798,0.0,0.0,803.5765144789741,1685.861436098176,14856.43190418954,15506.39869337558,4756.735779530164,23366.9152345234,2111750300658452,386943264377456,64135384217600
llama2_arxiv,Tessera-32,178062.81490809013,86454.25827920559,203.04588044706958,4734.290773360214,5388.998257973261,0.0,0.0,1079.753085353734,2265.265415685087,19778.47666547457,20712.790063037715,6333.474476672817,31112.462010880085,1970766074129172,386974768794224,58970611771392
llama2_arxiv,Tessera-64,219191.7379366441,86546.58932735531,182.7791212350744,4390.240526386229,5443.712560880013,0.0,0.0,1643.6651948067095,3448.323483642671,29795.638382256308,31322.283896845995,9542.428304751316,46876.07713848446,1827550748945172,387020390107760,52149048193024
llama2_arxiv,Tessera-8,151579.87697286982,86286.39985915243,196.4498396452032,5011.1238530245455,5237.86580140997,0.0,0.0,719.9734633658803,1510.466613984636,13362.266440640393,13958.2568703116,4278.658487601587,21018.415743733585,2086951590750996,386829602114160,56912224241664
llama2_arxiv,WS,385287.8286555439,86724.02243262611,161.30478984194949,3891.6978756811463,5552.169081812663,0.0,0.0,3903.086371846673,8188.470764757674,70033.00101960219,74205.90607878384,22432.26394900828,110195.90629158341,1619969120316180,390800779119216,44812854558720
llama2_arxiv,WS-independent-16,186331.4924870852,86408.10170075181,1131.5091016050508,18446.61915247476,6662.242295513763,0.0,0.0,980.3379342502074,2056.6976360280887,17877.39173625479,18708.0323668236,5760.883856144426,28299.67670723871,7752968101653268,482233834916464,378853306617856
llama2_arxiv,WS-independent-32,207229.7007376091,86480.04904643391,577.1058927570961,10181.755211544798,5935.649281557782,0.0,0.0,1391.8341182699114,2919.9950759616404,25305.68589540808,26523.27955310832,8104.0646894942065,39810.281973073346,4238286105504532,424561196452464,187982001377280
llama2_arxiv,WS-independent-64,263069.3343598306,86554.19182979094,299.70936610056435,5984.736437384044,5685.407198454688,0.0,0.0,2216.823755749957,4650.780122498612,39980.201242122435,41989.510948590614,12804.98132937489,62902.99212976382,2491223247923988,404464568371824,92538318237696
llama2_arxiv,WS-independent-8,189453.00243252906,86323.9952014089,2239.133985915205,34932.687829435046,8148.348263707316,0.0,0.0,766.0044590922007,1607.0372319182718,13980.45468284436,14624.333164381538,4538.1026045926,22292.905009233607,14778302760889108,600352819546736,760585966243840
llama2_code,Planaria-16,100646.57784365586,53406.852127380385,66.28298012703303,1185.7539353846175,591.6123241999404,0.0,0.0,625.6784506224527,1312.640616414758,11472.77443167297,12144.627594008576,3355.7281835765943,16484.627200268536,493608171466262,42950844055380,16758779161600
llama2_code,Planaria-32,101331.30812137379,53418.11884666861,65.86913378080877,1160.7584040622653,595.8553165114905,0.0,0.0,634.6442621921742,1331.4504194594829,11632.082290636241,12312.668716081094,3413.1509284405392,16766.70980354108,483180563033622,42946386181972,16613679886336
llama2_code,Planaria-64,102723.12457480238,53449.96692493551,62.99788039091008,1106.0407350817466,598.3077413066082,0.0,0.0,652.8524750759569,1369.6502963448083,11956.32884024728,12656.033328453765,3530.0387286202103,17340.907624345593,460403632008726,42949046058836,15626948995072
llama2_code,Planaria-8,100401.23010547171,53404.14153764831,65.78600668176725,1180.6683299818103,588.5799211376043,0.0,0.0,622.6557500754352,1306.2991489959477,11418.6878912024,12088.4410082712,3336.3815271002395,16389.588984377,491507126677014,42943307792212,16593915550720
llama2_code,Tessera-16,99629.56272139151,51910.77137934529,107.00401094249031,1747.3183602668223,591.1904721021888,0.0,0.0,623.9646267485134,1309.0451036971874,11443.853064351297,12114.505907047045,3345.8429018084366,16436.066895082247,727395434237462,42943547268948,30815011696640
llama2_code,Tessera-32,100228.80977549218,51927.733607348884,105.5992344089252,1690.8486914914085,595.6980069939156,0.0,0.0,632.1510352773283,1326.2197599871336,11589.34363922108,12267.877563745293,3398.51681684096,16694.821420177243,703841663340054,42944100310868,30322941241344
llama2_code,Tessera-64,101532.07082897401,51955.93863281688,101.82703978443061,1621.4167529980207,598.1611247228009,0.0,0.0,649.4774088645801,1362.569584218999,11897.44443728954,12594.001453868821,3509.7910674535924,17241.443326956356,674939729038870,42945801428820,29035657848832
llama2_code,Tessera-8,99420.37723795365,51900.68391280744,107.06586388899382,1777.4264051129362,588.8582913383666,0.0,0.0,621.0181708102488,1302.8635934738616,11391.023599435424,12060.443247628755,3327.083018557062,16343.911134900567,740092226498070,42941746102100,30856603686912
llama2_code,WS,107944.96969315944,52080.31736781882,96.38339573640766,1408.6971608148237,602.1876379043756,0.0,0.0,733.0366240458,1537.872440843727,13386.290815043638,14183.19757356304,4045.23531493237,19871.751362456438,586388248342038,43045490163540,27079957250048
llama2_code,WS-independent-16,109821.4727824371,51897.61931974791,679.128775674504,10197.64366469219,1444.5640938798076,0.0,0.0,630.2609133930208,1322.254383278353,11478.537575451095,12156.429086694325,3385.2728765903466,16629.762093035537,4294136083803670,105419673648980,228438703724544
llama2_code,WS-independent-32,105045.73312385775,51913.45190123494,345.9699623442627,5213.2579600514955,930.8360196677445,0.0,0.0,641.7446159877634,1346.3465898066156,11757.647301151548,12444.261183570408,3459.2164129998782,16993.001177043083,2170085443759638,67100285255508,113377569552384
llama2_code,WS-independent-64,104119.72382856718,51946.94954143864,179.4036827231886,2677.7135003156627,746.6469274249263,0.0,0.0,666.5077734698989,1398.2983971117785,12198.995493427901,12908.353115396018,3618.989141442475,17777.866255816683,1114632564534806,53679868755796,55845580859392
llama2_code,WS-independent-8,121052.06459366657,51893.780431043604,1345.577578733837,20157.942082335718,2494.815921037126,0.0,0.0,625.4982551236573,1312.262575696914,11356.69751361591,12031.573733122887,3354.639133826746,16479.277369130174,8537968511299094,183633902763860,458561747228672
llama2_conv,Planaria-16,60103.934589556695,34074.406003238655,52.49206553590362,1366.3661768469171,1584.0798581572933,0.0,0.0,304.4626633794635,638.7467200382373,5622.109851020253,5886.980093329167,1788.4985512494595,8785.792606761343,568780781805024,111127753005240,14922839209984
llama2_conv,Planaria-32,65779.83352548475,34107.4500740238,49.590334666974385,1303.0500712204075,1605.6149359096055,0.0,0.0,381.5298893822772,800.4297234165265,6995.046969120716,7340.239094123474,2232.0744493270176,10964.807984293942,542411293228512,111085959280824,13933223498752
llama2_conv,Planaria-64,78035.61795735548,34181.3217861938,43.222477952029855,1186.549813801037,1616.0865239323762,0.0,0.0,548.7953492735088,1151.3438969158633,9973.51606227064,10488.195737257392,3187.645564825016,15658.940744933816,493916567903712,111055343917240,11748073563136
llama2_conv,Planaria-8,57911.92777945708,34063.46471033297,51.45414876103214,1344.601131472313,1564.7547570752586,0.0,0.0,275.4683511432802,577.9181716866641,5104.382462919206,5344.445951924184,1621.2474092390755,7964.190684903101,559769604546016,111067983026360,14557425844224
llama2_conv,Tessera-16,58398.68457746226,33121.51179853392,74.77990901226043,1684.4761688814874,1577.847642868448,0.0,0.0,289.13195736599585,606.5837018432462,5358.0669563151405,5612.127027631095,1703.90802083724,8370.251394173432,701457963777504,111073539881144,22614434247680
llama2_conv,Tessera-32,63432.12877960409,33154.22948545119,71.00084909791929,1596.8157491687505,1602.3831285064618,0.0,0.0,357.7972941373444,750.6399817042563,6581.184970899892,6904.957745555468,2099.511545953857,10313.60802912895,664936620178912,111075376773304,21323646780416
llama2_conv,Tessera-64,75041.06701188142,33223.82610403059,65.27378533440152,1479.0122786028498,1616.1298360484868,0.0,0.0,516.2176243120592,1082.9975363654444,9401.867459126712,9891.825207246207,3004.52670232489,14759.390478489771,615899304410592,111071509657784,19363651675136
llama2_conv,Tessera-8,56953.73760019749,33104.8179874581,74.94602112891965,1735.0188300781087,1565.2847988156807,0.0,0.0,269.2466872546078,564.8654467385262,5002.646132305883,5243.998127478267,1588.684485705044,7804.229083234361,722872639749600,111050663196856,22677123240960
llama2_conv,WS,123432.721117115,33403.54239332336,59.89452945205136,1327.3028029155198,1664.2691415581696,0.0,0.0,1172.4268750620538,2459.6901722468538,21084.4235254605,22338.021200307106,6752.4617699749715,33170.68870681441,552506803641824,113447753062584,17463903961088
llama2_conv,WS-independent-16,67739.35170529554,33134.80883383897,431.7858401792772,6904.958967662395,2081.0624630709526,0.0,0.0,334.97066270122,702.7509046085314,6118.222739284176,6418.621347422211,1964.0417325272883,9648.128214000522,2904375077002720,146718549596344,145786057800704
llama2_conv,WS-independent-32,72419.43192318606,33190.93173784366,219.36087510494892,3736.2973045045624,1800.7571810646489,0.0,0.0,446.52106777065256,936.7778114421958,8149.85722568437,8550.968327304941,2602.665697147939,12785.294695318144,1555281640807904,124935707842744,72460306066432
llama2_conv,WS-independent-64,88454.35738289598,33294.249252206275,113.12531049932029,2126.379026684918,1703.9771410879719,0.0,0.0,687.9189812375365,1443.2179894908031,12450.574516812887,13089.037666114224,3982.4672089277938,19563.410289834246,885132523478496,117366411434168,35797296505856
llama2_conv,WS-independent-8,71190.77076831211,33107.816440394454,856.6661702688817,13236.71872019408,2667.3272251522612,0.0,0.0,283.22407791151306,594.189280202023,5170.5192085782965,5424.739097650599,1665.9218468852573,8183.648701074743,5602666149486048,192182044989624,292438771850240
llama3_conv,Planaria-16,61998.36576698631,37055.41053795514,60.78347945101929,1445.4594300806432,1402.554588054784,0.0,0.0,289.65296412938443,607.6767467425295,5379.691163640815,5638.464364631887,1711.4368067439218,8407.235685556187,601691208385602,97306938713180,17698559075584
llama3_conv,Planaria-32,65909.51184669892,37126.90578624003,57.36777938339904,1356.0739835593026,1419.971391416907,0.0,0.0,342.7469730270887,719.065196349633,6323.456630939147,6637.902972238629,2017.1254224786985,9908.895711066094,564483176342594,97213168567388,16472051805440
llama3_conv,Planaria-64,75501.15325025274,37247.43030994168,52.92766588035684,1253.495917741309,1430.6382407169176,0.0,0.0,472.78417186175307,991.8764281658753,8639.522969516305,9090.384326559923,2760.6616501171693,13561.43156975146,521783741711426,97140080206940,14895949080832
llama3_conv,Planaria-8,60873.38158933829,37040.32994831183,58.48744502301401,1400.6127357707928,1392.731214609448,0.0,0.0,275.4891716357907,577.9618519893766,5124.301479507998,5373.616165051957,1628.759350166716,8001.092227271371,583891788235842,97283077252188,16948397145344
llama3_conv,Tessera-16,60832.079636860355,36009.99727193284,83.72100469175102,1791.259751706667,1398.7879713273053,0.0,0.0,282.5266447286185,592.7261019158079,5261.307672459524,5517.370148370108,1673.5012797816967,8220.881789946034,745840470246466,97133278454876,25627810098432
llama3_conv,Tessera-32,64497.488527241905,36083.819972528254,79.82517017931718,1661.0656214721978,1417.7402236601179,0.0,0.0,332.72942120796824,698.0488973517066,6154.72549159434,6463.0041930244315,1963.087733294063,9643.441802929512,691641664529474,97109793227868,24233696567552
llama3_conv,Tessera-64,73807.88544835872,36202.58667410504,75.2477816524952,1549.5103853781195,1430.3396665862317,0.0,0.0,459.12679080768197,963.2239580870804,8404.390196405782,8846.693420046147,2685.3406619999027,13191.42591329024,645205356880962,97122087683164,22605956439296
llama3_conv,Tessera-8,59955.248272392535,35993.56606680643,82.4206180380708,1817.1872994007965,1390.963912666821,0.0,0.0,270.728025396896,567.9732165686656,5048.210890020615,5298.174756794533,1604.4327709122933,7881.590715787414,757654101173314,97116515812444,25225041005824
llama3_conv,WS,114801.1502296804,36367.05530452117,64.84614002247747,1326.5790652024145,1491.335465639904,0.0,0.0,1016.5120766116476,2132.589091903548,18315.07525140209,19403.19323049427,5866.324230975844,28817.640372907026,552205538542658,100585420825692,19049257000192
llama3_conv,WS-independent-16,70344.68045402836,36060.35819339552,469.58934984909416,7402.044355066842,1962.4212699396635,0.0,0.0,323.6210677063221,678.9400488001746,5934.249744873495,6236.907131087182,1907.2760313488664,9369.273261961194,3113709044917314,137364801225820,158586273905920
llama3_conv,WS-independent-32,74025.5107421895,36173.537832174894,238.7499488363115,3963.621858554359,1683.7442449564776,0.0,0.0,424.9846185347149,891.595469022834,7786.527398000673,8161.307345657795,2486.550386468893,12214.891639982541,1649908400030786,115957417616476,78853094325504
llama3_conv,WS-independent-64,86899.62563691412,36267.228112833654,122.90006610152965,2194.432892262266,1516.2959876236657,0.0,0.0,626.5679162770751,1314.5066687680135,11377.422766989457,11963.86123629093,3639.2101862673,17877.19980350023,913460817265730,103302253782108,38985560882432
llama3_conv,WS-independent-8,75191.57631073226,35997.40832049263,931.1164062613557,14264.739904778284,2544.777629443819,0.0,0.0,283.86900733902723,595.5423083595813,5194.8003036115815,5464.668379217958,1676.9298425575817,8237.724208670441,6040960680158274,182038317466716,318052415225088
phi2_conv,Planaria-16,28830.78602773739,13694.964273047412,34.764530140554804,874.871669066756,1214.3603954998416,0.0,0.0,176.29084437033464,369.84895738752243,3213.8554486306925,3348.4680305404027,998.4739412239944,4904.887937829882,364206947314938,81795913950168,8828583288832
phi2_conv,Planaria-32,33989.438328681186,13917.497224287814,30.868251258044538,813.8244166239961,1231.625875964324,0.0,0.0,242.9418696736065,509.67931729799034,4400.615030209608,4601.105567047664,1393.9013507982065,6847.379425519928,338764844138746,81734662617048,7461653661696
phi2_conv,Planaria-64,47957.430712187306,14335.031854300676,26.799676643413736,772.5956193793589,1244.117102252683,0.0,0.0,426.9339018283404,895.6849632695472,7679.164009246185,8097.367898223075,2449.0517531413616,12030.683933902668,321602828859642,81680658116568,6049620671488
phi2_conv,Planaria-8,27543.634979066417,13683.161862706496,33.407300253724124,852.287702886705,1199.2467719262474,0.0,0.0,160.4138368942734,336.53982733922726,2929.9277657194352,3052.071066147509,895.8447852109165,4400.734059981884,354922582294778,81774822914008,8372904973312
phi2_conv,Tessera-16,27775.199806306835,13309.877394107574,42.519231170152985,991.9602166259431,1205.3491211180394,0.0,0.0,165.19461518724538,346.569649781068,3024.729200266435,3152.546623538518,936.4163867856705,4600.037367726189,413117363913978,81516498582488,11491170516992
phi2_conv,Tessera-32,32023.38380347681,13530.314556495478,38.5245295305261,918.4771713146137,1227.2313285968733,0.0,0.0,219.4911026183326,460.48083636554753,3991.315919441868,4174.1373589713,1262.3351827251272,6201.075817417143,382452316603642,81515882216408,10094400546816
phi2_conv,Tessera-64,45415.690897740045,13934.094877129537,34.47794242591757,873.8438304250235,1239.4717036769441,0.0,0.0,396.1476738340291,831.0970695178578,7139.0369726053705,7511.113048342466,2275.9696569290154,11180.438122853888,363873115129082,81521791106008,8700244671488
phi2_conv,Tessera-8,27024.671536319245,13294.335382141673,42.20806456287412,1032.610442228454,1196.499183479651,0.0,0.0,155.57297027102956,326.383942727901,2852.088091597161,2978.121844430473,870.5204461610956,4276.3311687189325,430716749969658,81518623633368,11411053591552
phi2_conv,WS,90327.83185436696,14011.355378864258,28.99898996310484,772.551709173494,1269.761401814928,0.0,0.0,1006.7433621233344,2112.09484059156,18001.808125215215,19070.11881679842,5759.841749776944,28294.557480045696,321584550673658,82985612735448,6840033792000
phi2_conv,WS-independent-16,32880.60233742873,13344.792036975774,178.2517706493312,2955.796302166815,1394.1748606065905,0.0,0.0,203.153475708751,426.2053508728697,3674.271959296105,3838.7369095418057,1161.1591976435238,5704.060473967165,1241175988615418,94059727106008,58171836239872
phi2_conv,WS-independent-32,40114.59595752213,13554.995555172982,93.37585165883395,1713.0565212810884,1316.2673867235862,0.0,0.0,316.7769939882104,664.5815406316558,5716.1453542396175,5989.575930622766,1818.1870237160476,8931.633799487341,713081733084410,87437174893528,28944330991616
phi2_conv,WS-independent-64,56975.278738422116,13949.346365034418,50.843828772213755,1094.4224156218502,1263.806385873154,0.0,0.0,549.9294034153445,1153.7230831037666,9869.555137336478,10402.014520421333,3152.981258057289,15488.656340786269,455567357622522,83093482303448,14332904127488
phi2_conv,WS-independent-8,32916.08177478642,13312.34448965407,348.71762220846944,5495.677337567983,1600.0214217228609,0.0,0.0,166.02699603539733,348.3159412004404,3001.198646279851,3133.78071669059,931.9418552372186,4578.056748189539,2324695212709114,110987161177048,117008303514624
cacheblend_samsum,Planaria-16,29634.28119146107,19428.413300945453,15.261860103663398,346.48260249461873,132.74124271656925,0.0,0.0,125.71411926115714,263.7416373136047,2358.5873836740034,2496.1593146436976,755.5631253613158,3711.6166049469093,144227824126720,9640119107072,5273760090112
cacheblend_samsum,Planaria-32,29643.29743154275,19429.223785913277,15.176923588608132,345.46444652416665,133.45596684726488,0.0,0.0,125.82903143621306,263.98271703777857,2360.6692259099786,2498.3725813431747,756.2300343922119,3714.892718550076,143804003654400,9690784386560,5244459911168
cacheblend_samsum,Planaria-64,29661.15127126416,19430.675233568087,15.123263254170425,344.4959064348951,133.59216501051526,0.0,0.0,126.06172870974616,264.4709037289854,2364.858969844146,2502.814945713548,757.5722004884434,3721.485954511631,143400836428544,9699892864512,5225874438144
cacheblend_samsum,Planaria-8,29629.25617029875,19427.94798766206,15.26982598397128,346.3086475377754,131.64598946164296,0.0,0.0,125.66956706988113,263.6481691499462,2357.786453680706,2495.3167660222307,755.306550950242,3710.3562127803175,144155413146368,9561317756416,5276594096128
cacheblend_samsum,Tessera-16,29261.745719047376,18868.339773611096,28.91241238553788,547.7665347008068,128.68384207901465,0.0,0.0,125.39389462713416,263.0698228047656,2352.8832593282095,2490.3200975359227,753.73583414116,3702.6402478336845,228014840746752,9343795068416,9990828218752
cacheblend_samsum,Tessera-32,29261.425166703102,18871.77571998569,28.886435503552736,540.8814038282596,128.77876403931123,0.0,0.0,125.44055895686408,263.1677221242645,2353.6215226389345,2491.098682175002,753.9723335552777,3703.802023895863,225148816774912,9349576775168,9981909630528
cacheblend_samsum,Tessera-64,29267.463942947375,18878.676918267985,28.875819857313996,527.6107752021574,129.0550613096717,0.0,0.0,125.60994119412287,263.5230771858044,2356.5705317085135,2494.1820185558468,754.9170356785767,3708.442763987395,219624747520768,9369387447808,9978194687488
cacheblend_samsum,Tessera-8,29264.524275563705,18868.323224891294,28.999793203502865,548.9966826386358,128.7142712734326,0.0,0.0,125.41203244077639,263.1078749877297,2353.237013963782,2490.6872866263047,753.8491578873661,3703.196937650907,228526905592576,9346672543232,10021083842176
cacheblend_samsum,WS,29294.049858439248,18901.398998185698,27.84713098934244,463.50362109287545,128.93077766940416,0.0,0.0,126.54420543800411,265.4831146327758,2373.2444439822852,2512.1572692996574,760.2584503561812,3734.681846793117,192939322966784,9356892718592,9621850400768
cacheblend_samsum,WS-independent-16,33024.572355112425,18864.50876086985,239.78259358707376,3683.1517652853395,504.756224452897,0.0,0.0,126.72550775699546,265.86347740141804,2349.1437193159563,2489.0266838704097,761.3871532330819,3740.226469339335,1551194712787712,36958648649216,82828829711488
cacheblend_samsum,WS-independent-32,30886.037132271416,18868.280646202158,118.66566135579397,1865.5294732590987,306.96511346180216,0.0,0.0,126.03827900548671,264.421707477743,2364.131534371008,2494.3243296202645,757.3391697246063,3720.3412177934465,776550553578240,22324617569792,40995950718592
cacheblend_samsum,WS-independent-64,29771.491826857207,18877.800971977344,58.116303665230525,926.9595495332247,177.77957167460517,0.0,0.0,125.99765047730008,264.3364709537265,2363.317096756855,2501.0463743996797,757.0782682064287,3719.0595692129045,385858793255680,12899052314112,20079393587072
cacheblend_samsum,WS-independent-8,37358.275700545324,18866.42067688068,482.1062927596077,7315.953838164257,893.6340544760593,0.0,0.0,128.0252061757841,268.59017660592906,2358.7176901189537,2498.5846864749074,768.9356230806377,3777.3074558085113,3099097295847552,65832500214656,166495355803776
cacheblend_wikimqa,Planaria-16,53543.95701537298,35091.19339974972,26.077669063685697,611.7677942824569,278.7461947280799,0.0,0.0,227.01979731466454,476.2756434859093,4259.92059185793,4504.638824411925,1364.6468807789029,6703.670219699789,254656185346368,20266703431808,9011308894208
cacheblend_wikimqa,Planaria-32,53558.54947066509,35092.077198831816,26.074309405361145,611.271506277194,279.01145984801127,0.0,0.0,227.1997808446137,476.6532395042191,4263.237718690899,4508.42449714918,1365.7095078134084,6708.8902523003435,254449599103296,20282205274240,9010191300608
cacheblend_wikimqa,Planaria-64,53588.297044755025,35093.685460518755,26.084641887436238,610.9829677257621,279.31686602200926,0.0,0.0,227.57034447459543,477.43066258982464,4269.943058741127,4515.983325340852,1367.8575340939062,6719.442183360619,254329491233088,20299467864192,9013783476224
cacheblend_wikimqa,Planaria-8,53537.72870306478,35091.1431435527,26.085011013722834,611.958962861456,278.7472764034554,0.0,0.0,226.9374416436562,476.1028656019184,4258.386264961904,4502.956661593124,1364.1553658861774,6701.255709546754,254735761717568,20267951134848,9013927294976
cacheblend_wikimqa,Tessera-16,52854.1359100346,34083.99353679356,48.07858566514705,951.7288338699091,277.44592757796073,0.0,0.0,226.4447507049469,475.06922581962124,4249.132014616112,4494.359569449107,1361.1908073701172,6686.692658167992,396169325326656,20161668378752,16613942237184
cacheblend_wikimqa,Tessera-32,52853.764684725335,34084.26569261773,48.07608951455882,950.421516224158,277.4352464688036,0.0,0.0,226.45534963323854,475.0914618160071,4249.29181028119,4494.541398610377,1361.241997210672,6686.944122348628,395625137600832,20159620176000,16613123037184
cacheblend_wikimqa,Tessera-64,52849.46270344321,34092.048406888185,48.08306626451717,914.2734781053539,277.6616687878805,0.0,0.0,226.76367832724804,475.73831926580357,4254.997159774937,4500.904837698388,1363.0696809016126,6695.922407429169,380578053427520,20172144693376,16615555606528
cacheblend_wikimqa,Tessera-8,52858.59699380281,34083.99956326592,48.07421740161764,951.6553007272787,277.4440533627518,0.0,0.0,226.5022625573322,475.1898826734598,4250.222050812678,4495.56166187042,1361.5399956855986,6688.408005445421,396138716213568,20161630695552,16612508637184
cacheblend_wikimqa,WS,52890.1270325598,34111.52786682722,48.07421740161764,823.9273979451887,278.5874680267948,0.0,0.0,228.2480143458767,478.85237848347487,4281.571685479179,4530.013592486521,1371.5827136749856,6737.741697888849,342970339602752,20229726130304,16612508637184
cacheblend_wikimqa,WS-independent-16,59732.8721171934,34067.310115378095,430.813656010486,6637.617290441668,937.2125877740987,0.0,0.0,229.9862794267561,482.49916757296177,4262.603675972769,4516.473676570368,1381.5670535346787,6786.788614511413,2795497491734336,68622187475072,148795745865952
cacheblend_wikimqa,WS-independent-32,55810.14743867725,34073.321090732876,212.1026160433336,3355.065303724234,588.0866143180689,0.0,0.0,227.94273969320855,478.21192825244043,4274.61956084062,4504.640542452765,1369.3556310338313,6726.801411585824,1396588934264640,42828201447552,73262590513248
cacheblend_wikimqa,WS-independent-64,53818.76711138094,34085.9828124094,102.7433205605332,1671.090497638887,384.7071405421601,0.0,0.0,227.6376731534918,477.57191463147853,4269.28141936496,4513.705764875163,1367.6455808211997,6718.400987383713,695612837868352,27945939226752,35495297798176
cacheblend_wikimqa,WS-independent-8,67642.306877221,34081.076683830426,868.6750216579633,13185.538166707545,1625.072501985637,0.0,0.0,233.73451497519213,490.36276942127864,4303.828540208484,4558.708291014643,1403.039729885346,6892.270657534193,5585504882169344,119726947383104,299862115762656
epic_hotpotqa,Planaria-16,29488.928529417415,19268.340874107274,14.8526954326096,363.39292149785666,195.03589999710871,0.0,0.0,124.94861287835225,262.1356450196466,2344.5757429771184,2475.0045451298984,751.0745577086374,3689.567034668898,151266961149952,14210745430016,5132408739840
epic_hotpotqa,Planaria-32,29498.627622318752,19269.01199679733,14.488823344983057,358.9631332020142,197.64048989487964,0.0,0.0,125.09631577893846,262.4455179684093,2347.300887706822,2477.877423537846,751.947545872355,3693.85548821515,149423004995584,14398081003520,5006712526848
epic_hotpotqa,Planaria-64,29520.258010731657,19269.437903630118,14.46638435127035,358.37088611388214,197.8121611077991,0.0,0.0,125.38005970649228,263.0407978659316,2352.536732518627,2483.493327476988,753.6248257973185,3702.094932163225,149176474554368,14409117528064,4998980196352
epic_hotpotqa,Planaria-8,29483.88060403163,19268.039839713296,14.865384208326113,363.61945700565605,194.8001018442715,0.0,0.0,124.88637067636517,262.0050641401192,2343.4244060832552,2473.779027492056,750.7057319835902,3687.7552208846223,151361259458560,14194429980672,5136874788864
epic_hotpotqa,Tessera-16,29091.414700808622,18719.704859811194,24.19404280223322,534.8632537223406,190.85108404645953,0.0,0.0,124.61503850153285,261.4358234496804,2338.3265339885456,2468.6185142746003,749.0726510135011,3679.7328991985264,222643684659200,13905802227712,8360403294208
epic_hotpotqa,Tessera-32,29091.607410800498,18720.710506272328,24.199556637120917,532.5237489706079,190.8064436267964,0.0,0.0,124.63727840607345,261.48248160448264,2338.7047692498236,2469.0206957947025,749.193817020795,3680.3281132177453,221669835821056,13901367668736,8362352023552
epic_hotpotqa,Tessera-64,29083.13663168792,18724.669302139053,24.190298576350866,493.5175306336455,191.7778311435861,0.0,0.0,124.97360629694329,262.188079902697,2344.933261022918,2475.5679881085043,751.1890870468028,3690.1296468173964,205432997498880,13971871363072,8359174494208
epic_hotpotqa,Tessera-8,29094.58166157107,18719.704859811183,24.18967453870381,534.8774835311232,191.07717546542875,0.0,0.0,124.65244531305653,261.5143009808909,2339.0393048326264,2469.3708743060643,749.3009840277223,3680.854558764207,222649607999488,13922913873920,8358969694208
epic_hotpotqa,WS,29130.501317440052,18733.83492088192,24.18229178991994,443.3498950842967,191.41558366400616,0.0,0.0,126.17654976974967,264.71179229855437,2366.365751421439,2498.5525234957886,758.0548913591101,3723.85711767523,184550076207104,13941645045760,8356237236224
epic_hotpotqa,WS-independent-16,32911.542380961255,18722.274562143477,234.54116644719286,3627.611190233017,523.5393140273507,0.0,0.0,127.72983872246753,267.9705111601958,2366.26221141006,2507.195988129358,766.9355027991683,3767.4820958889773,1527803242725376,38332702842880,80975432904704
epic_hotpotqa,WS-independent-32,30727.255100180806,18725.720401080504,114.3368434349853,1827.0510818137222,339.4671257470929,0.0,0.0,126.11214677828029,264.57667819587556,2363.8433395082857,2489.0129390344346,757.2468477641407,3719.8876968234954,760533429964800,24743111684096,39479158984704
epic_hotpotqa,WS-independent-64,29588.931878125073,18724.58104944693,54.22042285458418,898.4580885580406,221.97304239765057,0.0,0.0,125.57848282168285,263.45707916821254,2354.9537315712882,2485.4124115376876,754.3991008446894,3705.898468924286,373994694823936,16168819290112,18731025825792
epic_hotpotqa,WS-independent-8,37411.30723523906,18739.863873738264,475.4035374692603,7246.629343310823,920.0991368835095,0.0,0.0,131.23303927938764,275.3200424312266,2413.903819244115,2556.2418469883705,786.9265904388828,3865.686005455138,3069731843885056,67818837075968,163968247869440
epic_multi_news,Planaria-16,7175.013606861002,4666.819968760482,4.659782342227848,106.25018893296898,57.68442747500664,0.0,0.0,30.28809577261809,63.54283844272766,568.2360147009754,601.2894925135207,182.03193539031832,894.2108625301568,44228033271808,4181696402944,1609998429440
epic_multi_news,Planaria-32,7179.933796482205,4666.910107511523,4.656920868031,106.20208860853548,57.69951112490121,0.0,0.0,30.353466724810755,63.67998327630229,569.4161250506153,602.53777666164,182.40995862709903,896.0678580287408,44207980566528,4181640304128,1609049365760
epic_multi_news,Planaria-64,7189.760560547403,4667.49401602586,4.653258863974024,105.58020874615892,57.70840186307468,0.0,0.0,30.486209157994512,63.958469948082964,571.8067478710476,605.0675763610291,183.17578416414278,899.8298875460287,43949115103232,4181685851648,1607786392832
epic_multi_news,Planaria-8,7173.129223975368,4666.729003878658,4.655985486437744,106.21008514693378,57.688241804901715,0.0,0.0,30.264672292315392,63.49369720797285,567.8097409751111,600.8423657359708,181.89538025424034,893.5400511928311,44211339556864,4182536418816,1608773008640
epic_multi_news,Tessera-16,7078.256806905941,4533.6582263790515,6.8448421337732155,147.16263022195818,56.40312979503699,0.0,0.0,30.216169763858883,63.39194144382996,566.9226914443935,599.9018203689582,181.611218071489,892.1441372835955,61258361329664,4088956999168,2365054915840
epic_multi_news,Tessera-32,7080.522325761978,4534.175947601868,6.841172361333914,146.0360600218286,56.43441048574784,0.0,0.0,30.25534032353352,63.474119226276315,567.6123862731135,600.6313657008839,181.83213881957434,893.2293849478175,60789381715968,4090086839808,2363815982336
epic_multi_news,Tessera-64,7080.947452679575,4535.667153768001,6.822330842793851,134.66144915448774,56.46978054578783,0.0,0.0,30.393899056520542,63.76480819038689,570.1084028111015,603.270633107362,182.6317267718593,897.1572684312747,56054554155008,4092071007744,2357312167168
epic_multi_news,Tessera-8,7078.501366642046,4533.638685836603,6.865311934345812,147.4635396556667,56.39498282797165,0.0,0.0,30.214986976161423,63.38946001719509,566.9103321904148,599.8921227645077,181.60725843121062,892.1246860079634,61383622146048,4088919504384,2372196531456
epic_multi_news,WS,7778.943851583034,4586.7434837562705,6.75317986894032,120.64034957388122,56.3708197477675,0.0,0.0,39.428114610917845,82.71811921196708,730.2127577582002,773.0493500441819,233.92045478131388,1149.1072222295943,50218091747328,4083313071616,2307970970880
epic_multi_news,WS-independent-16,7935.815308476172,4532.664085987597,57.6028707096501,884.2183684279759,120.7819896628658,0.0,0.0,30.478681932765976,63.942678223828985,564.9431730921208,598.6135168130069,183.1020866429578,899.467856983403,372395828500480,8841321895424,19897392925952
epic_multi_news,WS-independent-32,7432.548842145582,4533.530363587251,28.50173994599595,450.69401688287286,77.11150613382793,0.0,0.0,30.381563504099756,63.738928847543264,569.765485356679,599.6857305565281,182.5218746691148,896.6176326616768,187607161034752,5618617603584,9846249614592
epic_multi_news,WS-independent-64,7201.909585122898,4535.675819221639,13.954326844602546,230.4651126162013,62.03790157565007,0.0,0.0,30.586355217196058,64.1685711346445,573.4745697461327,605.382391658777,183.71006358800926,902.4544735200386,95934056978432,4509205124608,4820860542208
epic_multi_news,WS-independent-8,8980.948350909834,4533.269937326827,115.83100245436827,1758.9837781746667,216.62160087993894,0.0,0.0,30.786801724053444,64.58909740665828,567.1550849050705,600.5842711039693,184.88763243461733,908.239144499649,745114629421056,15963289990656,39999513611520
