workload_id,workload,tiling_policy,architecture,grain,area_mm2,seconds,energy_J,performance_density_gops_per_mm2,energy_efficiency_gops_per_w,array_utilization,average_power_W,time_ns,hbm_bytes,sram_bytes,sa_ns,vu_ns,sram_ns,hbm_ns,ici_ns,static_J,dynamic_J,useful_macs,sa_calls,vu_fallback_calls,vector_calls,sa_macs,vu_macs,charged_sa_macs,padding_macs,padding_sram_read_bytes,reduction_ops,array_a_read_bytes,array_b_read_bytes,partial_write_bytes,reduction_read_bytes,reduction_write_bytes,skew_tail_cycles,dynamic_energy_sa_J,dynamic_energy_vu_J,dynamic_energy_sram_J,dynamic_energy_hbm_J,dynamic_energy_ici_J,dynamic_energy_other_J,static_energy_sa_J,static_energy_vu_J,static_energy_sram_J,static_energy_hbm_J,static_energy_ici_J,static_energy_other_J,peak_live_bytes
falcon_mqa_dolly_decode,Falcon-7B MQA decode,native_tail,WS,128,54.400000000000006,0.0015953920000000002,0.3141222477002661,61.44076115683756,16.97556354266302,0.10200126363928112,196.89345797162457,1595392.0,93716480.0,842795008.0,1595392.0,15680.0,7168.0,512000.0,0.0,0.18647973269598447,0.1276425150042816,2666201088.0,1024.0,0.0,0.0,2666201088.0,0.0,7147094016.0,4480892928.0,168317952.0,9306112.0,111673344.0,201326592.0,139155456.0,74448896.0,37224448.0,0.0,0.10597543220862331,0.00028223350663529405,0.002024670409537255,0.01936017887948573,0.0,0.0,0.002550168344310965,0.005350119608734418,0.045447155135789175,0.047055084400310435,0.014558796850548918,0.07151840835629056,398864
falcon_mqa_dolly_decode,Falcon-7B MQA decode,native_tail,WS-independent-64,64,57.68000000000001,0.000679936,0.14371967752504683,135.96577711678893,37.10279808463036,0.23933429028614459,211.37236081785173,679936.0,93716480.0,855640064.0,679936.0,17024.0,7168.0,512000.0,0.0,0.07897168084995981,0.064747996675087,2666201088.0,1024.0,0.0,0.0,2666201088.0,0.0,2977955840.0,311754752.0,13652992.0,18612224.0,93061120.0,83886080.0,176379904.0,148897792.0,74448896.0,0.0,0.043461663027801405,0.00030568651457023793,0.0020555284527686278,0.01892511867994673,0.0,0.0,0.0010697489330619104,0.002244277228193591,0.019369005783160472,0.01960362691751982,0.006204776064675534,0.030480245923348484,435216
falcon_mqa_dolly_decode,Falcon-7B MQA decode,native_tail,WS-independent-32,32,64.24000000000001,0.0005120000000000001,0.12322964591262632,162.1240348692403,43.27207253180651,0.3366906117584746,240.68290217309826,512000.0,93716480.0,1597155328.0,483328.0,23808.0,12736.0,512000.0,0.0,0.05929853359100841,0.06393111232161791,2666201088.0,1024.0,0.0,0.0,2666201088.0,0.0,2810445824.0,144244736.0,8570880.0,60089856.0,175652864.0,79167488.0,342290432.0,480718848.0,240359424.0,0.0,0.040949984116018794,0.0004293969683236994,0.0038368916537725494,0.018714839583502875,0.0,0.0,0.0008042187971329481,0.0016872089114635838,0.014585094716235295,0.014597747620977776,0.004672271133038806,0.02295199241216,507920
falcon_mqa_dolly_decode,Falcon-7B MQA decode,native_tail,WS-independent-16,16,77.344,0.0005120000000000001,0.12598846745073022,134.6561853537443,42.32452607684366,0.42265417220744683,246.07122548970742,512000.0,93716480.0,3093342208.0,385024.0,37344.0,23968.0,512000.0,0.0,0.05929853359100841,0.06668993385972181,2666201088.0,1024.0,0.0,0.0,2666201088.0,0.0,2735996928.0,69795840.0,6328320.0,143335936.0,341999616.0,77070336.0,675274752.0,1146687488.0,573343744.0,0.0,0.039865216324865976,0.0006786540171098266,0.0074312239342431375,0.018714839583502875,0.0,0.0,0.0008042187971329481,0.0016872089114635838,0.014585094716235295,0.014597747620977776,0.004672271133038806,0.02295199241216,653328
falcon_mqa_dolly_decode,Falcon-7B MQA decode,native_tail,WS-independent-8,8,103.568,0.0005120000000000001,0.13314081928547902,100.56048200216281,40.0508439456597,0.48450600228658536,260.04066266695116,512000.0,93716480.0,6088861696.0,335872.0,64448.0,46976.0,512000.0,0.0,0.05929853359100841,0.0738422856944706,2666201088.0,1024.0,0.0,0.0,2666201088.0,0.0,2698772480.0,32571392.0,4988928.0,309828096.0,674693120.0,76021760.0,1341243392.0,2478624768.0,1239312384.0,0.0,0.039322832429289564,0.001177168114682081,0.01462744556699608,0.018714839583502875,0.0,0.0,0.0008042187971329481,0.0016872089114635838,0.014585094716235295,0.014597747620977776,0.004672271133038806,0.02295199241216,944144
falcon_mqa_dolly_decode,Falcon-7B MQA decode,native_tail,Planaria-64,64,61.727999999999994,0.0012656640000000001,0.21374334399087677,68.25308147991564,24.947687616544464,0.12857440837378642,168.87842586253282,1265664.0,93716480.0,688130048.0,1265664.0,15680.0,6112.0,512000.0,0.0,0.14765280012830595,0.06609054386257082,2666201088.0,1024.0,0.0,0.0,2666201088.0,0.0,2977955840.0,311754752.0,13652992.0,9306112.0,74448896.0,83886080.0,139155456.0,74448896.0,37224448.0,0.0,0.044908928476215575,0.00027895172167441857,0.001653114378792157,0.019249549285888668,0.0,0.0,0.001999587173876093,0.0041950291525632,0.036054354138533654,0.03711665017960155,0.011549854240871928,0.05673732524285953,435216
falcon_mqa_dolly_decode,Falcon-7B MQA decode,native_tail,Tessera-64,64,58.288,0.000944128,0.17470674112244827,96.8975654138356,30.52201730591856,0.17236222207158353,185.04560941148685,944128.0,93716480.0,688130048.0,944128.0,15680.0,6112.0,512000.0,0.0,0.10998498469657836,0.06472175642586991,2666201088.0,1024.0,0.0,0.0,2666201088.0,0.0,2977955840.0,311754752.0,13652992.0,9306112.0,74448896.0,83886080.0,139155456.0,74448896.0,37224448.0,0.0,0.04364951347863903,0.00027895172167441857,0.001653114378792157,0.019140176846764306,0.0,0.0,0.0014916014355289304,0.0031293016817664004,0.026894914656737882,0.027530024945198545,0.008615667969323558,0.04232347400802305,435216
falcon_mqa_dolly_decode,Falcon-7B MQA decode,native_tail,Planaria-32,32,71.03999999999999,0.0009707520000000001,0.17758695489974088,77.32352605770328,30.026992573922332,0.1676349881329114,182.93751122814155,970752.0,93716480.0,1094625280.0,970752.0,19360.0,8640.0,512000.0,0.0,0.11308651354919336,0.06450044135054751,2666201088.0,1024.0,0.0,0.0,2666201088.0,0.0,2810445824.0,144244736.0,8570880.0,32171520.0,119816192.0,79167488.0,230617088.0,257372160.0,128686080.0,0.0,0.04238280124942845,0.0003478138225116279,0.0026296494318431376,0.019140176846764306,0.0,0.0,0.0015336639488952556,0.0032175466315776,0.027653339581982118,0.028306359705041452,0.008858626068241577,0.04351697761345536,507920
falcon_mqa_dolly_decode,Falcon-7B MQA decode,native_tail,Tessera-32,32,65.376,0.0007516160000000001,0.1506384549659884,108.51968774882263,35.39867809454077,0.21650949420980928,200.41943620943192,751616.0,93716480.0,1094625280.0,751616.0,19360.0,8640.0,512000.0,0.0,0.08743472311175834,0.06320373185423006,2666201088.0,1024.0,0.0,0.0,2666201088.0,0.0,2810445824.0,144244736.0,8570880.0,32171520.0,119816192.0,79167488.0,230617088.0,257372160.0,128686080.0,0.0,0.0411942283454656,0.0003478138225116279,0.0026296494318431376,0.0190320402544097,0.0,0.0,0.0011874571081108838,0.0024912228139008,0.02141091904343341,0.0217927052619614,0.006858894023300968,0.03369352486105088,507920
falcon_mqa_dolly_decode,Falcon-7B MQA decode,native_tail,Planaria-16,16,86.464,0.000823296,0.16116604200605042,74.90858070859618,33.08638786202749,0.1976591651119403,195.75710559270348,823296.0,93716480.0,1920772096.0,823296.0,26816.0,15104.0,512000.0,0.0,0.09577318444394238,0.06539285756210804,2666201088.0,1024.0,0.0,0.0,2666201088.0,0.0,2735996928.0,69795840.0,6328320.0,78193152.0,211714048.0,77070336.0,414703616.0,625545216.0,312772608.0,0.0,0.04126007803752305,0.00048641385376744183,0.004614325416407843,0.0190320402544097,0.0,0.0,0.0013007023364048373,0.0027288053710848004,0.02345283230370635,0.02387102865206671,0.0075130119819263996,0.03690680379875328,653328
falcon_mqa_dolly_decode,Falcon-7B MQA decode,native_tail,Tessera-16,16,79.536,0.000661504,0.14073458045468554,101.35068225428849,37.88977917703002,0.2460030476006192,212.74940205151523,661504.0,93716480.0,1920772096.0,661504.0,26816.0,15104.0,512000.0,0.0,0.07682678843691033,0.06390779201777519,2666201088.0,1024.0,0.0,0.0,2666201088.0,0.0,2735996928.0,69795840.0,6328320.0,78193152.0,211714048.0,77070336.0,414703616.0,625545216.0,312772608.0,0.0,0.03988458524777738,0.0004837626736432316,0.004614325416407843,0.01892511867994673,0.0,0.0,0.0010394282479182601,0.0021806660189574666,0.018843942373376003,0.01907220329626175,0.006036574303886138,0.02965397419651072,653328
falcon_mqa_dolly_decode,Falcon-7B MQA decode,native_tail,Planaria-8,8,119.984,0.000749568,0.1562820864190184,59.290965571365795,34.120367203845355,0.21710105020491804,208.4962090417659,749568.0,93716480.0,3576211456.0,749568.0,41792.0,27776.0,512000.0,0.0,0.08719648135941024,0.06908560505960816,2666201088.0,1024.0,0.0,0.0,2666201088.0,0.0,2698772480.0,32571392.0,4988928.0,170236416.0,395509760.0,76021760.0,782876672.0,1361891328.0,680945664.0,0.0,0.040698716431570366,0.0007636139162790698,0.008591234457349021,0.0190320402544097,0.0,0.0,0.0011842215301596278,0.0024844347408384004,0.02135257866456847,0.02173332459367268,0.0068402049387688135,0.03360171689140225,944144
falcon_mqa_dolly_decode,Falcon-7B MQA decode,native_tail,Tessera-8,8,107.776,0.0006287360000000001,0.14041728713474652,78.69234875857853,37.97539665385322,0.25882405333876224,223.33266607088905,628736.0,93716480.0,3576211456.0,628736.0,41792.0,27776.0,512000.0,0.0,0.072918744691538,0.06749854244320853,2666201088.0,1024.0,0.0,0.0,2666201088.0,0.0,2698772480.0,32571392.0,4988928.0,170236416.0,395509760.0,76021760.0,782876672.0,1361891328.0,680945664.0,0.0,0.0393287162629067,0.0007591999630057804,0.008591234457349021,0.018819391759947023,0.0,0.0,0.0009875806828792601,0.0020718925432772813,0.01791049631153694,0.018026179520340378,0.005737548951371654,0.028185046682132484,944144
falcon_mqa_dolly_decode,Falcon-7B MQA decode,joint_edp,WS,128,54.400000000000006,0.0015953920000000002,0.3141222477002661,61.44076115683756,16.97556354266302,0.10200126363928112,196.89345797162457,1595392.0,93716480.0,842795008.0,1595392.0,15680.0,7168.0,512000.0,0.0,0.18647973269598447,0.1276425150042816,2666201088.0,1024.0,0.0,0.0,2666201088.0,0.0,7147094016.0,4480892928.0,168317952.0,9306112.0,111673344.0,201326592.0,139155456.0,74448896.0,37224448.0,0.0,0.10597543220862331,0.00028223350663529405,0.002024670409537255,0.01936017887948573,0.0,0.0,0.002550168344310965,0.005350119608734418,0.045447155135789175,0.047055084400310435,0.014558796850548918,0.07151840835629056,398864
falcon_mqa_dolly_decode,Falcon-7B MQA decode,joint_edp,WS-independent-64,64,57.68000000000001,0.000679936,0.14371967752504683,135.96577711678893,37.10279808463036,0.23933429028614459,211.37236081785173,679936.0,93716480.0,855640064.0,679936.0,17024.0,7168.0,512000.0,0.0,0.07897168084995981,0.064747996675087,2666201088.0,1024.0,0.0,0.0,2666201088.0,0.0,2977955840.0,311754752.0,13652992.0,18612224.0,93061120.0,83886080.0,176379904.0,148897792.0,74448896.0,0.0,0.043461663027801405,0.00030568651457023793,0.0020555284527686278,0.01892511867994673,0.0,0.0,0.0010697489330619104,0.002244277228193591,0.019369005783160472,0.01960362691751982,0.006204776064675534,0.030480245923348484,435216
falcon_mqa_dolly_decode,Falcon-7B MQA decode,joint_edp,WS-independent-32,32,64.24000000000001,0.0005120000000000001,0.12322964591262632,162.1240348692403,43.27207253180651,0.3366906117584746,240.68290217309826,512000.0,93716480.0,1597155328.0,483328.0,23808.0,12736.0,512000.0,0.0,0.05929853359100841,0.06393111232161791,2666201088.0,1024.0,0.0,0.0,2666201088.0,0.0,2810445824.0,144244736.0,8570880.0,60089856.0,175652864.0,79167488.0,342290432.0,480718848.0,240359424.0,0.0,0.040949984116018794,0.0004293969683236994,0.0038368916537725494,0.018714839583502875,0.0,0.0,0.0008042187971329481,0.0016872089114635838,0.014585094716235295,0.014597747620977776,0.004672271133038806,0.02295199241216,507920
falcon_mqa_dolly_decode,Falcon-7B MQA decode,joint_edp,WS-independent-16,16,77.344,0.0005120000000000001,0.12598846745073022,134.6561853537443,42.32452607684366,0.42265417220744683,246.07122548970742,512000.0,93716480.0,3093342208.0,385024.0,37344.0,23968.0,512000.0,0.0,0.05929853359100841,0.06668993385972181,2666201088.0,1024.0,0.0,0.0,2666201088.0,0.0,2735996928.0,69795840.0,6328320.0,143335936.0,341999616.0,77070336.0,675274752.0,1146687488.0,573343744.0,0.0,0.039865216324865976,0.0006786540171098266,0.0074312239342431375,0.018714839583502875,0.0,0.0,0.0008042187971329481,0.0016872089114635838,0.014585094716235295,0.014597747620977776,0.004672271133038806,0.02295199241216,653328
falcon_mqa_dolly_decode,Falcon-7B MQA decode,joint_edp,WS-independent-8,8,103.568,0.0005120000000000001,0.13314081928547902,100.56048200216281,40.0508439456597,0.48450600228658536,260.04066266695116,512000.0,93716480.0,6088861696.0,335872.0,64448.0,46976.0,512000.0,0.0,0.05929853359100841,0.0738422856944706,2666201088.0,1024.0,0.0,0.0,2666201088.0,0.0,2698772480.0,32571392.0,4988928.0,309828096.0,674693120.0,76021760.0,1341243392.0,2478624768.0,1239312384.0,0.0,0.039322832429289564,0.001177168114682081,0.01462744556699608,0.018714839583502875,0.0,0.0,0.0008042187971329481,0.0016872089114635838,0.014585094716235295,0.014597747620977776,0.004672271133038806,0.02295199241216,944144
falcon_mqa_dolly_decode,Falcon-7B MQA decode,joint_edp,Planaria-64,64,61.727999999999994,0.000679936,0.14498036324893912,127.04941070658998,36.780168406972315,0.23933429028614459,213.2264849176086,679936.0,93716480.0,855640064.0,679936.0,17024.0,7168.0,512000.0,0.0,0.07897168084995981,0.06600868239897931,2666201088.0,1024.0,0.0,0.0,2666201088.0,0.0,2977955840.0,311754752.0,13652992.0,18612224.0,93061120.0,83886080.0,176379904.0,148897792.0,74448896.0,0.0,0.044722348751693716,0.00030568651457023793,0.0020555284527686278,0.01892511867994673,0.0,0.0,0.0010697489330619104,0.002244277228193591,0.019369005783160472,0.01960362691751982,0.006204776064675534,0.030480245923348484,435216
falcon_mqa_dolly_decode,Falcon-7B MQA decode,joint_edp,Tessera-64,64,58.288,0.0005509120000000001,0.12827799815979143,166.058652995458,41.569109687521106,0.2953865590148699,232.84662189204704,550912.0,93716480.0,855640064.0,550912.0,17024.0,7168.0,512000.0,0.0,0.06380522214392506,0.06447277601586639,2666201088.0,1024.0,0.0,0.0,2666201088.0,0.0,2977955840.0,311754752.0,13652992.0,18612224.0,93061120.0,83886080.0,176379904.0,148897792.0,74448896.0,0.0,0.043397204152172915,0.0003052038274219653,0.0020555284527686278,0.018714839583502875,0.0,0.0,0.0008653394257150521,0.0018154367887348165,0.015693561914669175,0.01570717644017209,0.005027363739149756,0.024696343835484164,435216
falcon_mqa_dolly_decode,Falcon-7B MQA decode,joint_edp,Planaria-32,32,71.03999999999999,0.0005120000000000001,0.12441747575557685,146.6054054054054,42.858948420362736,0.3366906117584746,243.002882335111,512000.0,93716480.0,1597155328.0,483328.0,23808.0,12736.0,512000.0,0.0,0.05929853359100841,0.06511894216456844,2666201088.0,1024.0,0.0,0.0,2666201088.0,0.0,2810445824.0,144244736.0,8570880.0,60089856.0,175652864.0,79167488.0,342290432.0,480718848.0,240359424.0,0.0,0.04213781395896932,0.0004293969683236994,0.0038368916537725494,0.018714839583502875,0.0,0.0,0.0008042187971329481,0.0016872089114635838,0.014585094716235295,0.014597747620977776,0.004672271133038806,0.02295199241216,507920
falcon_mqa_dolly_decode,Falcon-7B MQA decode,joint_edp,Tessera-32,32,65.376,0.0005120000000000001,0.12323577321522072,159.3069016152716,43.26992103735509,0.3876048018292683,240.69486956097793,512000.0,93716480.0,1597155328.0,419840.0,23808.0,12736.0,512000.0,0.0,0.05929853359100841,0.06393723962421231,2666201088.0,1024.0,0.0,0.0,2666201088.0,0.0,2810445824.0,144244736.0,8570880.0,60089856.0,175652864.0,79167488.0,342290432.0,480718848.0,240359424.0,0.0,0.04095611141861319,0.0004293969683236994,0.0038368916537725494,0.018714839583502875,0.0,0.0,0.0008042187971329481,0.0016872089114635838,0.014585094716235295,0.014597747620977776,0.004672271133038806,0.02295199241216,507920
falcon_mqa_dolly_decode,Falcon-7B MQA decode,joint_edp,Planaria-16,16,86.464,0.0005120000000000001,0.12714483160247678,120.45299777942262,41.93959053461143,0.42265417220744683,248.3297492235874,512000.0,93716480.0,3093342208.0,385024.0,37344.0,23968.0,512000.0,0.0,0.05929853359100841,0.06784629801146837,2666201088.0,1024.0,0.0,0.0,2666201088.0,0.0,2735996928.0,69795840.0,6328320.0,143335936.0,341999616.0,77070336.0,675274752.0,1146687488.0,573343744.0,0.0,0.04102158047661252,0.0006786540171098266,0.0074312239342431375,0.018714839583502875,0.0,0.0,0.0008042187971329481,0.0016872089114635838,0.014585094716235295,0.014597747620977776,0.004672271133038806,0.02295199241216,653328
falcon_mqa_dolly_decode,Falcon-7B MQA decode,joint_edp,Tessera-16,16,79.536,0.0005120000000000001,0.1259944324406731,130.94508147254072,42.32252229487096,0.459300487716763,246.0828758606896,512000.0,93716480.0,3093342208.0,354304.0,37344.0,23968.0,512000.0,0.0,0.05929853359100841,0.0666958988496647,2666201088.0,1024.0,0.0,0.0,2666201088.0,0.0,2735996928.0,69795840.0,6328320.0,143335936.0,341999616.0,77070336.0,675274752.0,1146687488.0,573343744.0,0.0,0.039871181314808865,0.0006786540171098266,0.0074312239342431375,0.018714839583502875,0.0,0.0,0.0008042187971329481,0.0016872089114635838,0.014585094716235295,0.014597747620977776,0.004672271133038806,0.02295199241216,653328
falcon_mqa_dolly_decode,Falcon-7B MQA decode,joint_edp,Planaria-8,8,119.984,0.0005120000000000001,0.13428145059162355,86.80197359647953,39.71063875543681,0.48450600228658536,262.2684581867647,512000.0,93716480.0,6088861696.0,335872.0,64448.0,46976.0,512000.0,0.0,0.05929853359100841,0.07498291700061516,2666201088.0,1024.0,0.0,0.0,2666201088.0,0.0,2698772480.0,32571392.0,4988928.0,309828096.0,674693120.0,76021760.0,1341243392.0,2478624768.0,1239312384.0,0.0,0.04046346373543412,0.001177168114682081,0.01462744556699608,0.018714839583502875,0.0,0.0,0.0008042187971329481,0.0016872089114635838,0.014585094716235295,0.014597747620977776,0.004672271133038806,0.02295199241216,944144
falcon_mqa_dolly_decode,Falcon-7B MQA decode,joint_edp,Tessera-8,8,107.776,0.0005120000000000001,0.13314670311909615,96.63420427553443,40.049074074559016,0.5061081807324841,260.05215452948465,512000.0,93716480.0,6088861696.0,321536.0,64448.0,46976.0,512000.0,0.0,0.05929853359100841,0.07384816952808775,2666201088.0,1024.0,0.0,0.0,2666201088.0,0.0,2698772480.0,32571392.0,4988928.0,309828096.0,674693120.0,76021760.0,1341243392.0,2478624768.0,1239312384.0,0.0,0.03932871626290671,0.001177168114682081,0.01462744556699608,0.018714839583502875,0.0,0.0,0.0008042187971329481,0.0016872089114635838,0.014585094716235295,0.014597747620977776,0.004672271133038806,0.02295199241216,944144
phi2_chat_prefill,Phi-2 chat prefill,native_tail,WS,128,54.400000000000006,8.649742336000001,2156.892937698015,195.35212296878618,42.61785791134616,0.324315047897399,249.3592125537755,8649742336.0,320179077120.0,9065731653632.0,8649742336.0,213782816.0,69177568.0,114512320.0,0.0,1016.2325069395093,1140.6604307585058,45961078374400.0,23424.0,0.0,0.0,45961078374400.0,0.0,76379953561600.0,30418875187200.0,765481910272.0,164394024960.0,1193436774400.0,1298086756352.0,1894924943360.0,1315152199680.0,657576099840.0,0.0,1110.5259134336245,3.9237320884784457,21.77886490271423,4.431920333688588,0.0,0.0,13.565406618341724,28.459512530281735,246.40099851873111,261.12150746018676,78.93347934514932,387.7516024668186,6901632
phi2_chat_prefill,Phi-2 chat prefill,native_tail,WS-independent-64,64,57.68000000000001,5.728370688,1811.28391299939,278.20430113259715,50.749722939117696,0.48971020780420554,316.1953043286346,5728370688.0,320179077120.0,17698487205888.0,5728370688.0,290020544.0,135040256.0,114512320.0,0.0,672.797637215037,1138.486275784353,45961078374400.0,23424.0,0.0,0.0,45961078374400.0,0.0,75288209784832.0,29327131410432.0,967029260288.0,632794480640.0,2352756555776.0,1277115236352.0,3768526766080.0,5062355845120.0,2531177922560.0,0.0,1086.2542843098572,5.282492133819182,42.51757900698805,4.431920333688588,0.0,0.0,8.915510374823473,18.704273772603088,163.1813067464569,172.93009794243508,52.274416025171966,256.7920323535464,6967168
phi2_chat_prefill,Phi-2 chat prefill,native_tail,WS-independent-32,32,64.24000000000001,4.02014208,1350.7257507113945,355.9371109612539,68.05390117156412,0.6977966311081224,335.98955555108006,4020142080.0,320179077120.0,28865046577152.0,4020142080.0,395373056.0,220234336.0,114512320.0,0.0,471.94502136187083,878.7807293495237,45961078374400.0,23424.0,0.0,0.0,45961078374400.0,0.0,55883209900032.0,9922131525632.0,482467807232.0,1280078970880.0,3492700618752.0,947178700800.0,6357664727040.0,10240631767040.0,5120315883520.0,0.0,797.8822017118806,7.126670531924793,69.34332206518513,4.428535040533111,0.0,0.0,6.191578019104425,12.989606369680624,114.51983009672493,121.34270940162705,36.68592537323942,180.21537210149438,7098240
phi2_chat_prefill,Phi-2 chat prefill,native_tail,WS-independent-16,16,77.344,3.2726487040000003,1176.760932994235,363.15680576361416,78.1145551075584,0.8571777339166556,359.5744729814529,3272648704.0,320179077120.0,51682714255360.0,3272648704.0,605828416.0,394318912.0,114512320.0,0.0,383.0712195785656,793.6897134156693,45961078374400.0,23424.0,0.0,0.0,45961078374400.0,0.0,46277674926080.0,316596551680.0,25328025600.0,2573123829760.0,5784709365760.0,784119889920.0,11529844162560.0,20584990638080.0,10292495319040.0,0.0,655.6260471821333,10.835992875732467,122.80133438960969,4.4263389681938445,0.0,0.0,5.00149945380096,10.492883875901523,92.23282850815967,98.77269858025558,29.864652477101682,146.7066566833462,7360384
phi2_chat_prefill,Phi-2 chat prefill,native_tail,WS-independent-8,8,103.568,3.1449006080000004,1287.1583242359982,282.2199375350905,71.41480190741962,0.8919969021800005,409.28426194510695,3144900608.0,320179077120.0,103373599211520.0,3144900608.0,1073269600.0,788689408.0,114512320.0,0.0,367.50301365703933,919.655310578959,45961078374400.0,23424.0,0.0,0.0,45961078374400.0,0.0,46109485957120.0,148407582720.0,21126840320.0,5445073059840.0,11527371489280.0,781155041280.0,23017641082880.0,43560584478720.0,21780292239360.0,0.0,652.0118103108114,19.16103488989922,244.0571691186947,4.4252962595536,0.0,0.0,4.796449530078325,10.062699876431331,88.04927737986345,94.9157524588538,28.698883451239436,140.979950960573,7884672
phi2_chat_prefill,Phi-2 chat prefill,native_tail,Planaria-64,64,61.727999999999994,7.979904,2106.5820766886,186.61232890530604,43.635687289856385,0.3515382641194681,263.9858921471486,7979904000.0,320179077120.0,14534458933248.0,7979904000.0,263198880.0,110900320.0,114512320.0,0.0,937.4917633885949,1169.090313300005,45961078374400.0,23424.0,0.0,0.0,45961078374400.0,0.0,75288209784832.0,29327131410432.0,769277493248.0,468001341440.0,1825418510336.0,1277115236352.0,3109354209280.0,3744010731520.0,1872005365760.0,0.0,1124.9171468243273,4.82470221203072,34.9165439299584,4.431920333688588,0.0,0.0,12.500879229941585,26.22618982928442,227.31963997356425,240.9001888062223,72.82084981175957,357.72401573782275,6967168
phi2_chat_prefill,Phi-2 chat prefill,native_tail,Tessera-64,64,58.288,6.213941248,1862.2898759271816,253.78965123145346,49.35974680259406,0.45144321261532466,299.69544313386814,6213941248.0,320179077120.0,14534458933248.0,6213941248.0,263198880.0,110900320.0,114512320.0,0.0,729.8793888754057,1132.410487051776,45961078374400.0,23424.0,0.0,0.0,45961078374400.0,0.0,75288209784832.0,29327131410432.0,769277493248.0,468001341440.0,1825418510336.0,1277115236352.0,3109354209280.0,3744010731520.0,1872005365760.0,0.0,1088.2603541759736,4.802099027864018,34.9165439299584,4.431489917979863,0.0,0.0,9.688914614586345,20.3268353567685,177.01351887344015,187.58537259089667,56.70550452232331,278.55924291739075,6967168
phi2_chat_prefill,Phi-2 chat prefill,native_tail,Planaria-32,32,71.03999999999999,5.481778176000001,1529.395713243454,236.04553796497123,60.1035794417501,0.5117393498849961,278.9962789700912,5481778176.0,320179077120.0,19768465293312.0,5481778176.0,314907904.0,150832768.0,114512320.0,0.0,643.7955837169371,885.600129526517,45961078374400.0,23424.0,0.0,0.0,45961078374400.0,0.0,55883209900032.0,9922131525632.0,284716040192.0,785699553280.0,2306190016512.0,947178700800.0,4380147056640.0,6285596426240.0,3142798213120.0,0.0,827.9534399355168,5.72442303858664,47.4903462187249,4.431920333688588,0.0,0.0,8.51889088931092,17.872186866897184,156.15674591865536,165.48587521757517,50.024128768451014,245.73775605604746,7098240
phi2_chat_prefill,Phi-2 chat prefill,native_tail,Tessera-32,32,65.376,4.604284928,1398.8658361764135,305.37935203990173,65.71191773476662,0.6092675939624212,303.8182601753211,4604284928.0,320179077120.0,19768465293312.0,4604284928.0,314907904.0,150832768.0,114512320.0,0.0,540.6130725787924,858.2527635976212,45961078374400.0,23424.0,0.0,0.0,45961078374400.0,0.0,55883209900032.0,9922131525632.0,284716040192.0,785699553280.0,2306190016512.0,947178700800.0,4380147056640.0,6285596426240.0,3142798213120.0,0.0,800.6375082322547,5.695254949298657,47.4903462187249,4.429654197342908,0.0,0.0,7.117945357116197,14.93307652177641,131.16002299885665,138.9840974505378,42.01653819800793,206.40139205249739,7098240
phi2_chat_prefill,Phi-2 chat prefill,native_tail,Planaria-16,16,86.464,4.96762368,1352.5677781089644,214.01104808709408,67.96122030743412,0.5647049335266877,272.276618608309,4967623680.0,320179077120.0,30918778716160.0,4967623680.0,418075264.0,235902944.0,114512320.0,0.0,583.3566456896568,769.2111324193075,45961078374400.0,23424.0,0.0,0.0,45961078374400.0,0.0,46277674926080.0,316596551680.0,25328025600.0,1419571855360.0,3477605416960.0,784119889920.0,6915636264960.0,11356574842880.0,5678287421440.0,0.0,682.931429554236,7.5712165782364265,74.27706117314762,4.43142511368753,0.0,0.0,7.703243747800666,16.161001887545844,141.51027712385417,149.9607445521547,45.33219671848438,222.68918165981708,7360384
phi2_chat_prefill,Phi-2 chat prefill,native_tail,Tessera-16,16,79.536,4.402079744,1264.2451406778218,262.54185787144854,72.70912403864662,0.6372536989643411,287.1926939535746,4402079744.0,320179077120.0,30918778716160.0,4402079744.0,418075264.0,235902944.0,114512320.0,0.0,516.8527799720733,747.3923607057485,45961078374400.0,23424.0,0.0,0.0,45961078374400.0,0.0,46277674926080.0,316596551680.0,25328025600.0,1419571855360.0,3477605416960.0,784119889920.0,6915636264960.0,11356574842880.0,5678287421440.0,0.0,661.145706180925,7.541343350495898,74.27706117314762,4.428250001180007,0.0,0.0,6.801411569057188,14.269005214445105,125.3999023723844,132.87423621611376,40.171308814894644,197.3369157851782,7360384
phi2_chat_prefill,Phi-2 chat prefill,native_tail,Planaria-8,8,119.984,4.751679488000001,1393.4329684476625,161.23143915558236,65.96812249333011,0.5903684385877501,293.2506226412513,4751679488.0,320179077120.0,58879451627520.0,4751679488.0,670942464.0,449225888.0,114512320.0,0.0,557.1506904302048,836.2822780174575,45961078374400.0,23424.0,0.0,0.0,45961078374400.0,0.0,46109485957120.0,148407582720.0,21126840320.0,2973175971840.0,6583577313280.0,781155041280.0,13130052730880.0,23785407774720.0,11892703887360.0,0.0,679.3280180290174,12.131987467152362,140.39106395253594,4.431208568751821,0.0,0.0,7.3584120163613855,15.43756297724692,134.5437978742834,143.440514322416,43.36159161178714,213.00881162811,7884672
phi2_chat_prefill,Phi-2 chat prefill,native_tail,Tessera-8,8,107.776,4.318746624,1321.4176377935494,197.48786700466627,69.56328878906744,0.6495499375700351,305.97248526926995,4318746624.0,320179077120.0,58879451627520.0,4318746624.0,670942464.0,449225888.0,114512320.0,0.0,506.1528328508925,815.2648049426568,45961078374400.0,23424.0,0.0,0.0,45961078374400.0,0.0,46109485957120.0,148407582720.0,21126840320.0,2973175971840.0,6583577313280.0,781155041280.0,13130052730880.0,23785407774720.0,11892703887360.0,0.0,658.528172753784,12.100224682705393,140.20865198896368,4.427755517203735,0.0,0.0,6.670358870081521,13.994063516524873,122.12051709010073,130.35579390872908,39.41084996528125,193.60124950017504,7884672
phi2_chat_prefill,Phi-2 chat prefill,joint_edp,WS,128,54.400000000000006,8.649742336000001,2156.892937698015,195.35212296878618,42.61785791134616,0.324315047897399,249.3592125537755,8649742336.0,320179077120.0,9065731653632.0,8649742336.0,213782816.0,69177568.0,114512320.0,0.0,1016.2325069395093,1140.6604307585058,45961078374400.0,23424.0,0.0,0.0,45961078374400.0,0.0,76379953561600.0,30418875187200.0,765481910272.0,164394024960.0,1193436774400.0,1298086756352.0,1894924943360.0,1315152199680.0,657576099840.0,0.0,1110.5259134336245,3.9237320884784457,21.77886490271423,4.431920333688588,0.0,0.0,13.565406618341724,28.459512530281735,246.40099851873111,261.12150746018676,78.93347934514932,387.7516024668186,6901632
phi2_chat_prefill,Phi-2 chat prefill,joint_edp,WS-independent-64,64,57.68000000000001,5.728370688,1811.28391299939,278.20430113259715,50.749722939117696,0.48971020780420554,316.1953043286346,5728370688.0,320179077120.0,17698487205888.0,5728370688.0,290020544.0,135040256.0,114512320.0,0.0,672.797637215037,1138.486275784353,45961078374400.0,23424.0,0.0,0.0,45961078374400.0,0.0,75288209784832.0,29327131410432.0,967029260288.0,632794480640.0,2352756555776.0,1277115236352.0,3768526766080.0,5062355845120.0,2531177922560.0,0.0,1086.2542843098572,5.282492133819182,42.51757900698805,4.431920333688588,0.0,0.0,8.915510374823473,18.704273772603088,163.1813067464569,172.93009794243508,52.274416025171966,256.7920323535464,6967168
phi2_chat_prefill,Phi-2 chat prefill,joint_edp,WS-independent-32,32,64.24000000000001,4.02014208,1350.7257507113945,355.9371109612539,68.05390117156412,0.6977966311081224,335.98955555108006,4020142080.0,320179077120.0,28865046577152.0,4020142080.0,395373056.0,220234336.0,114512320.0,0.0,471.94502136187083,878.7807293495237,45961078374400.0,23424.0,0.0,0.0,45961078374400.0,0.0,55883209900032.0,9922131525632.0,482467807232.0,1280078970880.0,3492700618752.0,947178700800.0,6357664727040.0,10240631767040.0,5120315883520.0,0.0,797.8822017118806,7.126670531924793,69.34332206518513,4.428535040533111,0.0,0.0,6.191578019104425,12.989606369680624,114.51983009672493,121.34270940162705,36.68592537323942,180.21537210149438,7098240
phi2_chat_prefill,Phi-2 chat prefill,joint_edp,WS-independent-16,16,77.344,3.2726487040000003,1176.760932994235,363.15680576361416,78.1145551075584,0.8571777339166556,359.5744729814529,3272648704.0,320179077120.0,51682714255360.0,3272648704.0,605828416.0,394318912.0,114512320.0,0.0,383.0712195785656,793.6897134156693,45961078374400.0,23424.0,0.0,0.0,45961078374400.0,0.0,46277674926080.0,316596551680.0,25328025600.0,2573123829760.0,5784709365760.0,784119889920.0,11529844162560.0,20584990638080.0,10292495319040.0,0.0,655.6260471821333,10.835992875732467,122.80133438960969,4.4263389681938445,0.0,0.0,5.00149945380096,10.492883875901523,92.23282850815967,98.77269858025558,29.864652477101682,146.7066566833462,7360384
phi2_chat_prefill,Phi-2 chat prefill,joint_edp,WS-independent-8,8,103.568,3.1449006080000004,1287.1583242359982,282.2199375350905,71.41480190741962,0.8919969021800005,409.28426194510695,3144900608.0,320179077120.0,103373599211520.0,3144900608.0,1073269600.0,788689408.0,114512320.0,0.0,367.50301365703933,919.655310578959,45961078374400.0,23424.0,0.0,0.0,45961078374400.0,0.0,46109485957120.0,148407582720.0,21126840320.0,5445073059840.0,11527371489280.0,781155041280.0,23017641082880.0,43560584478720.0,21780292239360.0,0.0,652.0118103108114,19.16103488989922,244.0571691186947,4.4252962595536,0.0,0.0,4.796449530078325,10.062699876431331,88.04927737986345,94.9157524588538,28.698883451239436,140.979950960573,7884672
phi2_chat_prefill,Phi-2 chat prefill,joint_edp,Planaria-64,64,61.727999999999994,5.728370688,1842.7927226800118,259.96021399248656,49.88198380505633,0.48971020780420554,321.6957880432496,5728370688.0,320179077120.0,17698487205888.0,5728370688.0,290020544.0,135040256.0,114512320.0,0.0,672.797637215037,1169.9950854649749,45961078374400.0,23424.0,0.0,0.0,45961078374400.0,0.0,75288209784832.0,29327131410432.0,967029260288.0,632794480640.0,2352756555776.0,1277115236352.0,3768526766080.0,5062355845120.0,2531177922560.0,0.0,1117.763093990479,5.282492133819182,42.51757900698805,4.431920333688588,0.0,0.0,8.915510374823473,18.704273772603088,163.1813067464569,172.93009794243508,52.274416025171966,256.7920323535464,6967168
phi2_chat_prefill,Phi-2 chat prefill,joint_edp,Tessera-64,64,58.288,5.333817344000001,1762.4403280130832,295.66703926910145,52.1561809995746,0.5259350703404965,330.4275745392085,5333817344.0,320179077120.0,17698487205888.0,5333817344.0,290020544.0,135040256.0,114512320.0,0.0,626.387390850211,1136.0529371628722,45961078374400.0,23424.0,0.0,0.0,45961078374400.0,0.0,75288209784832.0,29327131410432.0,967029260288.0,632794480640.0,2352756555776.0,1277115236352.0,3768526766080.0,5062355845120.0,2531177922560.0,0.0,1083.8341547212394,5.269905020549176,42.51757900698805,4.43129841409554,0.0,0.0,8.280326695370904,17.37169168398593,151.9418577369894,161.01465533423908,48.67390782279866,239.10495157682698,6967168
phi2_chat_prefill,Phi-2 chat prefill,joint_edp,Planaria-32,32,71.03999999999999,4.02014208,1373.8697960831169,321.86655416879165,66.90747333616967,0.6977966311081224,341.74657729587426,4020142080.0,320179077120.0,28865046577152.0,4020142080.0,395373056.0,220234336.0,114512320.0,0.0,471.94502136187083,901.924774721246,45961078374400.0,23424.0,0.0,0.0,45961078374400.0,0.0,55883209900032.0,9922131525632.0,482467807232.0,1280078970880.0,3492700618752.0,947178700800.0,6357664727040.0,10240631767040.0,5120315883520.0,0.0,821.0262470836029,7.126670531924793,69.34332206518513,4.428535040533111,0.0,0.0,6.191578019104425,12.989606369680624,114.51983009672493,121.34270940162705,36.68592537323942,180.21537210149438,7098240
phi2_chat_prefill,Phi-2 chat prefill,joint_edp,Tessera-32,32,65.376,3.8674821120000002,1328.8887138867908,363.55786716040166,69.17220064270253,0.7253405494225593,343.60565230890734,3867482112.0,320179077120.0,27463497023488.0,3867482112.0,381103744.0,209541344.0,114512320.0,0.0,454.0042453091537,874.8844685776372,45961078374400.0,23424.0,0.0,0.0,45961078374400.0,0.0,55898312540160.0,9937234165760.0,483650797568.0,1192408186880.0,3493644533760.0,947417776128.0,6006981591040.0,9539265495040.0,4769632747520.0,0.0,797.6154794307266,6.864778689946715,65.9763397244406,4.427870732523205,0.0,0.0,5.950828737887727,12.484526988117604,110.17107991575335,116.73307310835189,35.292822323128036,173.3719142359151,7098240
phi2_chat_prefill,Phi-2 chat prefill,joint_edp,Planaria-16,16,86.464,3.2850022400000003,1185.1815527644499,323.63032734463746,77.55955746559714,0.8539542426613383,360.78561479594293,3285002240.0,320179077120.0,46715782430720.0,3285002240.0,555273376.0,356424128.0,114512320.0,0.0,384.6218151302859,800.5597376341641,45961078374400.0,23424.0,0.0,0.0,45961078374400.0,0.0,46297804963840.0,336726589440.0,28169338880.0,2262513008640.0,5787225620480.0,784444948480.0,10287400878080.0,18100104069120.0,9050052034560.0,0.0,675.0793180315668,9.936799837257443,111.11728079714598,4.4263389681938445,0.0,0.0,5.021289144752004,10.534401610934259,92.68268845608124,99.14560852725192,29.977385034999642,147.26044235626682,7360384
phi2_chat_prefill,Phi-2 chat prefill,joint_edp,Tessera-16,16,79.536,3.224879104,1146.8936212346675,358.37938639452034,80.14880809071279,0.8698749657066214,355.639260960856,3224879104.0,320179077120.0,41376078561280.0,3224879104.0,500857152.0,315685824.0,114512320.0,0.0,377.95111233610595,768.9425088985616,45961078374400.0,23424.0,0.0,0.0,45961078374400.0,0.0,46366258626560.0,405180252160.0,37824430080.0,1928178073600.0,5795782328320.0,785543331840.0,8950061137920.0,15425424588800.0,7712712294400.0,0.0,656.739075222341,8.958600521663286,98.81902369143425,4.4258094631232066,0.0,0.0,4.926025536975128,10.334543551719129,91.36628054471323,97.33029733101758,29.42872958038916,144.56523579129168,7360384
phi2_chat_prefill,Phi-2 chat prefill,joint_edp,Planaria-8,8,119.984,3.2290897920000003,1187.6885328629676,237.25575056919968,77.39584428521694,0.8687406608976701,367.8090760453426,3229089792.0,320179077120.0,51246673100800.0,3229089792.0,567545696.0,390992128.0,114512320.0,0.0,377.9423526297481,809.7461802332194,45961078374400.0,23424.0,0.0,0.0,45961078374400.0,0.0,46210673541120.0,249595166720.0,39277516800.0,2337915120640.0,9113315655680.0,782811791360.0,10589009326080.0,18703320965120.0,9351660482560.0,0.0,673.4217321399004,10.151795372157576,121.74726388986248,4.425388831298992,0.0,0.0,4.932186219718582,10.347468341418788,90.98430436447276,97.45724638906138,29.46715433818727,144.7539929768893,7884672
phi2_chat_prefill,Phi-2 chat prefill,joint_edp,Tessera-8,8,107.776,3.1812745920000003,1149.9362744531572,268.1001071244099,79.93673979239661,0.881807508336874,361.4702978940955,3181274592.0,320179077120.0,45689480314880.0,3181240320.0,511671648.0,348594400.0,114512320.0,0.0,372.5152101405121,777.4210643126451,45961078374400.0,23424.0,0.0,0.0,45961078374400.0,0.0,46276833443840.0,315755069440.0,53860720640.0,1994622801920.0,9047733043200.0,783878717440.0,9215840051200.0,15956982415360.0,7978491207680.0,0.0,655.1179349064341,9.147546104499222,108.73057106308313,4.425012238628601,0.0,0.0,4.856301547555312,10.188266274053786,89.81600975047559,96.0132893280899,29.030815317326965,142.61052792301055,7884672
cacheblend_wikimqa_attention,CacheBlend WikiMQA,native_tail,WS,128,54.400000000000006,32.214645184000005,10991.59258637194,546.280676107539,87.09785665076113,0.9069112786941568,341.1986232842669,32214645184.0,748675792896.0,64094947385728.0,32214645184.0,1526642868.0,489009006.0,267387470.0,0.0,3780.6346325708805,7210.95795380106,478672077725696.0,6400.0,0.0,0.0,478672077725696.0,0.0,495695673950208.0,17023596224512.0,202724024256.0,1900424318976.0,7745244905472.0,2038745792512.0,15224496119936.0,15203394551808.0,7601697275904.0,0.0,7019.33787138481,27.29438747358198,153.977114412062,10.348580530606203,0.0,0.0,49.176802403522395,103.17035556530332,917.6829126143616,972.5072014840104,293.9756967857242,1444.1216637179584,10504192
cacheblend_wikimqa_attention,CacheBlend WikiMQA,native_tail,WS-independent-64,64,57.68000000000001,31.17721088,10912.927173852066,532.3601981702386,87.72569817429348,0.9370891183611868,350.0289751977989,31177210880.0,748675792896.0,131441939145600.0,31177210880.0,2135847488.0,1002825430.0,267387470.0,0.0,3658.5749751834137,7254.352198668652,478672077725696.0,6400.0,0.0,0.0,478672077725696.0,0.0,487609679740928.0,8937602015232.0,176576180096.0,5643376519200.0,15237802491904.0,2005944762368.0,30196304920832.0,45147012153600.0,22573506076800.0,0.0,6890.132274381396,38.10463627243419,315.7667074842153,10.348580530606203,0.0,0.0,47.4934369784055,99.638743077965,888.1300267047686,941.1887646071191,284.5085593814207,1397.6154444337349,10766336
cacheblend_wikimqa_attention,CacheBlend WikiMQA,native_tail,WS-independent-32,32,64.24000000000001,30.699442048,11129.620001191819,485.4361062842368,86.01768572052545,0.9516728353179743,362.5349276312625,30699442048.0,748675792896.0,266073855207296.0,30699442048.0,3353365473.0,2029985518.0,267387470.0,0.0,3602.2983066813454,7527.321694510474,478672077725696.0,6400.0,0.0,0.0,478672077725696.0,0.0,483216339501056.0,4544261775360.0,160747040512.0,13123806808160.0,30201021218816.0,1987757473792.0,60118026076672.0,104990454465280.0,52495227232640.0,0.0,6818.037870905682,59.73845586479549,639.1967872093902,10.348580530606203,0.0,0.0,46.69733668248543,97.96856635679956,874.5200586047977,926.765708661267,280.1486657837268,1376.197970592269,11290624
cacheblend_wikimqa_attention,CacheBlend WikiMQA,native_tail,WS-independent-16,16,77.344,30.469371664,11728.654627642458,406.2355846259795,81.62437942328812,0.9588587969150317,384.93260566643164,30469371664.0,748675792896.0,535230147473280.0,30469371664.0,5787311174.0,4083485174.0,267387470.0,0.0,3565.108793439591,8163.545834202867,478672077725696.0,6400.0,0.0,0.0,478672077725696.0,0.0,480805338349568.0,2133260623872.0,142110109184.0,28077969541344.0,60100667293696.0,1977799933952.0,119934677009408.0,224623756330752.0,112311878165376.0,0.0,6779.323037960908,103.02676162720725,1270.847454084146,10.348580530606203,0.0,0.0,46.3150193498158,97.16648461861239,857.873525876802,919.8202618307889,278.0491516944097,1365.884350069162,12339200
cacheblend_wikimqa_attention,CacheBlend WikiMQA,native_tail,WS-independent-8,8,103.568,31.79260512,13262.442547521094,290.7477648126345,72.18460340326457,0.9189503328282146,417.15494837439394,31792605120.0,1307340898304.0,1076042036887424.0,31792605120.0,10666291102.0,8209552359.0,466910727.0,0.0,3715.2238526765286,9547.218694844565,478672077725696.0,6400.0,0.0,0.0,478672077725696.0,0.0,480689865031680.0,2017787305984.0,260530252800.0,58054421711328.0,120172466257920.0,1977325453312.0,239840485689344.0,464435373690624.0,232217686845312.0,0.0,6798.502201982252,190.46617245221555,2540.1796783603295,18.070642049769152,0.0,0.0,48.475711866407856,101.69950434150769,889.9553680645031,959.7665054679442,290.1243577075737,1425.2024052285922,12557312
cacheblend_wikimqa_attention,CacheBlend WikiMQA,native_tail,Planaria-64,64,61.727999999999994,33.50847504,11233.07647025613,462.8403577863877,85.22546410026916,0.8718936036815838,335.2309067138058,33508475040.0,748675792896.0,65439022965120.0,33508475040.0,1539663810.0,499263503.0,267387470.0,0.0,3932.4839947725836,7300.592475483547,478672077725696.0,6400.0,0.0,0.0,478672077725696.0,0.0,487609679740928.0,8937602015232.0,106751164352.0,1980427010048.0,7842078457856.0,2005944762368.0,15544506884224.0,15843416080384.0,7921708040192.0,0.0,7105.509143044068,27.528726518523683,157.20602539034894,10.348580530606203,0.0,0.0,51.15463888961641,107.31975291419913,954.5396137793091,1011.5657987545449,305.78257937801436,1502.1216110569,10766336
cacheblend_wikimqa_attention,CacheBlend WikiMQA,native_tail,Tessera-64,64,58.288,32.404991296,10904.308785053703,506.8471715240577,87.7950335342303,0.9015841044248741,336.5009015262321,32404991296.0,748675792896.0,65439022965120.0,32404991296.0,1539663810.0,499263503.0,267387470.0,0.0,3802.9814687223347,7101.327316331369,478672077725696.0,6400.0,0.0,0.0,478672077725696.0,0.0,487609679740928.0,8937602015232.0,106751164352.0,1980427010048.0,7842078457856.0,2005944762368.0,15544506884224.0,15843416080384.0,7921708040192.0,0.0,6906.24398389189,27.528726518523683,157.20602539034894,10.348580530606203,0.0,0.0,49.470040817710775,103.78555439846401,923.1052096307428,978.2534378196016,295.7127058567863,1452.654520199029,10766336
cacheblend_wikimqa_attention,CacheBlend WikiMQA,native_tail,Planaria-32,32,71.03999999999999,33.28757136,11150.137161489136,404.83963725101125,85.85940617465333,0.8776796823215282,334.96397321697356,33287571360.0,748675792896.0,68168075577728.0,33287571360.0,1564815767.0,520084426.0,267387470.0,0.0,3906.5592045531134,7243.577956936022,478672077725696.0,6400.0,0.0,0.0,478672077725696.0,0.0,483216339501056.0,4544261775360.0,54240905152.0,2134958280704.0,8116818028544.0,1987757473792.0,16162631966848.0,17079666245632.0,8539833122816.0,0.0,7041.488840453891,27.978429879196764,163.7621060723287,10.348580530606203,0.0,0.0,50.81740337035455,106.61225045915941,948.2468382012526,1004.8970796546673,303.76671631698696,1492.2189165506925,11290624
cacheblend_wikimqa_attention,CacheBlend WikiMQA,native_tail,Tessera-32,32,65.376,32.276155168,10833.969699806104,453.6991343613121,88.36503903721695,0.9051829409181257,335.6648164384641,32276155168.0,748675792896.0,68168075577728.0,32276155168.0,1564815767.0,520084426.0,267387470.0,0.0,3787.861532327029,7046.108167479074,478672077725696.0,6400.0,0.0,0.0,478672077725696.0,0.0,483216339501056.0,4544261775360.0,54240905152.0,2134958280704.0,8116818028544.0,1987757473792.0,16162631966848.0,17079666245632.0,8539833122816.0,0.0,6844.0190509969425,27.978429879196764,163.7621060723287,10.348580530606203,0.0,0.0,49.27335727434125,103.37292262674427,919.435117580444,974.36408682487,294.5370079627494,1446.8790400578805,11290624
cacheblend_wikimqa_attention,CacheBlend WikiMQA,native_tail,Planaria-16,16,86.464,33.177119520000005,11115.92692788796,333.72910975825346,86.12364597769883,0.8806016157878916,335.0479815219341,33177119520.0,748675792896.0,73581846629760.0,33177119520.0,1614028542.0,561388253.0,267387470.0,0.0,3893.596809443378,7222.330118444581,478672077725696.0,6400.0,0.0,0.0,478672077725696.0,0.0,480805338349568.0,2133260623872.0,25447418816.0,2437322977280.0,8702711475200.0,1977799933952.0,17372090753152.0,19498583818240.0,9749291909120.0,0.0,7006.3554306026135,28.858345119794336,176.76776219156685,10.348580530606203,0.0,0.0,50.64878561072362,106.25849923163955,945.1004504122243,1001.5627201047284,302.75878478647326,1487.2675692975888,12339200
cacheblend_wikimqa_attention,CacheBlend WikiMQA,native_tail,Tessera-16,16,79.536,32.239386592,10809.357983008775,373.3512196880537,88.56623649214328,0.9062152895846264,335.28423229029573,32239386592.0,748675792896.0,73581846629760.0,32239386592.0,1614028542.0,561388253.0,267387470.0,0.0,3783.54573396899,7025.8122490397855,478672077725696.0,6400.0,0.0,0.0,478672077725696.0,0.0,480805338349568.0,2133260623872.0,25447418816.0,2437322977280.0,8702711475200.0,1977799933952.0,17372090753152.0,19498583818240.0,9749291909120.0,0.0,6809.8377069951175,28.858199322494528,176.76776219156685,10.348580530606203,0.0,0.0,49.21699465489451,103.25467680341487,918.3877090579027,973.2541039352843,294.201475235703,1445.230774281791,12339200
cacheblend_wikimqa_attention,CacheBlend WikiMQA,native_tail,Planaria-8,8,119.984,37.057678144,11684.467103667777,215.3111640903697,81.93306095670205,0.7883879001531651,315.304889266507,37057678144.0,1307340898304.0,101513585323904.0,37057678144.0,1856503499.0,774490475.0,466910727.0,0.0,4349.885312219815,7334.581791447962,478672077725696.0,6400.0,0.0,0.0,478672077725696.0,0.0,480689865031680.0,2017787305984.0,24070802880.0,3927088816128.0,11681341017600.0,1977325453312.0,23331154108544.0,31416710529024.0,15708355264512.0,0.0,7039.286748395839,33.355428808175915,243.86897219417773,18.070642049769152,0.0,0.0,56.85514248614647,119.27911086776083,1055.6440345585988,1118.710408246743,338.17093720635603,1661.22567885421,12557312
cacheblend_wikimqa_attention,CacheBlend WikiMQA,native_tail,Tessera-8,8,107.776,35.49247136,11290.640101016925,250.27057336253816,84.79095488706312,0.8231555577002232,318.11366378227103,35492471360.0,1307340898304.0,101513585323904.0,35492471360.0,1856503499.0,774490475.0,466910727.0,0.0,4165.860538703255,7124.779562313669,478672077725696.0,6400.0,0.0,0.0,478672077725696.0,0.0,480689865031680.0,2017787305984.0,24070802880.0,3927088816128.0,11681341017600.0,1977325453312.0,23331154108544.0,31416710529024.0,15708355264512.0,0.0,6829.547286073414,33.292661996308105,243.86897219417773,18.070642049769152,0.0,0.0,54.35740296425817,114.0389841822513,1011.0567509743526,1071.4593874592272,323.88759643659097,1591.0604166865746,12557312
cacheblend_wikimqa_attention,CacheBlend WikiMQA,joint_edp,WS,128,54.400000000000006,32.214645184000005,10991.59258637194,546.280676107539,87.09785665076113,0.9069112786941568,341.1986232842669,32214645184.0,748675792896.0,64094947385728.0,32214645184.0,1526642868.0,489009006.0,267387470.0,0.0,3780.6346325708805,7210.95795380106,478672077725696.0,6400.0,0.0,0.0,478672077725696.0,0.0,495695673950208.0,17023596224512.0,202724024256.0,1900424318976.0,7745244905472.0,2038745792512.0,15224496119936.0,15203394551808.0,7601697275904.0,0.0,7019.33787138481,27.29438747358198,153.977114412062,10.348580530606203,0.0,0.0,49.176802403522395,103.17035556530332,917.6829126143616,972.5072014840104,293.9756967857242,1444.1216637179584,10504192
cacheblend_wikimqa_attention,CacheBlend WikiMQA,joint_edp,WS-independent-64,64,57.68000000000001,31.17721088,10912.927173852066,532.3601981702386,87.72569817429348,0.9370891183611868,350.0289751977989,31177210880.0,748675792896.0,131441939145600.0,31177210880.0,2135847488.0,1002825430.0,267387470.0,0.0,3658.5749751834137,7254.352198668652,478672077725696.0,6400.0,0.0,0.0,478672077725696.0,0.0,487609679740928.0,8937602015232.0,176576180096.0,5643376519200.0,15237802491904.0,2005944762368.0,30196304920832.0,45147012153600.0,22573506076800.0,0.0,6890.132274381396,38.10463627243419,315.7667074842153,10.348580530606203,0.0,0.0,47.4934369784055,99.638743077965,888.1300267047686,941.1887646071191,284.5085593814207,1397.6154444337349,10766336
cacheblend_wikimqa_attention,CacheBlend WikiMQA,joint_edp,WS-independent-32,32,64.24000000000001,30.699442048,11129.620001191819,485.4361062842368,86.01768572052545,0.9516728353179743,362.5349276312625,30699442048.0,748675792896.0,266073855207296.0,30699442048.0,3353365473.0,2029985518.0,267387470.0,0.0,3602.2983066813454,7527.321694510474,478672077725696.0,6400.0,0.0,0.0,478672077725696.0,0.0,483216339501056.0,4544261775360.0,160747040512.0,13123806808160.0,30201021218816.0,1987757473792.0,60118026076672.0,104990454465280.0,52495227232640.0,0.0,6818.037870905682,59.73845586479549,639.1967872093902,10.348580530606203,0.0,0.0,46.69733668248543,97.96856635679956,874.5200586047977,926.765708661267,280.1486657837268,1376.197970592269,11290624
cacheblend_wikimqa_attention,CacheBlend WikiMQA,joint_edp,WS-independent-16,16,77.344,30.469371664,11728.654627642458,406.2355846259795,81.62437942328812,0.9588587969150317,384.93260566643164,30469371664.0,748675792896.0,535230147473280.0,30469371664.0,5787311174.0,4083485174.0,267387470.0,0.0,3565.108793439591,8163.545834202867,478672077725696.0,6400.0,0.0,0.0,478672077725696.0,0.0,480805338349568.0,2133260623872.0,142110109184.0,28077969541344.0,60100667293696.0,1977799933952.0,119934677009408.0,224623756330752.0,112311878165376.0,0.0,6779.323037960908,103.02676162720725,1270.847454084146,10.348580530606203,0.0,0.0,46.3150193498158,97.16648461861239,857.873525876802,919.8202618307889,278.0491516944097,1365.884350069162,12339200
cacheblend_wikimqa_attention,CacheBlend WikiMQA,joint_edp,WS-independent-8,8,103.568,31.79260512,13262.442547521094,290.7477648126345,72.18460340326457,0.9189503328282146,417.15494837439394,31792605120.0,1307340898304.0,1076042036887424.0,31792605120.0,10666291102.0,8209552359.0,466910727.0,0.0,3715.2238526765286,9547.218694844565,478672077725696.0,6400.0,0.0,0.0,478672077725696.0,0.0,480689865031680.0,2017787305984.0,260530252800.0,58054421711328.0,120172466257920.0,1977325453312.0,239840485689344.0,464435373690624.0,232217686845312.0,0.0,6798.502201982252,190.46617245221555,2540.1796783603295,18.070642049769152,0.0,0.0,48.475711866407856,101.69950434150769,889.9553680645031,959.7665054679442,290.1243577075737,1425.2024052285922,12557312
cacheblend_wikimqa_attention,CacheBlend WikiMQA,joint_edp,Planaria-64,64,61.727999999999994,31.17721088,11112.788172923498,497.44907060749364,86.1479711980813,0.9370891183611868,356.43945879880766,31177210880.0,748675792896.0,131441939145600.0,31177210880.0,2135847488.0,1002825430.0,267387470.0,0.0,3658.5749751834137,7454.213197740085,478672077725696.0,6400.0,0.0,0.0,478672077725696.0,0.0,487609679740928.0,8937602015232.0,176576180096.0,5643376519200.0,15237802491904.0,2005944762368.0,30196304920832.0,45147012153600.0,22573506076800.0,0.0,7089.993273452829,38.10463627243419,315.7667074842153,10.348580530606203,0.0,0.0,47.4934369784055,99.638743077965,888.1300267047686,941.1887646071191,284.5085593814207,1397.6154444337349,10766336
cacheblend_wikimqa_attention,CacheBlend WikiMQA,joint_edp,Tessera-64,64,58.288,31.042753504,10796.661336718571,529.0889604726253,88.67038852052735,0.94114798974696,347.7997315968563,31042753504.0,748675792896.0,93564499837312.0,31042753504.0,1750538188.0,713843715.0,267387470.0,0.0,3642.7215055658103,7153.939831152761,478672077725696.0,6400.0,0.0,0.0,478672077725696.0,0.0,487609679740928.0,8937602015232.0,176576180096.0,3276036562432.0,15237802491904.0,2005944762368.0,20726945093760.0,26208292499456.0,13104146249728.0,0.0,6887.601449500191,31.21714299563692,224.77265812632686,10.348580530606203,0.0,0.0,47.264338284671716,99.15810601868422,884.2998048995802,937.1297173723667,283.28156462261416,1391.5879743678931,10766336
cacheblend_wikimqa_attention,CacheBlend WikiMQA,joint_edp,Planaria-32,32,71.03999999999999,30.963021184000002,11098.724434661533,435.2329908075403,86.2571335190184,0.9435715230397848,358.450952467027,30963021184.0,748675792896.0,154488971256704.0,30963021184.0,2217156322.0,1178660331.0,267387470.0,0.0,3633.325783166906,7465.398651494626,478672077725696.0,6400.0,0.0,0.0,478672077725696.0,0.0,484858198228992.0,6186120503296.0,269779513088.0,6142937031712.0,30303637389312.0,1994173775872.0,32194546970880.0,49143496253696.0,24571748126848.0,0.0,7044.39438259331,39.52244038723407,371.13324798347656,10.348580530606203,0.0,0.0,47.13018816958313,98.87666610400152,882.0285091199997,934.722729651467,282.5539649798286,1388.013725142026,11290624
cacheblend_wikimqa_attention,CacheBlend WikiMQA,joint_edp,Tessera-32,32,65.376,30.874736888,10782.544488435524,474.2927433957988,88.78647859771515,0.9462696042554855,349.2351862802868,30874736888.0,748675792896.0,110346201555840.0,30874736888.0,1767747574.0,841878046.0,267387470.0,0.0,3622.9281259794416,7159.616362456083,478672077725696.0,6400.0,0.0,0.0,478672077725696.0,0.0,485396613955584.0,6724536229888.0,305686572800.0,3381769734176.0,30337288372224.0,1996429852672.0,21149877780736.0,27054157873408.0,13527078936704.0,0.0,6852.672428687287,31.50753594662966,265.08781729156027,10.348580530606203,0.0,0.0,46.983533492689695,98.56899227364026,879.5135973639135,932.0575718281368,281.7483240272867,1384.0561069937744,11290624
cacheblend_wikimqa_attention,CacheBlend WikiMQA,joint_edp,Planaria-16,16,86.464,30.929562256,11097.195477954201,357.98018963572287,86.26901791117056,0.9445922581989483,358.7892834080271,30929562256.0,748675792896.0,163185147390848.0,30929562256.0,2218943303.0,1245007152.0,267387470.0,0.0,3629.379644543199,7467.815833411003,478672077725696.0,6400.0,0.0,0.0,478672077725696.0,0.0,483651565453312.0,4979487727616.0,271510047488.0,6153916499104.0,38829205192704.0,1989110628352.0,32238464840448.0,49231331992832.0,24615665996416.0,0.0,7025.895324004285,39.54760972135816,392.0243191547541,10.348580530606203,0.0,0.0,47.072824568966446,98.7563202746089,881.0753809286253,933.7126595964321,282.2486345434285,1386.5138246311374,12339200
cacheblend_wikimqa_attention,CacheBlend WikiMQA,joint_edp,Tessera-16,16,79.536,30.854633096,10786.006019693068,390.1071929349344,88.75798453138955,0.9468861601950971,349.57492400359695,30854633096.0,748675792896.0,119984526665088.0,30854633096.0,1783022196.0,915412772.0,267387470.0,0.0,3620.5577685944418,7165.448251098625,478672077725696.0,6400.0,0.0,0.0,478672077725696.0,0.0,484188785410048.0,5516707684352.0,303590787328.0,3475617744960.0,38479102525440.0,1991372636160.0,21525269823872.0,27804941959680.0,13902470979840.0,0.0,6835.080380986923,31.777049848777725,288.24223973231864,10.348580530606203,0.0,0.0,46.94928589796056,98.49714261378503,878.9409104293911,931.4506713831539,281.5648662791886,1383.1548919909626,12339200
cacheblend_wikimqa_attention,CacheBlend WikiMQA,joint_edp,Planaria-8,8,119.984,32.805888064,11431.097858525454,243.216455658967,83.74909980648908,0.890566504387985,348.4465299712319,32805888064.0,1307340898304.0,187842610733952.0,32805888064.0,2457550234.0,1433128575.0,466910727.0,0.0,3849.985737989325,7581.11212053613,478672077725696.0,6400.0,0.0,0.0,478672077725696.0,0.0,485172522319872.0,6500444594176.0,307927206656.0,7619917489696.0,38907151425536.0,1995281678336.0,38102468802816.0,60959339917568.0,30479669958784.0,0.0,7067.85409433506,43.927739761880964,451.2596443894193,18.070642049769152,0.0,0.0,50.067811990071974,105.03964700686784,934.5253606711971,990.3558524730867,299.3711011623624,1470.625964685739,12557312
cacheblend_wikimqa_attention,CacheBlend WikiMQA,joint_edp,Tessera-8,8,107.776,32.383912864,11173.600671912509,274.2942520449793,85.67910949761283,0.9021709383666899,345.0355341195902,32383912864.0,1307340898304.0,184471971579776.0,32383912864.0,2423473736.0,1407412525.0,466910727.0,0.0,3800.424026348603,7373.176645563905,478672077725696.0,6400.0,0.0,0.0,478672077725696.0,0.0,485235211501568.0,6563133775872.0,317094343936.0,7410551493728.0,38886066233344.0,1995583651840.0,37265004818944.0,59284411949824.0,29642205974912.0,0.0,6868.63532514557,43.30841625112177,443.16226211744475,18.070642049769152,0.0,0.0,49.41083710764028,103.6613481158221,922.5047586010753,977.617114594593,295.520354002561,1451.7096139269115,12557312
epic_hotpotqa_attention,EPIC HotpotQA,native_tail,WS,128,54.400000000000006,31.311023616000003,10622.823923147518,553.239972660842,88.70941875902255,0.9184647983627262,339.2678582925418,31311023616.0,1035698176000.0,62873926623232.0,31311023616.0,1498958272.0,479693376.0,369895392.0,0.0,3674.594433019565,6948.229490127953,471172267900928.0,6400.0,0.0,0.0,471172267900928.0,0.0,477082349993984.0,5910082093056.0,71361015808.0,1847514365952.0,7454411718656.0,2030546452480.0,14816478404608.0,14780114927616.0,7390057463808.0,0.0,6756.069093078987,26.800675641246684,151.0438215190217,14.315899888697661,0.0,0.0,47.79955216506983,100.28095670529585,891.9418849641409,945.2283512195742,285.7296714588538,1403.6140165066302,12388352
epic_hotpotqa_attention,EPIC HotpotQA,native_tail,WS-independent-64,64,57.68000000000001,30.181911040000003,10591.867082008592,541.2996299825475,88.96868970368105,0.952824788128459,350.934275433097,30181911040.0,1037147308032.0,129183109505024.0,30181911040.0,2098562112.0,985592032.0,370412928.0,0.0,3541.4266439413486,7050.440438067242,471172267900928.0,6400.0,0.0,0.0,471172267900928.0,0.0,474502819479552.0,3330551578624.0,66239291392.0,5531481384960.0,14828213108736.0,2019557376000.0,29552346480640.0,44251851079680.0,22125925539840.0,0.0,6688.416992192874,37.34725919874694,310.3402568170326,14.335929858589248,0.0,0.0,45.86358577699744,96.21940062889675,859.7774047566165,911.1422979610538,275.42592127370557,1352.9980335440785,12404736
epic_hotpotqa_attention,EPIC HotpotQA,native_tail,WS-independent-32,32,64.24000000000001,29.640110592000003,10848.076619801368,494.90787528562964,86.86742994437945,0.9702417574569352,365.9931222634949,29640110592.0,1038602731520.0,261844849090560.0,29640110592.0,3298009504.0,1997720896.0,370932704.0,0.0,3477.7841335532326,7370.292486248135,471172267900928.0,6400.0,0.0,0.0,471172267900928.0,0.0,473307115683840.0,2134847782912.0,75800559616.0,12900885133312.0,29581694730240.0,2014444519424.0,59029961474048.0,103207081066496.0,51603540533248.0,0.0,6668.234712511073,58.664401636132226,629.0373255787068,14.356046522223023,0.0,0.0,45.01775694234342,94.44489603824465,844.3433991875175,894.7862327479264,270.4817052716394,1328.7101433655612,12442624
epic_hotpotqa_attention,EPIC HotpotQA,native_tail,WS-independent-16,16,77.344,29.379262976000003,11465.252958831437,414.7077879946934,82.19134276282918,0.9788561753741933,390.24984963705293,29379262976.0,1044595867648.0,527210296467456.0,29379262976.0,5697131232.0,4022298560.0,373073152.0,0.0,3437.442367426868,8027.810591404569,471172267900928.0,6400.0,0.0,0.0,471172267900928.0,0.0,472753949900800.0,1581681999872.0,105590784000.0,27641089071104.0,59094243737600.0,2012093612032.0,117990777225216.0,221128712568832.0,110564356284416.0,0.0,6660.229988595763,101.33655053327116,1251.8051649287236,14.438887346812056,0.0,0.0,44.620285993841065,93.61102280778572,827.1812164299216,886.9116718579643,268.1013326420324,1317.0168376953227,12492800
epic_hotpotqa_attention,EPIC HotpotQA,native_tail,WS-independent-8,8,103.568,29.293554176,12778.544756403486,310.6075866846524,73.74427634489722,0.981720170219607,436.2237739957433,29293554176.0,1059935485952.0,1057959582720000.0,29293554176.0,10495440960.0,8071594208.0,378551616.0,0.0,3422.6608626291663,9355.883893774318,471172267900928.0,6400.0,0.0,0.0,471172267900928.0,0.0,472483874471936.0,1311606571008.0,169535143936.0,57121903663104.0,118120968617984.0,2010942275584.0,235914035593216.0,456975229304832.0,228487614652416.0,0.0,6657.037205784624,186.70279074783133,2497.492979294336,14.65091794752804,0.0,0.0,44.49465604307781,93.34745775157197,820.0006161879301,884.3242640266977,267.31919445436165,1313.1746741655272,12562432
epic_hotpotqa_attention,EPIC HotpotQA,native_tail,Planaria-64,64,61.727999999999994,32.820549632,10966.734256775333,465.1378284052997,85.92754358205299,0.8762215537049054,334.14230961210893,32820549632.0,1037147308032.0,65376134356992.0,32820549632.0,1521839040.0,498783680.0,370412928.0,0.0,3851.793363639845,7114.940893135487,471172267900928.0,6400.0,0.0,0.0,471172267900928.0,0.0,474502819479552.0,3330551578624.0,40219357184.0,1988094984192.0,7715420372992.0,2019557376000.0,15378800877568.0,15904759873536.0,7952379936768.0,0.0,6916.333038189079,27.21697878878466,157.05494629903362,14.335929858589248,0.0,0.0,50.11826962116985,105.14550447394419,934.9430176203543,990.7984611184282,299.5048957344942,1471.2832150714546,12404736
epic_hotpotqa_attention,EPIC HotpotQA,native_tail,Tessera-64,64,58.288,31.592542208,10626.840444595855,511.7360214718714,88.67589014014729,0.9102804327255993,336.37180492251997,31592542208.0,1037147308032.0,65376134356992.0,31592542208.0,1521839040.0,498783680.0,370412928.0,0.0,3707.6341563987003,6919.206288197154,471172267900928.0,6400.0,0.0,0.0,471172267900928.0,0.0,474502819479552.0,3330551578624.0,40219357184.0,1988094984192.0,7715420372992.0,2019557376000.0,15378800877568.0,15904759873536.0,7952379936768.0,0.0,6720.605390999449,27.210021040081976,157.05494629903362,14.335929858589248,0.0,0.0,48.22974147065824,101.18347133513622,899.9613680280104,953.7269349074559,288.298677690915,1416.2339629665246,12404736
epic_hotpotqa_attention,EPIC HotpotQA,native_tail,Planaria-32,32,71.03999999999999,32.571484160000004,10932.539471478372,407.25761695635714,86.19630766120854,0.8829217867608523,335.6475688296781,32571484160.0,1038602731520.0,70471596171264.0,32571484160.0,1568018016.0,537658464.0,370932704.0,0.0,3822.5495848553583,7109.989886623014,471172267900928.0,6400.0,0.0,0.0,471172267900928.0,0.0,473307115683840.0,2134847782912.0,25765064704.0,2271817498624.0,8273523965952.0,2014444519424.0,16513690935296.0,18174539988992.0,9087269994496.0,0.0,6898.29750374832,28.04041726603881,169.29591908643238,14.356046522223023,0.0,0.0,49.73352913338232,104.33833908324435,927.8480107850734,983.2795837948526,297.23204140820064,1460.1180806506047,12442624
epic_hotpotqa_attention,EPIC HotpotQA,native_tail,Tessera-32,32,65.376,31.448010752000002,10606.02997926485,458.35100969445205,88.84988423040211,0.9144639773493805,337.2559893503069,31448010752.0,1038602731520.0,70471596171264.0,31448010752.0,1568018016.0,537658464.0,370932704.0,0.0,3690.672249395093,6915.357729869757,471172267900928.0,6400.0,0.0,0.0,471172267900928.0,0.0,473307115683840.0,2134847782912.0,25765064704.0,2271817498624.0,8273523965952.0,2014444519424.0,16513690935296.0,18174539988992.0,9087269994496.0,0.0,6703.670078825088,28.035685436013303,169.29591908643238,14.356046522223023,0.0,0.0,48.00909715810613,100.7205711247347,895.8441708107538,949.3637677517058,286.9797516173117,1409.7548909324807,12442624
epic_hotpotqa_attention,EPIC HotpotQA,native_tail,Planaria-16,16,86.464,32.479057408,10940.268209265769,335.56061120594075,86.13541439539345,0.8854343471469257,336.8406931221792,32479057408.0,1044595867648.0,80841717211136.0,32479057408.0,1661738880.0,616776320.0,373073152.0,0.0,3811.702140175464,7128.566069090304,471172267900928.0,6400.0,0.0,0.0,471172267900928.0,0.0,472753949900800.0,1581681999872.0,19092549632.0,2847640125440.0,9420847611904.0,2012093612032.0,18816981442560.0,22781121003520.0,11390560501760.0,0.0,6890.202750592606,29.71607545359399,194.20835569729155,14.438887346812056,0.0,0.0,49.592288089971994,104.04202277236493,925.2150949018039,980.4893720319609,296.38859835099333,1455.9747640283692,12492800
epic_hotpotqa_attention,EPIC HotpotQA,native_tail,Tessera-16,16,79.536,31.432083456,10623.135023386327,376.9404996815888,88.70682088925061,0.9149273554283095,337.97107462688734,31432083456.0,1044595867648.0,80841717211136.0,31432083456.0,1661738880.0,616776320.0,373073152.0,0.0,3688.80636410642,6934.328659279906,471172267900928.0,6400.0,0.0,0.0,471172267900928.0,0.0,472753949900800.0,1581681999872.0,19092549632.0,2847640125440.0,9420847611904.0,2012093612032.0,18816981442560.0,22781121003520.0,11390560501760.0,0.0,6695.969468898459,29.711947337343698,194.20835569729155,14.438887346812056,0.0,0.0,47.985850258238706,100.67180034648376,895.3904576843211,948.8829488579482,286.83440660690513,1409.0409003525233,12492800
epic_hotpotqa_attention,EPIC HotpotQA,native_tail,Planaria-8,8,119.984,32.534542848,10997.666922725626,241.40244900580728,85.68585886653752,0.8839242993625727,338.03047346035436,32534542848.0,1059935485952.0,101736770887680.0,32534542848.0,1850429216.0,776193216.0,378551616.0,0.0,3818.2394155692978,7179.427507156328,471172267900928.0,6400.0,0.0,0.0,471172267900928.0,0.0,472483874471936.0,1311606571008.0,15831248896.0,4006953222144.0,11737363841024.0,2010942275584.0,23454233829376.0,32055625777152.0,16027812888576.0,0.0,6887.276998473398,33.09445351589343,244.40513721950873,14.65091794752804,0.0,0.0,49.68526351017006,104.23708033389482,926.7956816162023,982.1643862892748,296.8949323736808,1458.462071446075,12562432
epic_hotpotqa_attention,EPIC HotpotQA,native_tail,Tessera-8,8,107.776,31.574595584,10690.551365124029,276.91715352928526,88.14742136463445,0.9107978252799147,338.5807851974934,31574595584.0,1059935485952.0,101736770887680.0,31574595584.0,1850429216.0,776193216.0,378551616.0,0.0,3705.549353356366,6985.002011767663,471172267900928.0,6400.0,0.0,0.0,471172267900928.0,0.0,472483874471936.0,1311606571008.0,15831248896.0,4006953222144.0,11737363841024.0,2010942275584.0,23454233829376.0,32055625777152.0,16027812888576.0,0.0,6692.857063787473,33.08889281315365,244.40513721950873,14.65091794752804,0.0,0.0,48.209243535728596,101.14046774133413,899.4501312880169,953.185155819633,288.1349052431597,1415.4294497284936,12562432
epic_hotpotqa_attention,EPIC HotpotQA,joint_edp,WS,128,54.400000000000006,31.311023616000003,10622.823923147518,553.239972660842,88.70941875902255,0.9184647983627262,339.2678582925418,31311023616.0,1035698176000.0,62873926623232.0,31311023616.0,1498958272.0,479693376.0,369895392.0,0.0,3674.594433019565,6948.229490127953,471172267900928.0,6400.0,0.0,0.0,471172267900928.0,0.0,477082349993984.0,5910082093056.0,71361015808.0,1847514365952.0,7454411718656.0,2030546452480.0,14816478404608.0,14780114927616.0,7390057463808.0,0.0,6756.069093078987,26.800675641246684,151.0438215190217,14.315899888697661,0.0,0.0,47.79955216506983,100.28095670529585,891.9418849641409,945.2283512195742,285.7296714588538,1403.6140165066302,12388352
epic_hotpotqa_attention,EPIC HotpotQA,joint_edp,WS-independent-64,64,57.68000000000001,30.181911040000003,10591.867082008592,541.2996299825475,88.96868970368105,0.952824788128459,350.934275433097,30181911040.0,1037147308032.0,129183109505024.0,30181911040.0,2098562112.0,985592032.0,370412928.0,0.0,3541.4266439413486,7050.440438067242,471172267900928.0,6400.0,0.0,0.0,471172267900928.0,0.0,474502819479552.0,3330551578624.0,66239291392.0,5531481384960.0,14828213108736.0,2019557376000.0,29552346480640.0,44251851079680.0,22125925539840.0,0.0,6688.416992192874,37.34725919874694,310.3402568170326,14.335929858589248,0.0,0.0,45.86358577699744,96.21940062889675,859.7774047566165,911.1422979610538,275.42592127370557,1352.9980335440785,12404736
epic_hotpotqa_attention,EPIC HotpotQA,joint_edp,WS-independent-32,32,64.24000000000001,29.640110592000003,10848.076619801368,494.90787528562964,86.86742994437945,0.9702417574569352,365.9931222634949,29640110592.0,1038602731520.0,261844849090560.0,29640110592.0,3298009504.0,1997720896.0,370932704.0,0.0,3477.7841335532326,7370.292486248135,471172267900928.0,6400.0,0.0,0.0,471172267900928.0,0.0,473307115683840.0,2134847782912.0,75800559616.0,12900885133312.0,29581694730240.0,2014444519424.0,59029961474048.0,103207081066496.0,51603540533248.0,0.0,6668.234712511073,58.664401636132226,629.0373255787068,14.356046522223023,0.0,0.0,45.01775694234342,94.44489603824465,844.3433991875175,894.7862327479264,270.4817052716394,1328.7101433655612,12442624
epic_hotpotqa_attention,EPIC HotpotQA,joint_edp,WS-independent-16,16,77.344,29.379262976000003,11465.252958831437,414.7077879946934,82.19134276282918,0.9788561753741933,390.24984963705293,29379262976.0,1044595867648.0,527210296467456.0,29379262976.0,5697131232.0,4022298560.0,373073152.0,0.0,3437.442367426868,8027.810591404569,471172267900928.0,6400.0,0.0,0.0,471172267900928.0,0.0,472753949900800.0,1581681999872.0,105590784000.0,27641089071104.0,59094243737600.0,2012093612032.0,117990777225216.0,221128712568832.0,110564356284416.0,0.0,6660.229988595763,101.33655053327116,1251.8051649287236,14.438887346812056,0.0,0.0,44.620285993841065,93.61102280778572,827.1812164299216,886.9116718579643,268.1013326420324,1317.0168376953227,12492800
epic_hotpotqa_attention,EPIC HotpotQA,joint_edp,WS-independent-8,8,103.568,29.293554176,12778.544756403486,310.6075866846524,73.74427634489722,0.981720170219607,436.2237739957433,29293554176.0,1059935485952.0,1057959582720000.0,29293554176.0,10495440960.0,8071594208.0,378551616.0,0.0,3422.6608626291663,9355.883893774318,471172267900928.0,6400.0,0.0,0.0,471172267900928.0,0.0,472483874471936.0,1311606571008.0,169535143936.0,57121903663104.0,118120968617984.0,2010942275584.0,235914035593216.0,456975229304832.0,228487614652416.0,0.0,6657.037205784624,186.70279074783133,2497.492979294336,14.65091794752804,0.0,0.0,44.49465604307781,93.34745775157197,820.0006161879301,884.3242640266977,267.31919445436165,1313.1746741655272,12562432
epic_hotpotqa_attention,EPIC HotpotQA,joint_edp,Planaria-64,64,61.727999999999994,30.181911040000003,10785.876957150796,505.80227218431423,87.36837436079803,0.952824788128459,357.36229368830567,30181911040.0,1037147308032.0,129183109505024.0,30181911040.0,2098562112.0,985592032.0,370412928.0,0.0,3541.4266439413486,7244.450313209449,471172267900928.0,6400.0,0.0,0.0,471172267900928.0,0.0,474502819479552.0,3330551578624.0,66239291392.0,5531481384960.0,14828213108736.0,2019557376000.0,29552346480640.0,44251851079680.0,22125925539840.0,0.0,6882.42686733508,37.34725919874694,310.3402568170326,14.335929858589248,0.0,0.0,45.86358577699744,96.21940062889675,859.7774047566165,911.1422979610538,275.42592127370557,1352.9980335440785,12404736
epic_hotpotqa_attention,EPIC HotpotQA,joint_edp,Tessera-64,64,58.288,30.066995456,10460.833934962036,537.7006120003882,90.0831178145718,0.9564664694909248,347.9175014434151,30066995456.0,1037147308032.0,83938156437504.0,30066995456.0,1638307008.0,640400416.0,370412928.0,0.0,3527.907588099889,6932.9263468621475,471172267900928.0,6400.0,0.0,0.0,471172267900928.0,0.0,474502819479552.0,3330551578624.0,66239291392.0,2703671818240.0,14828213108736.0,2019557376000.0,18241108213760.0,21629374545920.0,10814687272960.0,0.0,6687.791394980747,29.15200233599892,201.64701968681263,14.335929858589248,0.0,0.0,45.677564269999465,95.82913725100784,856.5038604655786,907.6731853147892,274.37725571538624,1347.8465850831274,12404736
epic_hotpotqa_attention,EPIC HotpotQA,joint_edp,Planaria-32,32,71.03999999999999,29.921686016000002,10798.812415566514,443.32344817201005,87.26371933671744,0.9611113817791623,360.9025377043283,29921686016.0,1038602731520.0,154616953167872.0,29921686016.0,2207183040.0,1179636960.0,370932704.0,0.0,3510.82714243872,7287.985273127794,471172267900928.0,6400.0,0.0,0.0,471172267900928.0,0.0,473377982644224.0,2205714743296.0,80506568704.0,6198847512576.0,29586123915264.0,2014721343488.0,32221810991104.0,49590780100608.0,24795390050304.0,0.0,6862.923295465869,39.265228572324766,371.44070256737683,14.356046522223023,0.0,0.0,45.446940615336146,95.34530090357423,852.3645011969006,903.2865321004991,273.05123012579634,1341.3326374966134,12442624
epic_hotpotqa_attention,EPIC HotpotQA,joint_edp,Tessera-32,32,65.376,29.867680768000003,10466.140885806179,482.602837261622,90.03744035968705,0.9628492153569277,350.4169261451167,29867680768.0,1038602731520.0,101011616096256.0,29867680768.0,1661649152.0,770660640.0,370932704.0,0.0,3504.4848812716655,6961.656004534513,471172267900928.0,6400.0,0.0,0.0,471172267900928.0,0.0,473721760382976.0,2549492482048.0,103351631872.0,2847086129152.0,29607610023936.0,2016080297984.0,18814765457408.0,22776689033216.0,11388344516608.0,0.0,6675.076419241463,29.560461523902433,242.66307724692481,14.356046522223023,0.0,0.0,45.363101052601586,95.16940989246723,850.8260799913268,901.656202407344,272.55840363895453,1338.9116842889712,12442624
epic_hotpotqa_attention,EPIC HotpotQA,joint_edp,Planaria-16,16,86.464,29.904849408,10799.49840133217,364.445652493597,87.2581763321168,0.961652493200878,361.1286669259448,29904849408.0,1044595867648.0,157514430210048.0,29904849408.0,2207253184.0,1201742816.0,373073152.0,0.0,3508.8517898981822,7290.646611433987,471172267900928.0,6400.0,0.0,0.0,471172267900928.0,0.0,473076198277120.0,1903930376192.0,86277029888.0,6199277096960.0,32466032132096.0,2013430546432.0,32223529328640.0,49594216775680.0,24797108387840.0,0.0,6858.539647835809,39.26668220632099,378.4013940450455,14.438887346812056,0.0,0.0,45.42141711256852,95.29175393168694,851.8848849422519,902.7782625716857,272.8975871618575,1340.5778841781319,12492800
epic_hotpotqa_attention,EPIC HotpotQA,joint_edp,Tessera-16,16,79.536,29.634810624000004,10554.915525372124,399.8009433656652,89.2801589493188,0.9704152780618761,356.1661202863951,29634810624.0,1044595867648.0,147736894267392.0,29634810624.0,2107554208.0,1127146240.0,373073152.0,0.0,3477.162252117769,7077.753273254354,471172267900928.0,6400.0,0.0,0.0,471172267900928.0,0.0,473426047270912.0,2253779369984.0,110294409216.0,5586728052736.0,32487888388096.0,2014823055360.0,29773333151744.0,44693824421888.0,22346912210944.0,0.0,6670.91290719473,37.488937251576004,354.912541461236,14.438887346812056,0.0,0.0,45.00970195184086,94.4279970900901,844.1924215795624,894.6262354231633,270.43334025700574,1328.4725558161067,12492800
epic_hotpotqa_attention,EPIC HotpotQA,joint_edp,Planaria-8,8,119.984,29.957530112,10809.983987345657,262.16841947345824,87.17353669579714,0.9599614148591129,360.84363253349557,29957530112.0,1059935485952.0,158900858871808.0,29957530112.0,2217439488.0,1212320704.0,378551616.0,0.0,3515.045241637836,7294.938745707822,471172267900928.0,6400.0,0.0,0.0,471172267900928.0,0.0,473078528212992.0,1906260312064.0,88110350336.0,6261861677056.0,32820406255616.0,2013452566528.0,32473867649024.0,50094893416448.0,25047446708224.0,0.0,6859.104175333798,39.45160138923472,381.73205103726133,14.65091794752804,0.0,0.0,45.5053767513257,95.46789685599981,853.3855745077948,904.3686064580338,273.3783264832781,1342.9394605814039,12562432
epic_hotpotqa_attention,EPIC HotpotQA,joint_edp,Tessera-8,8,107.776,29.700997376,10569.695302393504,294.38564039687355,89.15531704953334,0.9682527703678419,355.8700459983335,29700997376.0,1059935485952.0,150176162504704.0,29700997376.0,2129189696.0,1145756448.0,378551616.0,0.0,3484.942527146114,7084.75277524739,471172267900928.0,6400.0,0.0,0.0,471172267900928.0,0.0,473419983355904.0,2247715454976.0,111138103296.0,5719656914944.0,32769646002176.0,2014792646656.0,30305048600576.0,45757255319552.0,22878627659776.0,0.0,6671.451205531698,37.87818686868888,360.7724648994746,14.65091794752804,0.0,0.0,45.11485537429573,94.6486034624719,846.0778513586249,896.6243047048578,271.0373294186448,1331.439582827219,12562432
