workload_id,tiling_policy,family,grain,energy_efficiency_gain,energy_reduction_pct,performance_density_gain,latency_ratio,sram_traffic_ratio,padded_compute_ratio
falcon_mqa_dolly_decode,native_tail,Tessera,64,0.8226338411539411,-21.560766160222666,0.7126614319322768,1.3885542168674698,0.8042284097627294,1.0
falcon_mqa_dolly_decode,native_tail,Planaria,64,0.6723936981690585,-48.72239325309267,0.5019872127181614,1.8614457831325302,0.8042284097627294,1.0
falcon_mqa_dolly_decode,native_tail,Tessera,32,0.8180490562018143,-22.24205778599395,0.6693621204058253,1.468,0.6853593140316031,1.0
falcon_mqa_dolly_decode,native_tail,Planaria,32,0.6939115881692847,-44.11057792510058,0.47694054814307996,1.896,0.6853593140316031,1.0
falcon_mqa_dolly_decode,native_tail,Tessera,16,0.8952204003002422,-11.70433556525483,0.752662657033083,1.2919999999999998,0.6209374737242133,1.0
falcon_mqa_dolly_decode,native_tail,Planaria,16,0.7817308527437835,-27.92126554684613,0.5562951342473422,1.6079999999999999,0.6209374737242133,1.0
falcon_mqa_dolly_decode,native_tail,Tessera,8,0.9481796864350122,-5.4652419057639845,0.7825375057061287,1.228,0.5873366212849516,1.0
falcon_mqa_dolly_decode,native_tail,Planaria,8,0.8519262977364292,-17.381046066661288,0.5896050256609807,1.4639999999999997,0.5873366212849516,1.0
falcon_mqa_dolly_decode,joint_edp,Tessera,64,1.1203766786726765,10.744304211623557,1.2213268405976936,0.8102409638554218,1.0,1.0
falcon_mqa_dolly_decode,joint_edp,Planaria,64,0.9913044380932635,-0.877183796681269,0.934421980300674,1.0,1.0,1.0
falcon_mqa_dolly_decode,joint_edp,Tessera,32,0.999950279838114,-0.004972263410341071,0.9826235927557514,1.0,1.0,1.0
falcon_mqa_dolly_decode,joint_edp,Planaria,32,0.9904528697778432,-0.9639156504537283,0.9042792792792796,1.0,1.0,1.0
falcon_mqa_dolly_decode,joint_edp,Tessera,16,0.9999526567180206,-0.004734552347196441,0.9724401528867431,1.0,1.0,1.0
falcon_mqa_dolly_decode,joint_edp,Planaria,16,0.9909051422918868,-0.9178333343873524,0.894522575869726,1.0,1.0,1.0
falcon_mqa_dolly_decode,joint_edp,Tessera,8,0.9999558093931032,-0.004419255979271064,0.9609560570071259,1.0,1.0,1.0
falcon_mqa_dolly_decode,joint_edp,Planaria,8,0.9915056673790826,-0.8567104455762697,0.8631817575676758,1.0,1.0,1.0
phi2_chat_prefill,native_tail,Tessera,64,0.9726111581300428,-2.816011480128955,0.9122420113501148,1.08476591101501,0.8212260609716191,1.0
phi2_chat_prefill,native_tail,Planaria,64,0.8598211923679717,-16.303251056882175,0.6707744206167512,1.393049513488468,0.8212260609716191,1.0
phi2_chat_prefill,native_tail,Tessera,32,0.9655863455807867,-3.5640162660454777,0.8579587310106147,1.1453040306475935,0.6848582502880713,1.0
phi2_chat_prefill,native_tail,Planaria,32,0.8831761061019672,-13.22770091841059,0.6631664153465199,1.3635782186086318,0.6848582502880713,1.0
phi2_chat_prefill,native_tail,Tessera,16,0.9308012308145536,-7.434322913914704,0.7229435155962413,1.3451122140361569,0.5982421620387985,1.0
phi2_chat_prefill,native_tail,Planaria,16,0.8700199369228458,-14.939894772627603,0.5893075516981996,1.5179214542423431,0.5982421620387985,1.0
phi2_chat_prefill,native_tail,Tessera,8,0.9740738184675997,-2.661623897579668,0.6997658235258845,1.3732537724766147,0.5695791969770019,1.0
phi2_chat_prefill,native_tail,Planaria,8,0.9237317857276922,-8.256532410241313,0.5712971257940813,1.5109156314551484,0.5695791969770019,1.0
phi2_chat_prefill,joint_edp,Tessera,64,1.0277136106170308,2.696627769714155,1.062769475760841,0.9311229378317776,1.0,1.0
phi2_chat_prefill,joint_edp,Planaria,64,0.9829015985939005,-1.7395842504030812,0.9344219803006744,1.0,1.0,1.0
phi2_chat_prefill,joint_edp,Tessera,32,1.0164325549584463,1.6166891623338508,1.0214104007827869,0.9620262256999633,0.9514447499705962,1.000270253626358
phi2_chat_prefill,joint_edp,Planaria,32,0.983154120253822,-1.7134525909151321,0.9042792792792796,1.0,1.0,1.0
phi2_chat_prefill,joint_edp,Tessera,16,1.0260419198490391,2.538095115340966,0.9868447477968965,0.985403382910725,0.8005786684662929,1.0019141778540408
phi2_chat_prefill,joint_edp,Planaria,16,0.9928950802933325,-0.7155760812681766,0.8911586460954135,1.0037747821771708,0.9038956855071736,1.0004349837754847
phi2_chat_prefill,joint_edp,Tessera,8,1.1193301340529462,10.660852452963788,0.949968699823254,1.0115660202129988,0.4419840332867925,1.0036293505174971
phi2_chat_prefill,joint_edp,Planaria,8,1.0837507381950173,7.7278598522113935,0.8406767879030514,1.0267700619173272,0.4957423703119843,1.0021945068763964
cacheblend_wikimqa_attention,native_tail,Tessera,64,1.00079036543886,0.07897412546665761,0.9520756308719716,1.0393807008819897,0.497854972244683,1.0
cacheblend_wikimqa_attention,native_tail,Planaria,64,0.9714994109359282,-2.933670236260344,0.8694120247479136,1.074774622045986,0.497854972244683,1.0
cacheblend_wikimqa_attention,native_tail,Tessera,32,1.027289194042236,2.656427635032055,0.9346217318570411,1.0513596669781404,0.25619982664068514,1.0
cacheblend_wikimqa_attention,native_tail,Planaria,32,0.9981599185731831,-0.18434735682906211,0.8339710046495099,1.0843054185790524,0.25619982664068514,1.0
cacheblend_wikimqa_attention,native_tail,Tessera,16,1.0850463687185423,7.838040029476668,0.9190509985278557,1.0580916123745112,0.13747702175807164,1.0
cacheblend_wikimqa_attention,native_tail,Planaria,16,1.0551216019797025,5.224194242282509,0.8215161900834397,1.088867860022176,0.13747702175807164,1.0
cacheblend_wikimqa_attention,native_tail,Tessera,8,1.1746404480935118,14.867566358451235,0.8607824501207054,1.1163750572195954,0.09433979514178069,1.0
cacheblend_wikimqa_attention,native_tail,Planaria,8,1.135048986817549,11.898075623696169,0.7405428008332992,1.1656068448661938,0.09433979514178069,1.0
cacheblend_wikimqa_attention,joint_edp,Tessera,64,1.0107686842726171,1.0653955192890252,0.9938552173718908,0.9956873186470232,0.7118314021042351,1.0
cacheblend_wikimqa_attention,joint_edp,Planaria,64,0.9820152246257697,-1.8314151271008994,0.934421980300674,1.0,1.0,1.0
cacheblend_wikimqa_attention,joint_edp,Tessera,32,1.0321886464858587,3.118484842421654,0.9770446352379211,1.0057100334177382,0.4147201966531817,1.0045120048233038
cacheblend_wikimqa_attention,joint_edp,Planaria,32,1.0027837042636898,0.27759767653322553,0.8965814144708446,1.0085857956502233,0.5806243951941197,1.0033977715439657
cacheblend_wikimqa_attention,joint_edp,Tessera,16,1.0873955202906713,8.037141836606953,0.9602979347417472,1.012644219784,0.22417370776200143,1.0070370413774816
cacheblend_wikimqa_attention,joint_edp,Planaria,16,1.0569025886714098,5.38390096507756,0.8812132742268619,1.0151033830652871,0.3048878097790532,1.0059197077834328
cacheblend_wikimqa_attention,joint_edp,Tessera,8,1.186944382293828,15.750054095420108,0.9434096672135786,1.0185989081979325,0.1714356551658358,1.00945588164125
cacheblend_wikimqa_attention,joint_edp,Planaria,8,1.16020724445376,13.808502336079409,0.8365204658261158,1.0318716550649247,0.17456809705809306,1.0093254666143139
epic_hotpotqa_attention,native_tail,Tessera,64,0.9967089594720462,-0.33019072384952164,0.9453840223174932,1.0467376358684013,0.5060733915407841,1.0
epic_hotpotqa_attention,native_tail,Planaria,64,0.9658177935208793,-3.5391982533796496,0.8592982567165187,1.0874245036539607,0.5060733915407841,1.0
epic_hotpotqa_attention,native_tail,Tessera,32,1.0228216062946953,2.2312401453240316,0.9261339990395601,1.0609950544681153,0.26913493397340477,1.0
epic_hotpotqa_attention,native_tail,Planaria,32,0.9922741782092479,-0.7785974844870758,0.8228958100966037,1.0988988741759687,0.26913493397340477,1.0
epic_hotpotqa_attention,native_tail,Tessera,16,1.0792720730359944,7.344957311181222,0.9089303615547537,1.069873110216446,0.15333865395424093,1.0
epic_hotpotqa_attention,native_tail,Planaria,16,1.047986460617212,4.578919902166523,0.8091495287043767,1.1055096050071858,0.15333865395424093,1.0
epic_hotpotqa_attention,native_tail,Tessera,8,1.1953120395727346,16.339837055648587,0.8915337725167296,1.077868373168212,0.09616319238407588,1.0
epic_hotpotqa_attention,native_tail,Planaria,8,1.161932330392535,13.936468256962042,0.7771943099731612,1.1106382876085183,0.09616319238407588,1.0
epic_hotpotqa_attention,joint_edp,Tessera,64,1.012526070852594,1.2371109458985674,0.9933511538105517,0.9961925676658544,0.6497610775829761,1.0
epic_hotpotqa_attention,joint_edp,Planaria,64,0.9820126007451271,-1.8316872147286611,0.9344219803006742,1.0,1.0,1.0
epic_hotpotqa_attention,joint_edp,Tessera,32,1.036492508381304,3.520769140752833,0.9751367100050572,1.0076777775607026,0.385768963747386,1.0008760584521044
epic_hotpotqa_attention,joint_edp,Planaria,32,1.0045620020368018,0.4541284686810809,0.8957696377657189,1.0094998101685895,0.5904907188546495,1.0001497272236899
epic_hotpotqa_attention,joint_edp,Tessera,16,1.0862477232784125,7.93996815184178,0.964054582381706,1.0086982320900548,0.28022384095548786,1.0014216642087348
epic_hotpotqa_attention,joint_edp,Planaria,16,1.0616468036531348,5.80671494898376,0.8788010812525673,1.0178897078673945,0.29876963948819835,1.000681640790918
epic_hotpotqa_attention,joint_edp,Tessera,8,1.208979482455827,17.285610342313042,0.9477735026986048,1.0139089711529035,0.14194886549314398,1.0019812504395293
epic_hotpotqa_attention,joint_edp,Planaria,8,1.1821057988025012,15.405203069554219,0.8440502766586557,1.0226662811897367,0.15019558541478117,1.0012585693886815
