model,batch_id,release_ns,finish_ns
llama2-7b_code300,0,0.0,211080953.0
llama2-7b_code300,1,0.0,426356210.0
llama2-7b_code300,2,0.0,646210795.0
llama2-7b_code300,3,0.0,870259684.0
llama2-7b_code300,4,0.0,1098502877.0
llama2-7b_code300,5,0.0,1331325398.0
llama2-7b_code300,6,0.0,1568727247.0
llama2-7b_code300,7,52000000.0,1809913739.0
llama2-7b_code300,8,52000000.0,2025218247.0
llama2-7b_code300,9,52000000.0,2244708867.0
llama2-7b_code300,10,52000000.0,2468770623.0
llama2-7b_code300,11,52000000.0,2697018491.0
llama2-7b_code300,12,52000000.0,2929452471.0
llama2-7b_code300,13,52000000.0,3166842611.0
llama2-7b_code300,14,140684000.0,3384836213.0
llama2-7b_code300,15,140684000.0,3605032375.0
llama2-7b_code300,16,140684000.0,3829398265.0
llama2-7b_code300,17,140684000.0,4055164472.0
llama2-7b_code300,18,140684000.0,4285108599.0
llama2-7b_code300,19,140684000.0,4519615670.0
llama2-7b_code300,20,140684000.0,4758685685.0
llama2-7b_code300,21,140684000.0,5001933620.0
llama2-7b_code300,22,539187000.0,5226120694.0
llama2-7b_code300,23,698571000.0,5440990075.0
llama2-7b_code300,24,698571000.0,5660283648.0
llama2-7b_code300,25,698571000.0,5884123781.0
llama2-7b_code300,26,698571000.0,6111085066.0
llama2-7b_code300,27,698571000.0,6342246799.0
llama2-7b_code300,28,698571000.0,6577916180.0
llama2-7b_code300,29,698571000.0,6818132121.0
llama2-7b_code300,30,698571000.0,7062509598.0
llama2-7b_code300,31,1299312000.0,7288123689.0
llama2-7b_code300,32,1299312000.0,7509769396.0
llama2-7b_code300,33,1299337000.0,7729475423.0
llama2-7b_code300,34,1399087000.0,7947914544.0
llama2-7b_code300,35,1399087000.0,8170792193.0
llama2-7b_code300,36,1399087000.0,8394924687.0
llama2-7b_code300,37,1399087000.0,8622888474.0
llama2-7b_code300,38,1399087000.0,8855075237.0
llama2-7b_code300,39,1399087000.0,9091714352.0
llama2-7b_code300,40,1399087000.0,9328788661.0
llama2-7b_code300,41,1399087000.0,9569851895.0
llama2-7b_code300,42,1399087000.0,9656059695.0
llama2-7b_code300,43,1399087000.0,9679963391.0
llama2-7b_code300,44,1399087000.0,9703867087.0
llama2-7b_code300,45,1399087000.0,9727770783.0
llama2-7b_code300,46,1399087000.0,9751674479.0
llama2-7b_code300,47,1399087000.0,9775578175.0
llama2-7b_code300,48,1399087000.0,9799481871.0
llama2-7b_code300,49,1399087000.0,9823385567.0
llama2-7b_code300,50,1299337000.0,9843708079.0
llama2-7b_code300,51,1299337000.0,9864030591.0
llama2-7b_code300,52,1299337000.0,9884353103.0
llama2-7b_code300,53,1299337000.0,9904675615.0
llama2-7b_code300,54,1299337000.0,9924368111.0
llama2-7b_code300,55,1299337000.0,9944060607.0
llama2-7b_code300,56,1299337000.0,9963753103.0
llama2-7b_code300,57,29479069000.0,29690149953.0
llama2-7b_code300,58,29479069000.0,29905425210.0
llama2-7b_code300,59,29479069000.0,30125279795.0
llama2-7b_code300,60,29580407000.0,30338084527.0
llama2-7b_code300,61,29580407000.0,30554757099.0
llama2-7b_code300,62,29580407000.0,30776000807.0
llama2-7b_code300,63,29580407000.0,31001430627.0
llama2-7b_code300,64,29580407000.0,31231046559.0
llama2-7b_code300,65,29580407000.0,31465233627.0
llama2-7b_code300,66,29580407000.0,31703991831.0
llama2-7b_code300,67,29610325000.0,31935096662.0
llama2-7b_code300,68,29610325000.0,32152846997.0
llama2-7b_code300,69,29610325000.0,32374775252.0
llama2-7b_code300,70,29610325000.0,32601266451.0
llama2-7b_code300,71,29679153000.0,32820120725.0
llama2-7b_code300,72,29717488000.0,33037806362.0
llama2-7b_code300,73,29717488000.0,33117354761.0
llama2-7b_code300,74,29717488000.0,33145664217.0
llama2-7b_code300,75,29717488000.0,33173973673.0
llama2-7b_code300,76,29717488000.0,33202283129.0
llama2-7b_code300,77,30177869000.0,33420592129.0
llama2-7b_code300,78,30177869000.0,33643054473.0
llama2-7b_code300,79,30177869000.0,33868061387.0
llama2-7b_code300,80,30177869000.0,34097238029.0
llama2-7b_code300,81,30177869000.0,34329015116.0
llama2-7b_code300,82,30177869000.0,34565355147.0
llama2-7b_code300,83,30177869000.0,34806258122.0
llama2-7b_code300,84,30177869000.0,35051339017.0
llama2-7b_code300,85,30482726000.0,35268852110.0
llama2-7b_code300,86,30482726000.0,35486889680.0
llama2-7b_code300,87,30482726000.0,35709096978.0
llama2-7b_code300,88,30482726000.0,35935859028.0
llama2-7b_code300,89,30482726000.0,36166397075.0
llama2-7b_code300,90,30482726000.0,36401498066.0
llama2-7b_code300,91,30482726000.0,36641162001.0
llama2-7b_code300,92,30482726000.0,36885003856.0
llama2-7b_code300,93,30503459000.0,37110479314.0
llama2-7b_code300,94,30503459000.0,37292755033.0
llama2-7b_code300,95,30503459000.0,37317053993.0
llama2-7b_code300,96,30503459000.0,37341352953.0
llama2-7b_code300,97,30503459000.0,37365651913.0
llama2-7b_code300,98,30983655000.0,37580758795.0
llama2-7b_code300,99,30983655000.0,37800229965.0
llama2-7b_code300,100,30983655000.0,38024255887.0
llama2-7b_code300,101,30983655000.0,38056106815.0
llama2-7b_code300,102,30983655000.0,38081190159.0
llama2-7b_code300,103,30983655000.0,38106273503.0
llama2-7b_code300,104,30983655000.0,38131356847.0
llama2-7b_code300,105,30983655000.0,38156440191.0
llama2-7b_code300,106,30983655000.0,38181523535.0
llama2-7b_code300,107,30983655000.0,38206606879.0
llama2-7b_code300,108,30983655000.0,38231690223.0
llama2-7b_code300,109,30983655000.0,38256773567.0
llama2-7b_code300,110,30983655000.0,38281856911.0
llama2-7b_code300,111,30983655000.0,38302727007.0
llama2-7b_code300,112,30983655000.0,38323597103.0
llama2-7b_code300,113,30983655000.0,38344467199.0
llama2-7b_code300,114,30983655000.0,38365337295.0
llama2-7b_code300,115,30983655000.0,38386207391.0
llama2-7b_code300,116,30983655000.0,38407077487.0
llama2-7b_code300,117,31285416000.0,38619563947.0
llama2-7b_code300,118,31285416000.0,38836236519.0
llama2-7b_code300,119,31285416000.0,39056091104.0
llama2-7b_code300,120,31285416000.0,39280139993.0
llama2-7b_code300,121,31285416000.0,39508383186.0
llama2-7b_code300,122,31285416000.0,39741205707.0
llama2-7b_code300,123,31285416000.0,39978607556.0
llama2-7b_code300,124,31454687000.0,40219794048.0
llama2-7b_code300,125,31455017000.0,40432901055.0
llama2-7b_code300,126,31640022000.0,40647780097.0
llama2-7b_code300,127,31640022000.0,40866860099.0
llama2-7b_code300,128,31640022000.0,41090494853.0
llama2-7b_code300,129,31640022000.0,41318299335.0
llama2-7b_code300,130,31640022000.0,41550273545.0
llama2-7b_code300,131,31807122000.0,41767597390.0
llama2-7b_code300,132,31807122000.0,41988666579.0
llama2-7b_code300,133,31807122000.0,42214282328.0
llama2-7b_code300,134,31807122000.0,42444059613.0
llama2-7b_code300,135,31807122000.0,42678039394.0
llama2-7b_code300,136,31807122000.0,42913388708.0
llama2-7b_code300,137,31807122000.0,43153292774.0
llama2-7b_code300,138,31807122000.0,43376319486.0
llama2-7b_code300,139,31807122000.0,43402823374.0
llama2-7b_code300,140,31807122000.0,43429327262.0
llama2-7b_code300,141,31807122000.0,43455831150.0
llama2-7b_code300,142,31807122000.0,43482335038.0
llama2-7b_code300,143,31807122000.0,43508838926.0
llama2-7b_code300,144,31807122000.0,43535342814.0
llama2-7b_code300,145,31807122000.0,43561846702.0
llama2-7b_code300,146,31807122000.0,43588350590.0
llama2-7b_code300,147,31807122000.0,43614854478.0
llama2-7b_code300,148,31807122000.0,43641358366.0
llama2-7b_code300,149,31807122000.0,43667862254.0
llama2-7b_code300,150,31807122000.0,43694366142.0
llama2-7b_code300,151,31807122000.0,43720870030.0
llama2-7b_code300,152,31807122000.0,43747373918.0
llama2-7b_code300,153,31807122000.0,43773877806.0
llama2-7b_code300,154,31807122000.0,43800381694.0
llama2-7b_code300,155,31807122000.0,43826885582.0
llama2-7b_code300,156,31807122000.0,43853389470.0
llama2-7b_code300,157,31807122000.0,43879893358.0
llama2-7b_code300,158,31807122000.0,43906397246.0
llama2-7b_code300,159,31807122000.0,43932901134.0
llama2-7b_code300,160,31807122000.0,43959405022.0
llama2-7b_code300,161,31807122000.0,43983507374.0
llama2-7b_code300,162,31807122000.0,44007609726.0
llama2-7b_code300,163,31807122000.0,44031712078.0
llama2-7b_code300,164,31807122000.0,44055814430.0
llama2-7b_code300,165,31807122000.0,44079916782.0
llama2-7b_code300,166,31807122000.0,44104019134.0
llama2-7b_code300,167,31807122000.0,44128121486.0
llama2-7b_code300,168,31807122000.0,44152223838.0
llama2-7b_code300,169,31807122000.0,44176326190.0
llama2-7b_code300,170,31807122000.0,44200428542.0
llama2-7b_code300,171,31807122000.0,44224530894.0
llama2-7b_code300,172,31807122000.0,44248633246.0
llama2-7b_code300,173,31807122000.0,44272735598.0
llama2-7b_code300,174,31807122000.0,44296837950.0
llama2-7b_code300,175,31807122000.0,44320940302.0
llama2-7b_code300,176,32627381999.999996,44535850576.0
llama2-7b_code300,177,32627381999.999996,44754930578.0
llama2-7b_code300,178,32627381999.999996,44978565332.0
llama2-7b_code300,179,32707960999.999996,45195804185.0
llama2-7b_code300,180,32707960999.999996,45416476062.0
llama2-7b_code300,181,32707960999.999996,45641694499.0
llama2-7b_code300,182,32707960999.999996,45871074472.0
llama2-7b_code300,183,32707960999.999996,46104615981.0
llama2-7b_code300,184,32707960999.999996,46172728959.0
llama2-7b_code300,185,32707960999.999996,46201431631.0
llama2-7b_code300,186,32707960999.999996,46230134303.0
llama2-7b_code300,187,32707960999.999996,46258836975.0
llama2-7b_code300,188,32707960999.999996,46285729983.0
llama2-7b_code300,189,32707960999.999996,46309041807.0
llama2-7b_code300,190,32707960999.999996,46332353631.0
llama2-7b_code300,191,32707960999.999996,46355665455.0
llama2-7b_code300,192,32707960999.999996,46378977279.0
llama2-7b_code300,193,33079994999.999996,46592478014.0
llama2-7b_code300,194,33079994999.999996,46687326445.0
llama2-7b_code300,195,33079994999.999996,46710640317.0
llama2-7b_code300,196,33079994999.999996,46733954189.0
llama2-7b_code300,197,33079994999.999996,46757268061.0
llama2-7b_code300,198,33079994999.999996,46780581933.0
llama2-7b_code300,199,33079994999.999996,46803895805.0
llama2-7b_code300,200,33079994999.999996,46827209677.0
llama2-7b_code300,201,33079994999.999996,46850523549.0
llama2-7b_code300,202,33079994999.999996,46873837421.0
llama2-7b_code300,203,33079994999.999996,46897151293.0
llama2-7b_code300,204,33079994999.999996,46920465165.0
llama2-7b_code300,205,33079994999.999996,46943779037.0
llama2-7b_code300,206,33079994999.999996,46967092909.0
llama2-7b_code300,207,33079994999.999996,46990406781.0
llama2-7b_code300,208,33079994999.999996,47013720653.0
llama2-7b_code300,209,33079994999.999996,47037034525.0
llama2-7b_code300,210,33079994999.999996,47060348397.0
llama2-7b_code300,211,33079994999.999996,47083662269.0
llama2-7b_code300,212,33079994999.999996,47106976141.0
llama2-7b_code300,213,33079994999.999996,47130290013.0
llama2-7b_code300,214,33340075000.0,47344411807.0
llama2-7b_code300,215,33340075000.0,47562703329.0
llama2-7b_code300,216,33340075000.0,47785549603.0
llama2-7b_code300,217,33340075000.0,48012565605.0
llama2-7b_code300,218,33340075000.0,48243792295.0
llama2-7b_code300,219,33340075000.0,48479532777.0
llama2-7b_code300,220,33340075000.0,48719828011.0
llama2-7b_code300,221,33340075000.0,48964292973.0
llama2-7b_code300,222,33534078000.0,49182522034.0
llama2-7b_code300,223,33534078000.0,49404176951.0
llama2-7b_code300,224,33534078000.0,49630378428.0
llama2-7b_code300,225,33534078000.0,49860741441.0
llama2-7b_code300,226,33534078000.0,50095306950.0
llama2-7b_code300,227,33579250000.0,50315366990.0
llama2-7b_code300,228,33579250000.0,50539205590.0
llama2-7b_code300,229,33579250000.0,50765407067.0
llama2-7b_code300,230,33586647999.999996,50990029024.0
llama2-7b_code300,231,33586647999.999996,51210584165.0
llama2-7b_code300,232,33586647999.999996,51432136103.0
llama2-7b_code300,233,33679707999.999996,51655977708.0
llama2-7b_code300,234,33679707999.999996,51871531054.0
llama2-7b_code300,235,33679707999.999996,52091254128.0
llama2-7b_code300,236,33679707999.999996,52315531954.0
llama2-7b_code300,237,33679707999.999996,52542404081.0
llama2-7b_code300,238,33679707999.999996,52773742896.0
llama2-7b_code300,239,33679707999.999996,53009740911.0
llama2-7b_code300,240,33679707999.999996,53249916846.0
llama2-7b_code300,241,33681466999.999996,53490186992.0
llama2-7b_code300,242,33681466999.999996,53705911855.0
llama2-7b_code300,243,33681466999.999996,53925814638.0
llama2-7b_code300,244,33681466999.999996,54150280365.0
llama2-7b_code300,245,33681466999.999996,54378924012.0
llama2-7b_code300,246,33681466999.999996,54612034347.0
llama2-7b_code300,247,33681466999.999996,54849803882.0
llama2-7b_code300,248,33681466999.999996,55091751337.0
llama2-7b_code300,249,33781008000.0,55334623915.0
llama2-7b_code300,250,33781008000.0,55553523693.0
llama2-7b_code300,251,33880063000.0,55776620338.0
llama2-7b_code300,252,33983035000.0,55993853111.0
llama2-7b_code300,253,33983035000.0,56214803516.0
llama2-7b_code300,254,33983035000.0,56436750718.0
llama2-7b_code300,255,34284439000.0,56657665216.0
llama2-7b_code300,256,34284439000.0,56872628738.0
llama2-7b_code300,257,34284439000.0,57091761988.0
llama2-7b_code300,258,34284439000.0,57315449990.0
llama2-7b_code300,259,34284439000.0,57543342536.0
llama2-7b_code300,260,34284439000.0,57775755018.0
llama2-7b_code300,261,34284439000.0,58012722252.0
llama2-7b_code300,262,34445908000.0,58236314001.0
llama2-7b_code300,263,34445908000.0,58456138006.0
llama2-7b_code300,264,34445908000.0,58678732376.0
llama2-7b_code300,265,34878972000.0,58898529245.0
llama2-7b_code300,266,34878972000.0,59118353250.0
llama2-7b_code300,267,34878972000.0,59341340836.0
llama2-7b_code300,268,34878972000.0,59568883174.0
llama2-7b_code300,269,34878972000.0,59799552808.0
llama2-7b_code300,270,34878972000.0,60034777194.0
llama2-7b_code300,271,34878972000.0,60271819689.0
llama2-7b_code300,272,34979189000.0,60509292331.0
llama2-7b_code300,273,35034123000.0,60724530352.0
llama2-7b_code300,274,35034123000.0,60943963189.0
llama2-7b_code300,275,35347150000.0,61161526205.0
llama2-7b_code300,276,35347150000.0,61381770565.0
llama2-7b_code300,277,35347150000.0,61606168269.0
llama2-7b_code300,278,35347150000.0,61835104341.0
llama2-7b_code300,279,35347150000.0,62068271581.0
llama2-7b_code300,280,35347150000.0,62305899365.0
llama2-7b_code300,281,35347150000.0,62545132266.0
llama2-7b_code300,282,35347150000.0,62788526703.0
llama2-7b_code300,283,35354500000.0,63011599857.0
llama2-7b_code300,284,35354500000.0,63229829939.0
llama2-7b_code300,285,35354500000.0,63452229749.0
llama2-7b_code300,286,35354500000.0,63679184311.0
llama2-7b_code300,287,35354500000.0,63910347513.0
llama2-7b_code300,288,35980991000.0,64126714241.0
llama2-7b_code300,289,35980991000.0,64346311433.0
llama2-7b_code300,290,35980991000.0,64570061969.0
llama2-7b_code300,291,36280487000.0,64792718940.0
llama2-7b_code300,292,36280487000.0,64866548321.0
llama2-7b_code300,293,36280487000.0,64896511025.0
llama2-7b_code300,294,36649398000.0,65112487868.0
llama2-7b_code300,295,36649398000.0,65330622788.0
llama2-7b_code300,296,36649398000.0,65553296076.0
llama2-7b_code300,297,36704026000.0,65780292439.0
llama2-7b_code300,298,36704026000.0,65995878114.0
llama2-7b_code300,299,36704026000.0,66215608941.0
llama2-7b_code300,300,36704026000.0,66439869944.0
llama2-7b_code300,301,36704026000.0,66667878272.0
llama2-7b_code300,302,36779047000.0,66768245138.0
llama2-7b_code300,303,36779047000.0,66796241762.0
llama2-7b_code300,304,36779047000.0,66824238386.0
llama2-7b_code300,305,36779047000.0,66852235010.0
llama2-7b_code300,306,36779047000.0,66878223314.0
llama2-7b_code300,307,36779047000.0,66904211618.0
llama2-7b_code300,308,36779047000.0,66930199922.0
llama2-7b_code300,309,36779047000.0,66956192322.0
llama2-7b_code300,310,36779047000.0,66982184722.0
llama2-7b_code300,311,36779047000.0,67008177122.0
llama2-7b_code300,312,36779047000.0,67034169522.0
llama2-7b_code300,313,36779047000.0,67060161922.0
llama2-7b_code300,314,36779047000.0,67086348882.0
llama2-7b_code300,315,36779047000.0,67110330914.0
llama2-7b_code300,316,35980991000.0,67132856306.0
llama2-7b_code300,317,35980991000.0,67155381698.0
llama2-7b_code300,318,35980991000.0,67177907090.0
llama2-7b_code300,319,35980991000.0,67200432482.0
llama2-7b_code300,320,35799358000.0,67221148210.0
llama2-7b_code300,321,35799358000.0,67241863938.0
llama2-7b_code300,322,35799358000.0,67262579666.0
llama2-7b_code300,323,35799358000.0,67283295394.0
llama2-7b_code300,324,35799358000.0,67304011122.0
llama2-7b_code300,325,35799358000.0,67324726850.0
llama2-7b_code300,326,35799358000.0,67345442578.0
llama2-7b_code300,327,35799358000.0,67366158306.0
llama2-7b_code300,328,33880063000.0,67386047410.0
llama2-7b_code300,329,33880063000.0,67405936514.0
llama2-7b_code300,330,33880063000.0,67425825618.0
llama2-7b_code300,331,33880063000.0,67445714722.0
llama2-7b_code300,332,33880063000.0,67465603826.0
llama2-7b_code300,333,33880063000.0,67485492930.0
llama2-7b_code300,334,33880063000.0,67505382034.0
llama2-7b_code300,335,33880063000.0,67525271138.0
llama2-7b_code300,336,33880063000.0,67545160242.0
llama2-7b_code300,337,33880063000.0,67565049346.0
llama2-7b_code300,338,33880063000.0,67584938450.0
llama2-7b_code300,339,33880063000.0,67604827554.0
llama2-7b_code300,340,37379423000.0,67816333022.0
llama2-7b_code300,341,37379423000.0,67926893216.0
llama2-7b_code300,342,37423170000.0,67960230640.0
llama2-7b_code300,343,37423170000.0,67981969600.0
llama2-7b_code300,344,37423170000.0,68003708560.0
llama2-7b_code300,345,37423170000.0,68025447520.0
llama2-7b_code300,346,37423170000.0,68047186480.0
llama2-7b_code300,347,37423170000.0,68068925440.0
llama2-7b_code300,348,37423170000.0,68090664400.0
llama2-7b_code300,349,37423170000.0,68112403360.0
llama2-7b_code300,350,37423170000.0,68134142320.0
llama2-7b_code300,351,37423170000.0,68155881280.0
llama2-7b_code300,352,37423170000.0,68177620240.0
llama2-7b_code300,353,37423170000.0,68199359200.0
llama2-7b_code300,354,37423170000.0,68221098160.0
llama2-7b_code300,355,37423170000.0,68242837120.0
llama2-7b_code300,356,37423170000.0,68264576080.0
llama2-7b_code300,357,37423170000.0,68286315040.0
llama2-7b_code300,358,37423170000.0,68308054000.0
llama2-7b_code300,359,37423170000.0,68329792960.0
llama2-7b_code300,360,37379423000.0,68350901904.0
llama2-7b_code300,361,37379423000.0,68372010848.0
llama2-7b_code300,362,37379423000.0,68393119792.0
llama2-7b_code300,363,37379423000.0,68414228736.0
llama2-7b_code300,364,37379423000.0,68435337680.0
llama2-7b_code300,365,37379423000.0,68456446624.0
llama2-7b_code300,366,37379423000.0,68477555568.0
llama2-7b_code300,367,37379423000.0,68498664512.0
llama2-7b_code300,368,37379423000.0,68519773456.0
llama2-7b_code300,369,37379423000.0,68540882400.0
llama2-7b_code300,370,37379423000.0,68561991344.0
llama2-7b_code300,371,37379423000.0,68583100288.0
llama2-7b_code300,372,37379423000.0,68604209232.0
llama2-7b_code300,373,37379423000.0,68625318176.0
llama2-7b_code300,374,37379423000.0,68646427120.0
llama2-7b_code300,375,37379423000.0,68667536064.0
llama2-7b_code300,376,37379423000.0,68687816336.0
llama2-7b_code300,377,37379423000.0,68708096608.0
llama2-7b_code300,378,37379423000.0,68728376880.0
llama2-7b_code300,379,37379423000.0,68748657152.0
llama2-7b_code300,380,37379423000.0,68768937424.0
llama2-7b_code300,381,37379423000.0,68789217696.0
llama2-7b_code300,382,37379423000.0,68809497968.0
llama2-7b_code300,383,37379423000.0,68829778240.0
llama2-7b_code300,384,37379423000.0,68850058512.0
llama2-7b_code300,385,37379423000.0,68870338784.0
llama2-7b_code300,386,37379423000.0,68890619056.0
llama2-7b_code300,387,37379423000.0,68910899328.0
llama2-7b_code300,388,37379423000.0,68931179600.0
llama2-7b_code300,389,37898202000.0,68963287680.0
llama2-7b_code300,390,37898202000.0,68984197968.0
llama2-7b_code300,391,37898202000.0,69005108256.0
llama2-7b_code300,392,37898202000.0,69026018544.0
llama2-7b_code300,393,37898202000.0,69046928832.0
llama2-7b_code300,394,37898202000.0,69067839120.0
llama2-7b_code300,395,37898202000.0,69088749408.0
llama2-7b_code300,396,37898202000.0,69109659696.0
llama2-7b_code300,397,37898202000.0,69130569984.0
llama2-7b_code300,398,37898202000.0,69151480272.0
llama2-7b_code300,399,37898202000.0,69172390560.0
llama2-7b_code300,400,37898202000.0,69193300848.0
llama2-7b_code300,401,37898202000.0,69214211136.0
llama2-7b_code300,402,37898202000.0,69235121424.0
llama2-7b_code300,403,37898202000.0,69256031712.0
llama2-7b_code300,404,37898202000.0,69276942000.0
llama2-7b_code300,405,37379423000.0,69297222272.0
llama2-7b_code300,406,37379423000.0,69317502544.0
llama2-7b_code300,407,37379423000.0,69337782816.0
llama2-7b_code300,408,38079791000.0,69549679452.0
llama2-7b_code300,409,38079791000.0,69576946988.0
llama2-7b_code300,410,38079791000.0,69598250492.0
llama2-7b_code300,411,38079791000.0,69619553996.0
llama2-7b_code300,412,38079791000.0,69640857500.0
llama2-7b_code300,413,38079791000.0,69662161004.0
llama2-7b_code300,414,38079791000.0,69683464508.0
llama2-7b_code300,415,38079791000.0,69704768012.0
llama2-7b_code300,416,38079791000.0,69726071516.0
llama2-7b_code300,417,38079791000.0,69747375020.0
llama2-7b_code300,418,38211415000.0,69959890667.0
llama2-7b_code300,419,38211415000.0,70176584234.0
llama2-7b_code300,420,38211415000.0,70397840745.0
llama2-7b_code300,421,38211415000.0,70615578428.0
llama2-7b_code300,422,38211415000.0,70638890252.0
llama2-7b_code300,423,38211415000.0,70662202076.0
llama2-7b_code300,424,38211415000.0,70685513900.0
llama2-7b_code300,425,38211415000.0,70708825724.0
llama2-7b_code300,426,38211415000.0,70732137548.0
llama2-7b_code300,427,38211415000.0,70755449372.0
llama2-7b_code300,428,38211415000.0,70778761196.0
llama2-7b_code300,429,38211415000.0,70802073020.0
llama2-7b_code300,430,38211415000.0,70825384844.0
llama2-7b_code300,431,38211415000.0,70848696668.0
llama2-7b_code300,432,38211415000.0,70872008492.0
llama2-7b_code300,433,38211415000.0,70895320316.0
llama2-7b_code300,434,38211415000.0,70918632140.0
llama2-7b_code300,435,38211415000.0,70941943964.0
llama2-7b_code300,436,38211415000.0,70964232556.0
llama2-7b_code300,437,38211415000.0,70986521148.0
llama2-7b_code300,438,38211415000.0,71008809740.0
llama2-7b_code300,439,38211415000.0,71031098332.0
llama2-7b_code300,440,38211415000.0,71053386924.0
llama2-7b_code300,441,38211415000.0,71075675516.0
llama2-7b_code300,442,38211415000.0,71097964108.0
llama2-7b_code300,443,38211415000.0,71120252700.0
llama2-7b_code300,444,38211415000.0,71142541292.0
llama2-7b_code300,445,38211415000.0,71165024444.0
llama2-7b_code300,446,38211415000.0,71187507596.0
llama2-7b_code300,447,38211415000.0,71209990748.0
llama2-7b_code300,448,38211415000.0,71232473900.0
llama2-7b_code300,449,38211415000.0,71254957052.0
llama2-7b_code300,450,38211415000.0,71277440204.0
llama2-7b_code300,451,38211415000.0,71299923356.0
llama2-7b_code300,452,38680538000.0,71383918240.0
llama2-7b_code300,453,38691529000.0,71432665612.0
llama2-7b_code300,454,38691529000.0,71456410844.0
llama2-7b_code300,455,38691529000.0,71480156076.0
llama2-7b_code300,456,38691529000.0,71503901308.0
llama2-7b_code300,457,38691529000.0,71527646540.0
llama2-7b_code300,458,38691529000.0,71551391772.0
llama2-7b_code300,459,38691529000.0,71574504940.0
llama2-7b_code300,460,38691529000.0,71597618108.0
llama2-7b_code300,461,38691529000.0,71620731276.0
llama2-7b_code300,462,38691529000.0,71643844444.0
llama2-7b_code300,463,38691529000.0,71666957612.0
llama2-7b_code300,464,38691529000.0,71690070780.0
llama2-7b_code300,465,38211415000.0,71712553932.0
llama2-7b_code300,466,38211415000.0,71735039132.0
llama2-7b_code300,467,38211415000.0,71757524332.0
llama2-7b_code300,468,38211415000.0,71780009532.0
llama2-7b_code300,469,38211415000.0,71802494732.0
llama2-7b_code300,470,38211415000.0,71824979932.0
llama2-7b_code300,471,38887152000.0,72006318895.0
llama2-7b_code300,472,38887152000.0,72029632767.0
llama2-7b_code300,473,38887152000.0,72052946639.0
llama2-7b_code300,474,38887152000.0,72076260511.0
llama2-7b_code300,475,38887152000.0,72099574383.0
llama2-7b_code300,476,38887152000.0,72122888255.0
llama2-7b_code300,477,38887152000.0,72146202127.0
llama2-7b_code300,478,38887152000.0,72169515999.0
llama2-7b_code300,479,38887152000.0,72192829871.0
llama2-7b_code300,480,38887152000.0,72216143743.0
llama2-7b_code300,481,38211415000.0,72238628943.0
llama2-7b_code300,482,38211415000.0,72261114143.0
llama2-7b_code300,483,38211415000.0,72282377455.0
llama2-7b_code300,484,38211415000.0,72303640767.0
llama2-7b_code300,485,38211415000.0,72324904079.0
llama2-7b_code300,486,38211415000.0,72346167391.0
llama2-7b_code300,487,39080624000.0,72559047067.0
llama2-7b_code300,488,39080624000.0,72776112855.0
llama2-7b_code300,489,39080624000.0,72997749779.0
llama2-7b_code300,490,39080624000.0,73215390153.0
llama2-7b_code300,491,39080624000.0,73238661785.0
llama2-7b_code300,492,39080624000.0,73261933417.0
llama2-7b_code300,493,39080624000.0,73285205049.0
llama2-7b_code300,494,39080624000.0,73308476681.0
llama2-7b_code300,495,39285966000.0,73522960456.0
llama2-7b_code300,496,39285966000.0,73741622151.0
llama2-7b_code300,497,39285966000.0,73964846790.0
llama2-7b_code300,498,39285966000.0,74192249349.0
llama2-7b_code300,499,39285966000.0,74423829828.0
llama2-7b_code300,500,39285966000.0,74659973251.0
llama2-7b_code300,501,39285966000.0,74900679618.0
llama2-7b_code300,502,39285966000.0,75145563905.0
llama2-7b_code300,503,39327517000.0,75363564227.0
llama2-7b_code300,504,39327517000.0,75585394693.0
llama2-7b_code300,505,39327517000.0,75811779911.0
llama2-7b_code300,506,39327517000.0,76042334857.0
llama2-7b_code300,507,39327517000.0,76277100491.0
llama2-7b_code300,508,39327517000.0,76516379917.0
llama2-7b_code300,509,39327517000.0,76758659148.0
llama2-7b_code300,510,39327517000.0,77005116299.0
llama2-7b_code300,511,39327517000.0,77040132699.0
llama2-7b_code300,512,39327517000.0,77064977195.0
llama2-7b_code300,513,39327517000.0,77089821691.0
llama2-7b_code300,514,39327517000.0,77114666187.0
llama2-7b_code300,515,39327517000.0,77139510683.0
llama2-7b_code300,516,39327517000.0,77164355179.0
llama2-7b_code300,517,39327517000.0,77189199675.0
llama2-7b_code300,518,39327517000.0,77211841291.0
llama2-7b_code300,519,39327517000.0,77234482907.0
llama2-7b_code300,520,183061791000.0,183272871953.0
llama2-7b_code300,521,183061791000.0,183488147210.0
llama2-7b_code300,522,183061791000.0,183708001795.0
llama2-7b_code300,523,183061791000.0,183932050684.0
llama2-7b_code300,524,183061791000.0,184160293877.0
llama2-7b_code300,525,183157936000.0,184375020337.0
llama2-7b_code300,526,183157936000.0,184592479341.0
llama2-7b_code300,527,183157936000.0,184814509481.0
llama2-7b_code300,528,183157936000.0,185040725733.0
llama2-7b_code300,529,183157936000.0,185271128097.0
llama2-7b_code300,530,183159022000.0,185488329056.0
llama2-7b_code300,531,183159022000.0,185707971743.0
llama2-7b_code300,532,183159022000.0,185932177374.0
llama2-7b_code300,533,183159022000.0,186160560925.0
llama2-7b_code300,534,183159022000.0,186393122396.0
llama2-7b_code300,535,183159022000.0,186630246811.0
llama2-7b_code300,536,183260172000.0,186860240093.0
llama2-7b_code300,537,183260172000.0,187080376863.0
llama2-7b_code300,538,183260172000.0,187304683361.0
llama2-7b_code300,539,183260172000.0,187531373216.0
llama2-7b_code300,540,183458074000.0,187756579807.0
llama2-7b_code300,541,183458074000.0,187973091102.0
llama2-7b_code300,542,183458074000.0,188193780317.0
llama2-7b_code300,543,183458074000.0,188419032476.0
llama2-7b_code300,544,183459909000.0,188647551390.0
llama2-7b_code300,545,183459909000.0,188865859296.0
llama2-7b_code300,546,183459909000.0,189088336930.0
llama2-7b_code300,547,183459909000.0,189315369316.0
llama2-7b_code300,548,183459909000.0,189546606246.0
llama2-7b_code300,549,183459909000.0,189780503013.0
llama2-7b_code300,550,183459909000.0,190019058980.0
llama2-7b_code300,551,183459909000.0,190259256928.0
llama2-7b_code300,552,183562835000.0,190501092767.0
llama2-7b_code300,553,183656554000.0,190716041441.0
llama2-7b_code300,554,183656554000.0,190935453219.0
llama2-7b_code300,555,183656608000.0,191155641192.0
llama2-7b_code300,556,183656608000.0,191373980397.0
llama2-7b_code300,557,183656608000.0,191594692655.0
llama2-7b_code300,558,183656608000.0,191819959665.0
llama2-7b_code300,559,183656608000.0,192049195184.0
llama2-7b_code300,560,183656608000.0,192279851500.0
llama2-7b_code300,561,183656608000.0,192312383356.0
llama2-7b_code300,562,183656608000.0,192335460428.0
llama2-7b_code300,563,183656608000.0,192358537500.0
llama2-7b_code300,564,183656608000.0,192381614572.0
llama2-7b_code300,565,183656608000.0,192404691644.0
llama2-7b_code300,566,183656608000.0,192427768716.0
llama2-7b_code300,567,183656608000.0,192450845788.0
llama2-7b_code300,568,183656608000.0,192473922860.0
llama2-7b_code300,569,183656608000.0,192496999932.0
llama2-7b_code300,570,183656608000.0,192520077004.0
llama2-7b_code300,571,183656608000.0,192543154076.0
llama2-7b_code300,572,183656608000.0,192566231148.0
llama2-7b_code300,573,183656608000.0,192589308220.0
llama2-7b_code300,574,183656608000.0,192612385292.0
llama2-7b_code300,575,183656608000.0,192635462364.0
llama2-7b_code300,576,183656608000.0,192658539436.0
llama2-7b_code300,577,183656608000.0,192681616508.0
llama2-7b_code300,578,183656608000.0,192703275084.0
llama2-7b_code300,579,183656608000.0,192724933660.0
llama2-7b_code300,580,183656608000.0,192746592236.0
llama2-7b_code300,581,183656608000.0,192768250812.0
llama2-7b_code300,582,183656608000.0,192789909388.0
llama2-7b_code300,583,183656608000.0,192811567964.0
llama2-7b_code300,584,183656608000.0,192833226540.0
llama2-7b_code300,585,183656608000.0,192854885116.0
llama2-7b_code300,586,183656608000.0,192876543692.0
llama2-7b_code300,587,183656608000.0,192898202268.0
llama2-7b_code300,588,183656608000.0,192919860844.0
llama2-7b_code300,589,183656608000.0,192941519420.0
llama2-7b_code300,590,183656608000.0,192963177996.0
llama2-7b_code300,591,183656608000.0,192984836572.0
llama2-7b_code300,592,183656608000.0,193006495148.0
llama2-7b_code300,593,183656608000.0,193028153724.0
llama2-7b_code300,594,183656608000.0,193049812300.0
llama2-7b_code300,595,183656608000.0,193071470876.0
llama2-7b_code300,596,183656608000.0,193093129452.0
llama2-7b_code300,597,183656608000.0,193114788028.0
llama2-7b_code300,598,183656608000.0,193136446604.0
llama2-7b_code300,599,187159342000.0,193195612979.0
llama2-7b_code300,600,187159342000.0,193215305475.0
llama2-7b_code300,601,187159342000.0,193234997971.0
llama2-7b_code300,602,187159342000.0,193254690467.0
llama2-7b_code300,603,187159342000.0,193274382963.0
llama2-7b_code300,604,187159342000.0,193294075459.0
llama2-7b_code300,605,187159342000.0,193313767955.0
llama2-7b_code300,606,187159342000.0,193333460451.0
llama2-7b_code300,607,187159342000.0,193353152947.0
llama2-7b_code300,608,187159342000.0,193372845443.0
llama2-7b_code300,609,187259029000.0,193584006850.0
llama2-7b_code300,610,187259029000.0,193799719425.0
llama2-7b_code300,611,187259029000.0,194019994944.0
llama2-7b_code300,612,187259029000.0,194244448383.0
llama2-7b_code300,613,187259029000.0,194473079742.0
llama2-7b_code300,614,187259029000.0,194706274045.0
llama2-7b_code300,615,187259029000.0,194944031292.0
llama2-7b_code300,616,187259029000.0,195185966459.0
llama2-7b_code300,617,187361558000.0,195401446970.0
llama2-7b_code300,618,187361558000.0,195620108665.0
llama2-7b_code300,619,187558571000.0,195836560571.0
llama2-7b_code300,620,187558571000.0,196055185917.0
llama2-7b_code300,621,187558571000.0,196277980991.0
llama2-7b_code300,622,187558571000.0,196505330817.0
llama2-7b_code300,623,187558571000.0,196736889283.0
llama2-7b_code300,624,187558571000.0,196972963589.0
llama2-7b_code300,625,187559396000.0,197202349194.0
llama2-7b_code300,626,187559396000.0,197422513167.0
llama2-7b_code300,627,187559396000.0,197646838676.0
llama2-7b_code300,628,187559396000.0,197875505366.0
llama2-7b_code300,629,187559396000.0,198108378648.0
llama2-7b_code300,630,187559396000.0,198345673562.0
llama2-7b_code300,631,187559396000.0,198587619484.0
llama2-7b_code300,632,187559396000.0,198832774107.0
llama2-7b_code300,633,187565740000.0,199068024605.0
llama2-7b_code300,634,187565740000.0,199287548508.0
llama2-7b_code300,635,187565740000.0,199511250331.0
llama2-7b_code300,636,187565740000.0,199739515098.0
llama2-7b_code300,637,187565740000.0,199971957785.0
llama2-7b_code300,638,187661340000.0,200205182875.0
llama2-7b_code300,639,188256700000.0,200423492899.0
llama2-7b_code300,640,188256700000.0,200646688427.0
llama2-7b_code300,641,188256700000.0,200874037299.0
llama2-7b_code300,642,188256700000.0,201105924539.0
llama2-7b_code300,643,188256700000.0,201342042947.0
llama2-7b_code300,644,188256700000.0,201582621899.0
llama2-7b_code300,645,188256700000.0,201827354195.0
llama2-7b_code300,646,188259400000.0,202060705243.0
llama2-7b_code300,647,188259400000.0,202282663779.0
llama2-7b_code300,648,188259400000.0,202508775659.0
llama2-7b_code300,649,188259400000.0,202737254512.0
llama2-7b_code300,650,188354170000.0,202959175163.0
llama2-7b_code300,651,188354170000.0,203179925894.0
llama2-7b_code300,652,188354170000.0,203404821777.0
llama2-7b_code300,653,188354170000.0,203634247836.0
llama2-7b_code300,654,188354170000.0,203867888679.0
llama2-7b_code300,655,188354170000.0,204104650674.0
llama2-7b_code300,656,188354170000.0,204345860925.0
llama2-7b_code300,657,188354170000.0,204591601352.0
llama2-7b_code300,658,188354170000.0,204841486931.0
llama2-7b_code300,659,188362128000.0,205064376862.0
llama2-7b_code300,660,188362128000.0,205291185577.0
llama2-7b_code300,661,188362128000.0,205519562545.0
llama2-7b_code300,662,188362128000.0,205752092857.0
llama2-7b_code300,663,188362128000.0,205988858433.0
llama2-7b_code300,664,188362128000.0,206229895622.0
llama2-7b_code300,665,188362128000.0,206475479371.0
llama2-7b_code300,666,188364166000.0,206724879187.0
llama2-7b_code300,667,188457644000.0,206945978020.0
llama2-7b_code300,668,188457644000.0,207171360373.0
llama2-7b_code300,669,188457644000.0,207400873542.0
llama2-7b_code300,670,188457644000.0,207633316820.0
llama2-7b_code300,671,188457644000.0,207869897058.0
llama2-7b_code300,672,188457644000.0,208110999280.0
llama2-7b_code300,673,188457644000.0,208356623486.0
llama2-7b_code300,674,188458270000.0,208582523471.0
llama2-7b_code300,675,188561441000.0,208804245536.0
llama2-7b_code300,676,188561441000.0,208891917659.0
llama2-7b_code300,677,188561441000.0,208925899051.0
llama2-7b_code300,678,188561441000.0,208959880443.0
llama2-7b_code300,679,188561441000.0,208993861835.0
llama2-7b_code300,680,188561441000.0,209027211163.0
llama2-7b_code300,681,188561441000.0,209060560491.0
llama2-7b_code300,682,188458270000.0,209092886587.0
llama2-7b_code300,683,188458270000.0,209125212683.0
llama2-7b_code300,684,188458270000.0,209157538779.0
llama2-7b_code300,685,188458270000.0,209189232811.0
llama2-7b_code300,686,188458270000.0,209220926843.0
llama2-7b_code300,687,188458270000.0,209252620875.0
llama2-7b_code300,688,188458270000.0,209284314907.0
llama2-7b_code300,689,188364166000.0,209311994347.0
llama2-7b_code300,690,188364166000.0,209339673787.0
llama2-7b_code300,691,188364166000.0,209367353227.0
llama2-7b_code300,692,188364166000.0,209395032667.0
llama2-7b_code300,693,188364166000.0,209422712107.0
llama2-7b_code300,694,188364166000.0,209450391547.0
llama2-7b_code300,695,188364166000.0,209478070987.0
llama2-7b_code300,696,188364166000.0,209505750427.0
llama2-7b_code300,697,188364166000.0,209533429867.0
llama2-7b_code300,698,188364166000.0,209561109307.0
llama2-7b_code300,699,188364166000.0,209585207563.0
llama2-7b_code300,700,188362128000.0,209608675803.0
llama2-7b_code300,701,188362128000.0,209632144043.0
llama2-7b_code300,702,188362128000.0,209655612283.0
llama2-7b_code300,703,188362128000.0,209679080523.0
llama2-7b_code300,704,188362128000.0,209702548763.0
llama2-7b_code300,705,188362128000.0,209726017003.0
llama2-7b_code300,706,188362128000.0,209749485243.0
llama2-7b_code300,707,188362128000.0,209772953483.0
llama2-7b_code300,708,188362128000.0,209796421723.0
llama2-7b_code300,709,188362128000.0,209819889963.0
llama2-7b_code300,710,188362128000.0,209843358203.0
llama2-7b_code300,711,188362128000.0,209866826443.0
llama2-7b_code300,712,188362128000.0,209890294683.0
llama2-7b_code300,713,188362128000.0,209913762923.0
llama2-7b_code300,714,188362128000.0,209937231163.0
llama2-7b_code300,715,188362128000.0,209960699403.0
llama2-7b_code300,716,188362128000.0,209984167643.0
llama2-7b_code300,717,188362128000.0,210007635883.0
llama2-7b_code300,718,187661340000.0,210027522939.0
llama2-7b_code300,719,187661340000.0,210047409995.0
llama2-7b_code300,720,187661340000.0,210067297051.0
llama2-7b_code300,721,187661340000.0,210087184107.0
llama2-7b_code300,722,187661340000.0,210107071163.0
llama2-7b_code300,723,187661340000.0,210126958219.0
llama2-7b_code300,724,187661340000.0,210146845275.0
llama2-7b_code300,725,187661340000.0,210166732331.0
llama2-7b_code300,726,187661340000.0,210186619387.0
llama2-7b_code300,727,187661340000.0,210206506443.0
llama2-7b_code300,728,187661340000.0,210226393499.0
llama2-7b_code300,729,187661340000.0,210246280555.0
llama2-7b_code300,730,187661340000.0,210266167611.0
llama2-7b_code300,731,187661340000.0,210286054667.0
llama2-7b_code300,732,187661340000.0,210305941723.0
llama2-7b_code300,733,187661340000.0,210325828779.0
llama2-7b_code300,734,187661340000.0,210345715835.0
llama2-7b_code300,735,187661340000.0,210365602891.0
llama2-7b_code300,736,187661340000.0,210385489947.0
llama2-7b_code300,737,187661340000.0,210405377003.0
llama2-7b_code300,738,187661340000.0,210425264059.0
llama2-7b_code300,739,187661340000.0,210445151115.0
llama2-7b_code300,740,187661340000.0,210465038171.0
llama2-7b_code300,741,187661340000.0,210484925227.0
llama2-7b_code300,742,187661340000.0,210504812283.0
llama2-7b_code300,743,187661340000.0,210524699339.0
llama2-7b_code300,744,187661340000.0,210544586395.0
llama2-7b_code300,745,187661340000.0,210564473451.0
llama2-7b_code300,746,187661340000.0,210584360507.0
llama2-7b_code300,747,187661340000.0,210604247563.0
llama2-7b_code300,748,187661340000.0,210624134619.0
llama2-7b_code300,749,187661340000.0,210644021675.0
llama2-7b_code300,750,187661340000.0,210663908731.0
llama2-7b_code300,751,187661340000.0,210683795787.0
llama2-7b_code300,752,187661340000.0,210703682843.0
llama2-7b_code300,753,187661340000.0,210723569899.0
llama2-7b_code300,754,187661340000.0,210743456955.0
llama2-7b_code300,755,187661340000.0,210763344011.0
llama2-7b_code300,756,187661340000.0,210783231067.0
llama2-7b_code300,757,187661340000.0,210803118123.0
llama2-7b_code300,758,187661340000.0,210823005179.0
llama2-7b_code300,759,191098907000.0,210954296538.0
llama2-7b_code300,760,191098907000.0,210975010218.0
llama2-7b_code300,761,191098907000.0,210995723898.0
llama2-7b_code300,762,191098907000.0,211016437578.0
llama2-7b_code300,763,191098907000.0,211037151258.0
llama2-7b_code300,764,191098907000.0,211057864938.0
llama2-7b_code300,765,191098907000.0,211078578618.0
llama2-7b_code300,766,187661340000.0,211098465674.0
llama2-7b_code300,767,187661340000.0,211118352730.0
llama2-7b_code300,768,187661340000.0,211138239786.0
llama2-7b_code300,769,187661340000.0,211158126842.0
llama2-7b_code300,770,187661340000.0,211178013898.0
llama2-7b_code300,771,187661340000.0,211197900954.0
llama2-7b_code300,772,187661340000.0,211217788010.0
llama2-7b_code300,773,187661340000.0,211237675066.0
llama2-7b_code300,774,187661340000.0,211257562122.0
llama2-7b_code300,775,187661340000.0,211277449178.0
llama2-7b_code300,776,187661340000.0,211297336234.0
llama2-7b_code300,777,187661340000.0,211317223290.0
llama2-7b_code300,778,187661340000.0,211337110346.0
llama2-7b_code300,779,187661340000.0,211356997402.0
llama2-7b_code300,780,187661340000.0,211376884458.0
llama2-7b_code300,781,187661340000.0,211396771514.0
llama2-7b_code300,782,187661340000.0,211416658570.0
llama2-7b_code300,783,187661340000.0,211436545626.0
llama2-7b_code300,784,187661340000.0,211456432682.0
llama2-7b_code300,785,191359358000.0,211666789225.0
llama2-7b_code300,786,191359358000.0,211881653928.0
llama2-7b_code300,787,191359358000.0,212101083623.0
llama2-7b_code300,788,191359358000.0,212324691238.0
llama2-7b_code300,789,191359358000.0,212552476773.0
llama2-7b_code300,790,191359358000.0,212784825252.0
llama2-7b_code300,791,191359358000.0,213021736675.0
llama2-7b_code300,792,191359358000.0,213262826018.0
llama2-7b_code300,793,191558108000.0,213485503844.0
llama2-7b_code300,794,191558108000.0,213703541414.0
llama2-7b_code300,795,191558108000.0,213926037480.0
llama2-7b_code300,796,191558108000.0,214152799530.0
llama2-7b_code300,797,191558108000.0,214383770220.0
llama2-7b_code300,798,191558108000.0,214619256750.0
llama2-7b_code300,799,191558108000.0,214859298032.0
llama2-7b_code300,800,191558108000.0,215103509042.0
llama2-7b_code300,801,191658813000.0,215329406839.0
llama2-7b_code300,802,191658813000.0,215550393529.0
llama2-7b_code300,803,191658813000.0,215775838715.0
llama2-7b_code300,804,191659915000.0,215993870275.0
llama2-7b_code300,805,192162141000.0,216213375374.0
llama2-7b_code300,806,192162141000.0,216371701132.0
llama2-7b_code300,807,192162141000.0,216403046236.0
llama2-7b_code300,808,192162141000.0,216434391340.0
llama2-7b_code300,809,192162141000.0,216465736444.0
llama2-7b_code300,810,192162141000.0,216488304076.0
llama2-7b_code300,811,192162141000.0,216510871708.0
llama2-7b_code300,812,192162141000.0,216533439340.0
llama2-7b_code300,813,192162141000.0,216556006972.0
llama2-7b_code300,814,192162141000.0,216578574604.0
llama2-7b_code300,815,192355804000.0,216790752849.0
llama2-7b_code300,816,192355804000.0,217007492566.0
llama2-7b_code300,817,192355804000.0,217228778843.0
llama2-7b_code300,818,192363941000.0,217447214307.0
llama2-7b_code300,819,192363941000.0,217663276651.0
llama2-7b_code300,820,192363941000.0,217883492339.0
llama2-7b_code300,821,192363941000.0,218108246395.0
llama2-7b_code300,822,192363964000.0,218325242115.0
llama2-7b_code300,823,192363964000.0,218543717003.0
llama2-7b_code300,824,192363964000.0,218766518800.0
llama2-7b_code300,825,192363964000.0,218993482133.0
llama2-7b_code300,826,192363964000.0,219224645914.0
llama2-7b_code300,827,192457899000.0,219443314850.0
llama2-7b_code300,828,192457899000.0,219664599594.0
llama2-7b_code300,829,192457899000.0,219888428908.0
llama2-7b_code300,830,192457899000.0,220116427950.0
llama2-7b_code300,831,192457989000.0,220336722483.0
llama2-7b_code300,832,192457989000.0,220556747192.0
llama2-7b_code300,833,192457989000.0,220778950394.0
llama2-7b_code300,834,192457989000.0,221005708348.0
llama2-7b_code300,835,192457989000.0,221236674942.0
llama2-7b_code300,836,192457989000.0,221472157376.0
llama2-7b_code300,837,192460589000.0,221695011912.0
llama2-7b_code300,838,192460589000.0,221913013197.0
llama2-7b_code300,839,192460589000.0,222135176018.0
llama2-7b_code300,840,192460589000.0,222361885399.0
llama2-7b_code300,841,192460589000.0,222592756316.0
llama2-7b_code300,842,192461721000.0,222824903140.0
llama2-7b_code300,843,192461721000.0,223041665385.0
llama2-7b_code300,844,192461721000.0,223262589166.0
llama2-7b_code300,845,192461721000.0,223488059507.0
llama2-7b_code300,846,192461721000.0,223717526965.0
llama2-7b_code300,847,192461721000.0,223951514359.0
llama2-7b_code300,848,192461721000.0,224190056505.0
llama2-7b_code300,849,192461721000.0,224432768379.0
llama2-7b_code300,850,192560864000.0,224675123968.0
llama2-7b_code300,851,192560864000.0,224894837381.0
llama2-7b_code300,852,192560864000.0,225118712330.0
llama2-7b_code300,853,192560864000.0,225343180105.0
llama2-7b_code300,854,192560864000.0,225571825800.0
llama2-7b_code300,855,192560864000.0,225804938183.0
llama2-7b_code300,856,192560864000.0,226042709766.0
llama2-7b_code300,857,192560864000.0,226284659269.0
llama2-7b_code300,858,192563059000.0,226520069511.0
llama2-7b_code300,859,192563059000.0,226740013769.0
llama2-7b_code300,860,192563059000.0,226964127755.0
llama2-7b_code300,861,192563059000.0,227192796493.0
llama2-7b_code300,862,192563059000.0,227425634959.0
llama2-7b_code300,863,192563059000.0,227663028177.0
llama2-7b_code300,864,192563059000.0,227904976147.0
llama2-7b_code300,865,192563059000.0,228150337618.0
llama2-7b_code300,866,192655198000.0,228389483476.0
llama2-7b_code300,867,192655198000.0,228423114404.0
llama2-7b_code300,868,192655198000.0,228453550452.0
llama2-7b_code300,869,192655198000.0,228483986500.0
llama2-7b_code300,870,192655198000.0,228514422548.0
llama2-7b_code300,871,192655198000.0,228544858596.0
llama2-7b_code300,872,192655198000.0,228571713460.0
llama2-7b_code300,873,192655198000.0,228598568324.0
llama2-7b_code300,874,192655198000.0,228625423188.0
llama2-7b_code300,875,192655198000.0,228648696868.0
llama2-7b_code300,876,192655198000.0,228671970548.0
llama2-7b_code300,877,192655198000.0,228695244228.0
llama2-7b_code300,878,192655198000.0,228718517908.0
llama2-7b_code300,879,192655198000.0,228741791588.0
llama2-7b_code300,880,192655198000.0,228765065268.0
llama2-7b_code300,881,192655198000.0,228788338948.0
llama2-7b_code300,882,192655198000.0,228811612628.0
llama2-7b_code300,883,192655198000.0,228834886308.0
llama2-7b_code300,884,192655198000.0,228858159988.0
llama2-7b_code300,885,192655198000.0,228881433668.0
llama2-7b_code300,886,192655198000.0,228904707348.0
llama2-7b_code300,887,192560864000.0,228927348964.0
llama2-7b_code300,888,192560864000.0,228949990580.0
llama2-7b_code300,889,192560864000.0,228972632196.0
llama2-7b_code300,890,192560864000.0,228995273812.0
llama2-7b_code300,891,192560864000.0,229017915428.0
llama2-7b_code300,892,192560864000.0,229040557044.0
llama2-7b_code300,893,192560864000.0,229063198660.0
llama2-7b_code300,894,192560864000.0,229085840276.0
llama2-7b_code300,895,192560864000.0,229108481892.0
llama2-7b_code300,896,192560864000.0,229131123508.0
llama2-7b_code300,897,192560864000.0,229153765124.0
llama2-7b_code300,898,192560864000.0,229176406740.0
llama2-7b_code300,899,192560864000.0,229199048356.0
llama2-7b_code300,900,192560864000.0,229221689972.0
llama2-7b_code300,901,192560864000.0,229244331588.0
llama2-7b_code300,902,192560864000.0,229266973204.0
llama2-7b_code300,903,192560864000.0,229289614820.0
llama2-7b_code300,904,192560864000.0,229312256436.0
llama2-7b_code300,905,192560864000.0,229334898052.0
llama2-7b_code300,906,192560864000.0,229357539668.0
llama2-7b_code300,907,192560864000.0,229380181284.0
llama2-7b_code300,908,192560864000.0,229402822900.0
llama2-7b_code300,909,192560864000.0,229425464516.0
llama2-7b_code300,910,192560864000.0,229448106132.0
llama2-7b_code300,911,192560864000.0,229470747748.0
llama2-7b_code300,912,192560864000.0,229493389364.0
llama2-7b_code300,913,192560864000.0,229516030980.0
llama2-7b_code300,914,192560864000.0,229538672596.0
llama2-7b_code300,915,192560864000.0,229561314212.0
llama2-7b_code300,916,192560864000.0,229583955828.0
llama2-7b_code300,917,192560864000.0,229606597444.0
llama2-7b_code300,918,192560864000.0,229629239060.0
llama2-7b_code300,919,192560864000.0,229651880676.0
llama2-7b_code300,920,192560864000.0,229674522292.0
llama2-7b_code300,921,192560864000.0,229697163908.0
llama2-7b_code300,922,192560864000.0,229719805524.0
llama2-7b_code300,923,192560864000.0,229742447140.0
llama2-7b_code300,924,192560864000.0,229765088756.0
llama2-7b_code300,925,192560864000.0,229787730372.0
llama2-7b_code300,926,192560864000.0,229810371988.0
llama2-7b_code300,927,192560864000.0,229833013604.0
llama2-7b_code300,928,192560864000.0,229855655220.0
llama2-7b_code300,929,192560864000.0,229878296836.0
llama2-7b_code300,930,192560864000.0,229900938452.0
llama2-7b_code300,931,192560864000.0,229923580068.0
llama2-7b_code300,932,195262628000.0,230137838048.0
llama2-7b_code300,933,195262628000.0,230356282140.0
llama2-7b_code300,934,195262628000.0,230579297368.0
llama2-7b_code300,935,195262628000.0,230806498708.0
llama2-7b_code300,936,195262628000.0,231037886160.0
llama2-7b_code300,937,195262628000.0,231273844748.0
llama2-7b_code300,938,195262628000.0,231514374472.0
llama2-7b_code300,939,195361958000.0,231733215879.0
llama2-7b_code300,940,195361958000.0,231954630086.0
llama2-7b_code300,941,195361958000.0,232180607237.0
llama2-7b_code300,942,195361958000.0,232410762308.0
llama2-7b_code300,943,195361958000.0,232645095299.0
llama2-7b_code300,944,195361958000.0,232883991234.0
llama2-7b_code300,945,195362098000.0,233120040001.0
llama2-7b_code300,946,195362098000.0,233338124160.0
llama2-7b_code300,947,195362098000.0,233560386239.0
llama2-7b_code300,948,195362098000.0,233787211262.0
llama2-7b_code300,949,195362098000.0,234018214205.0
llama2-7b_code300,950,195362098000.0,234253780092.0
llama2-7b_code300,951,195362098000.0,234493908923.0
llama2-7b_code300,952,195362098000.0,234735485175.0
llama2-7b_code300,953,195363160000.0,234976125494.0
llama2-7b_code300,954,195363160000.0,235194604917.0
llama2-7b_code300,955,195363160000.0,235417262260.0
llama2-7b_code300,956,195363160000.0,235644482547.0
llama2-7b_code300,957,195454183000.0,235868571445.0
llama2-7b_code300,958,195454183000.0,236089693303.0
llama2-7b_code300,959,195454183000.0,236314984889.0
llama2-7b_code300,960,195454183000.0,236544831227.0
llama2-7b_code300,961,195454183000.0,236778884157.0
llama2-7b_code300,962,195462959000.0,237010778498.0
llama2-7b_code300,963,195656327000.0,237231050701.0
llama2-7b_code300,964,195656327000.0,237454248277.0
llama2-7b_code300,965,195656327000.0,237681887965.0
llama2-7b_code300,966,195656327000.0,237913777253.0
llama2-7b_code300,967,195656327000.0,238149897709.0
llama2-7b_code300,968,195656327000.0,238388325746.0
llama2-7b_code300,969,195656327000.0,238630915319.0
llama2-7b_code300,970,195656327000.0,238878051452.0
llama2-7b_code300,971,195660499000.0,239106444295.0
llama2-7b_code300,972,195660499000.0,239329812370.0
llama2-7b_code300,973,195759354000.0,239555539808.0
llama2-7b_code300,974,195759354000.0,239775706859.0
llama2-7b_code300,975,195759354000.0,240000019062.0
llama2-7b_code300,976,195759354000.0,240228861441.0
llama2-7b_code300,977,195959029000.0,240451665868.0
llama2-7b_code300,978,195959029000.0,240671070548.0
llama2-7b_code300,979,195959029000.0,240891463897.0
llama2-7b_code300,980,195959029000.0,241116403806.0
llama2-7b_code300,981,195959029000.0,241345542115.0
llama2-7b_code300,982,195960524000.0,241575718763.0
llama2-7b_code300,983,195960524000.0,241793100019.0
llama2-7b_code300,984,195960524000.0,242014634619.0
llama2-7b_code300,985,195962219000.0,242232284166.0
llama2-7b_code300,986,195962219000.0,242452782478.0
llama2-7b_code300,987,195962219000.0,242677819158.0
llama2-7b_code300,988,196054130000.0,242897542814.0
llama2-7b_code300,989,196054130000.0,243118180390.0
llama2-7b_code300,990,196054130000.0,243342971310.0
llama2-7b_code300,991,196054130000.0,243572300598.0
llama2-7b_code300,992,196054130000.0,243805625019.0
llama2-7b_code300,993,196054130000.0,244043457088.0
llama2-7b_code300,994,196054130000.0,244283690882.0
llama2-7b_code300,995,196055315000.0,244502148359.0
llama2-7b_code300,996,196259772000.0,244717951631.0
llama2-7b_code300,997,196259772000.0,244938195991.0
llama2-7b_code300,998,196259772000.0,245162593695.0
llama2-7b_code300,999,196259772000.0,245390146852.0
llama2-7b_code300,1000,196259772000.0,245621900457.0
llama2-7b_code300,1001,196259772000.0,245858161710.0
llama2-7b_code300,1002,196259772000.0,246098969523.0
llama2-7b_code300,1003,196259772000.0,246342416114.0
llama2-7b_code300,1004,196357632000.0,246570211956.0
llama2-7b_code300,1005,196357632000.0,246790606774.0
llama2-7b_code300,1006,196357632000.0,247015171320.0
llama2-7b_code300,1007,196357632000.0,247244290618.0
llama2-7b_code300,1008,196357632000.0,247477618556.0
llama2-7b_code300,1009,196357632000.0,247715462334.0
llama2-7b_code300,1010,196357632000.0,247957860864.0
llama2-7b_code300,1011,196357632000.0,248204256575.0
llama2-7b_code300,1012,196362445000.0,248435136708.0
llama2-7b_code300,1013,196362445000.0,248657659977.0
llama2-7b_code300,1014,196362445000.0,248884344782.0
llama2-7b_code300,1015,196362445000.0,249115576147.0
llama2-7b_code300,1016,196362445000.0,249350969048.0
llama2-7b_code300,1017,196362445000.0,249590812253.0
llama2-7b_code300,1018,196454172000.0,249812788194.0
llama2-7b_code300,1019,196454172000.0,250036603751.0
llama2-7b_code300,1020,196454172000.0,250264965868.0
llama2-7b_code300,1021,196557180000.0,250490829428.0
llama2-7b_code300,1022,196557180000.0,250713967612.0
llama2-7b_code300,1023,196557180000.0,250941259140.0
llama2-7b_code300,1024,196561618000.0,251170137868.0
llama2-7b_code300,1025,196658666000.0,251388338394.0
llama2-7b_code300,1026,196658666000.0,251611186792.0
llama2-7b_code300,1027,196658666000.0,251838172150.0
llama2-7b_code300,1028,196659413000.0,252064629191.0
llama2-7b_code300,1029,196659413000.0,252287844760.0
llama2-7b_code300,1030,196659413000.0,252514156905.0
llama2-7b_code300,1031,196659627000.0,252735962938.0
llama2-7b_code300,1032,196659627000.0,252959031051.0
llama2-7b_code300,1033,196659627000.0,253186227932.0
llama2-7b_code300,1034,196659627000.0,253417938605.0
llama2-7b_code300,1035,196754332000.0,253638670023.0
llama2-7b_code300,1036,196754332000.0,253862747361.0
llama2-7b_code300,1037,196754332000.0,254090715320.0
llama2-7b_code300,1038,196754332000.0,254323180687.0
llama2-7b_code300,1039,196765727000.0,254544830635.0
llama2-7b_code300,1040,196765727000.0,254767485567.0
llama2-7b_code300,1041,196765727000.0,254992867920.0
llama2-7b_code300,1042,196765727000.0,255222558686.0
llama2-7b_code300,1043,196765727000.0,255456482668.0
llama2-7b_code300,1044,196765727000.0,255694736122.0
llama2-7b_code300,1045,196765727000.0,255937607816.0
llama2-7b_code300,1046,196765727000.0,256184616470.0
llama2-7b_code300,1047,196862354000.0,256407743533.0
llama2-7b_code300,1048,196957373000.0,256630597703.0
llama2-7b_code300,1049,196957373000.0,256857718369.0
llama2-7b_code300,1050,196957373000.0,257089020472.0
llama2-7b_code300,1051,196957373000.0,257324531215.0
llama2-7b_code300,1052,196957373000.0,257563224550.0
llama2-7b_code300,1053,196957373000.0,257804763575.0
llama2-7b_code300,1054,196957472000.0,258031581064.0
llama2-7b_code300,1055,196957472000.0,258256596246.0
llama2-7b_code300,1056,196957472000.0,258486037156.0
llama2-7b_code300,1057,196957472000.0,258715171884.0
llama2-7b_code300,1058,196957472000.0,258948537780.0
llama2-7b_code300,1059,196957472000.0,259186364220.0
llama2-7b_code300,1060,196957472000.0,259428923588.0
llama2-7b_code300,1061,196958936000.0,259652240015.0
llama2-7b_code300,1062,196958936000.0,259876691482.0
llama2-7b_code300,1063,196958936000.0,260105576869.0
llama2-7b_code300,1064,196958936000.0,260338703664.0
llama2-7b_code300,1065,197060204000.0,260563429633.0
llama2-7b_code300,1066,197060204000.0,260785245839.0
llama2-7b_code300,1067,197060204000.0,261011199005.0
llama2-7b_code300,1068,197060204000.0,261241466792.0
llama2-7b_code300,1069,197060204000.0,261475953459.0
llama2-7b_code300,1070,197157665000.0,261711499009.0
llama2-7b_code300,1071,197157665000.0,261932448396.0
llama2-7b_code300,1072,197157665000.0,262154769428.0
llama2-7b_code300,1073,197157665000.0,262381628828.0
llama2-7b_code300,1074,197157665000.0,262612711204.0
llama2-7b_code300,1075,197157665000.0,262848262316.0
llama2-7b_code300,1076,197257388000.0,263067985143.0
llama2-7b_code300,1077,197257388000.0,263291231871.0
llama2-7b_code300,1078,197257388000.0,263519016967.0
llama2-7b_code300,1079,197262359000.0,263743109586.0
llama2-7b_code300,1080,197262359000.0,263966719325.0
llama2-7b_code300,1081,197262359000.0,264193437928.0
llama2-7b_code300,1082,197262359000.0,264424686707.0
llama2-7b_code300,1083,197357431000.0,264654299201.0
llama2-7b_code300,1084,197357431000.0,264878667215.0
llama2-7b_code300,1085,197357431000.0,265104992602.0
llama2-7b_code300,1086,197357431000.0,265335848165.0
llama2-7b_code300,1087,197357431000.0,265570848880.0
llama2-7b_code300,1088,197357431000.0,265809994747.0
llama2-7b_code300,1089,197361416000.0,266045794185.0
llama2-7b_code300,1090,197361416000.0,266267136788.0
llama2-7b_code300,1091,197361416000.0,266492624543.0
llama2-7b_code300,1092,197361416000.0,266722642474.0
llama2-7b_code300,1093,197361416000.0,266956875189.0
llama2-7b_code300,1094,197361416000.0,267195752768.0
llama2-7b_code300,1095,197460297000.0,267428367566.0
llama2-7b_code300,1096,197460297000.0,267651530841.0
llama2-7b_code300,1097,197460297000.0,267877444065.0
llama2-7b_code300,1098,197460297000.0,268105331046.0
llama2-7b_code300,1099,197460578000.0,268326473966.0
llama2-7b_code300,1100,197460578000.0,268548289142.0
llama2-7b_code300,1101,197460578000.0,268774546430.0
llama2-7b_code300,1102,197460578000.0,269005053318.0
llama2-7b_code300,1103,197461669000.0,269228300113.0
llama2-7b_code300,1104,197461669000.0,269451907804.0
llama2-7b_code300,1105,197461669000.0,269679949415.0
llama2-7b_code300,1106,197461669000.0,269912232434.0
llama2-7b_code300,1107,197461669000.0,270146380666.0
llama2-7b_code300,1108,197461669000.0,270384989442.0
llama2-7b_code300,1109,197461669000.0,270628136586.0
llama2-7b_code300,1110,197461669000.0,270875437074.0
llama2-7b_code300,1111,197560814000.0,271104557469.0
llama2-7b_code300,1112,197560814000.0,271328953640.0
llama2-7b_code300,1113,197560814000.0,271557783731.0
llama2-7b_code300,1114,197560814000.0,271790855230.0
llama2-7b_code300,1115,197560814000.0,272028149705.0
llama2-7b_code300,1116,197560814000.0,272269896532.0
llama2-7b_code300,1117,197561623000.0,272494929698.0
llama2-7b_code300,1118,197561623000.0,272722744496.0
llama2-7b_code300,1119,197561623000.0,272954677307.0
llama2-7b_code300,1120,197561623000.0,273190755270.0
llama2-7b_code300,1121,197660334000.0,273419723604.0
llama2-7b_code300,1122,197662952000.0,273645210920.0
llama2-7b_code300,1123,197666766000.0,273870820476.0
llama2-7b_code300,1124,197666766000.0,274100647504.0
llama2-7b_code300,1125,197666766000.0,274334980132.0
llama2-7b_code300,1126,197666766000.0,274571067381.0
llama2-7b_code300,1127,197666766000.0,274811379654.0
llama2-7b_code300,1128,197666766000.0,275055531348.0
llama2-7b_code300,1129,197757794000.0,275292537122.0
llama2-7b_code300,1130,197757794000.0,275519661744.0
llama2-7b_code300,1131,197757794000.0,275750923326.0
llama2-7b_code300,1132,197762444000.0,275977537615.0
llama2-7b_code300,1133,197956059000.0,276203991075.0
llama2-7b_code300,1134,197956059000.0,276433010676.0
llama2-7b_code300,1135,197956059000.0,276666447813.0
llama2-7b_code300,1136,197956059000.0,276900513107.0
llama2-7b_code300,1137,197958569000.0,277127697188.0
llama2-7b_code300,1138,197958569000.0,277354896117.0
llama2-7b_code300,1139,197958569000.0,277586223814.0
llama2-7b_code300,1140,197958569000.0,277822065303.0
llama2-7b_code300,1141,197962759000.0,278050885736.0
llama2-7b_code300,1142,197962759000.0,278278674489.0
llama2-7b_code300,1143,198256738000.0,278508429389.0
llama2-7b_code300,1144,198256738000.0,278735165985.0
llama2-7b_code300,1145,198256738000.0,278964429298.0
llama2-7b_code300,1146,198256738000.0,279198206403.0
llama2-7b_code300,1147,198256738000.0,279436208532.0
llama2-7b_code300,1148,198256738000.0,279678435106.0
llama2-7b_code300,1149,198362513000.0,279904118521.0
llama2-7b_code300,1150,198362513000.0,280131863248.0
llama2-7b_code300,1151,198362513000.0,280363720359.0
llama2-7b_code300,1152,198362513000.0,280597264507.0
llama2-7b_code300,1153,198362513000.0,280833155148.0
llama2-7b_code300,1154,198362513000.0,281073174557.0
llama2-7b_code300,1155,198362513000.0,281317707758.0
llama2-7b_code300,1156,198459715000.0,281551330370.0
llama2-7b_code300,1157,198559614000.0,281775563102.0
llama2-7b_code300,1158,198560831000.0,282000685501.0
llama2-7b_code300,1159,198560831000.0,282230365148.0
llama2-7b_code300,1160,198563089000.0,282458020923.0
llama2-7b_code300,1161,198563089000.0,282688290394.0
llama2-7b_code300,1162,198563089000.0,282922936441.0
llama2-7b_code300,1163,198563089000.0,283161563285.0
llama2-7b_code300,1164,198566785000.0,283394316532.0
llama2-7b_code300,1165,198566785000.0,283624913168.0
llama2-7b_code300,1166,198566785000.0,283851686628.0
llama2-7b_code300,1167,198566785000.0,284082965688.0
llama2-7b_code300,1168,198566785000.0,284318365324.0
llama2-7b_code300,1169,198761335000.0,284554668195.0
llama2-7b_code300,1170,198761335000.0,284778060407.0
llama2-7b_code300,1171,198761335000.0,285005357640.0
llama2-7b_code300,1172,198761335000.0,285235388374.0
llama2-7b_code300,1173,198761335000.0,285469229921.0
llama2-7b_code300,1174,198761335000.0,285707521772.0
llama2-7b_code300,1175,198761335000.0,285950354039.0
llama2-7b_code300,1176,198763149000.0,286176783362.0
llama2-7b_code300,1177,198763149000.0,286400202637.0
llama2-7b_code300,1178,198763149000.0,286628055832.0
llama2-7b_code300,1179,198763149000.0,286860150435.0
llama2-7b_code300,1180,198860735000.0,287088476788.0
llama2-7b_code300,1181,198954274000.0,287311028872.0
llama2-7b_code300,1182,198954274000.0,287536902745.0
llama2-7b_code300,1183,198954274000.0,287767194154.0
llama2-7b_code300,1184,198954274000.0,288001710587.0
llama2-7b_code300,1185,198954274000.0,288240355788.0
llama2-7b_code300,1186,198954274000.0,288483327834.0
llama2-7b_code300,1187,198959631000.0,288725601064.0
llama2-7b_code300,1188,198959631000.0,288950116534.0
llama2-7b_code300,1189,198960649000.0,289178916039.0
llama2-7b_code300,1190,198960649000.0,289403409560.0
llama2-7b_code300,1191,198960649000.0,289629452838.0
llama2-7b_code300,1192,198960649000.0,289858235825.0
llama2-7b_code300,1193,198960649000.0,290091163964.0
llama2-7b_code300,1194,198960649000.0,290328237255.0
llama2-7b_code300,1195,198960649000.0,290569840722.0
llama2-7b_code300,1196,198960649000.0,290815974365.0
llama2-7b_code300,1197,198960649000.0,291063528805.0
llama2-7b_code300,1198,198963892000.0,291282816624.0
llama2-7b_code300,1199,198965917000.0,291502660094.0
llama2-7b_code300,1200,198965917000.0,291726100364.0
llama2-7b_code300,1201,198965917000.0,291953464087.0
llama2-7b_code300,1202,198965917000.0,292185357986.0
llama2-7b_code300,1203,198977276000.0,292407843376.0
llama2-7b_code300,1204,198977276000.0,292633692094.0
llama2-7b_code300,1205,199057958000.0,292860355983.0
llama2-7b_code300,1206,199057958000.0,293083691805.0
llama2-7b_code300,1207,199057958000.0,293311164587.0
llama2-7b_code300,1208,199073379000.0,293534694655.0
llama2-7b_code300,1209,199073379000.0,293757397645.0
llama2-7b_code300,1210,199173472000.0,293979779169.0
llama2-7b_code300,1211,199256526000.0,294198553211.0
llama2-7b_code300,1212,199256526000.0,294420230293.0
llama2-7b_code300,1213,199256526000.0,294645793900.0
llama2-7b_code300,1214,199256526000.0,294874859072.0
llama2-7b_code300,1215,199256526000.0,295108141076.0
llama2-7b_code300,1216,199256526000.0,295345832424.0
llama2-7b_code300,1217,199256607000.0,295585506495.0
llama2-7b_code300,1218,199259161000.0,295807148249.0
llama2-7b_code300,1219,199259161000.0,296032079024.0
llama2-7b_code300,1220,199259161000.0,296258996283.0
llama2-7b_code300,1221,199259245000.0,296481250313.0
llama2-7b_code300,1222,199259245000.0,296704096663.0
llama2-7b_code300,1223,199259245000.0,296931079973.0
llama2-7b_code300,1224,199259245000.0,297162585267.0
llama2-7b_code300,1225,199259245000.0,297398518337.0
llama2-7b_code300,1226,199259245000.0,297637842895.0
llama2-7b_code300,1227,199259245000.0,297881689437.0
llama2-7b_code300,1228,199373513000.0,298105528555.0
llama2-7b_code300,1229,199373513000.0,298331942006.0
llama2-7b_code300,1230,199373513000.0,298560304123.0
llama2-7b_code300,1231,199373513000.0,298792827776.0
llama2-7b_code300,1232,199373602000.0,299012600069.0
llama2-7b_code300,1233,199373602000.0,299234588810.0
llama2-7b_code300,1234,199373602000.0,299461027855.0
llama2-7b_code300,1235,199373602000.0,299688965457.0
llama2-7b_code300,1236,199373602000.0,299921111699.0
llama2-7b_code300,1237,199373602000.0,300157773781.0
llama2-7b_code300,1238,199373602000.0,300398990615.0
llama2-7b_code300,1239,199373602000.0,300644377177.0
llama2-7b_code300,1240,199373666000.0,300871524318.0
llama2-7b_code300,1241,199373666000.0,301093908323.0
llama2-7b_code300,1242,199374811000.0,301315114731.0
llama2-7b_code300,1243,199374811000.0,301538504819.0
llama2-7b_code300,1244,199477409000.0,301764307454.0
llama2-7b_code300,1245,199477409000.0,301986633097.0
llama2-7b_code300,1246,199477409000.0,302209937169.0
llama2-7b_code300,1247,199477409000.0,302435999382.0
llama2-7b_code300,1248,199477409000.0,302665272280.0
llama2-7b_code300,1249,199477409000.0,302899065114.0
llama2-7b_code300,1250,199477409000.0,303137412700.0
llama2-7b_code300,1251,199477409000.0,303379930014.0
llama2-7b_code300,1252,199480762000.0,303621705504.0
llama2-7b_code300,1253,199480762000.0,303840212066.0
llama2-7b_code300,1254,199480762000.0,304062888356.0
llama2-7b_code300,1255,199480762000.0,304290119398.0
llama2-7b_code300,1256,199480762000.0,304521749544.0
llama2-7b_code300,1257,199480762000.0,304757899626.0
llama2-7b_code300,1258,199480762000.0,304998604460.0
llama2-7b_code300,1259,199480762000.0,305243479022.0
llama2-7b_code300,1260,199675747000.0,305488251187.0
llama2-7b_code300,1261,199675747000.0,305710127288.0
llama2-7b_code300,1262,199675747000.0,305936164925.0
llama2-7b_code300,1263,199759395000.0,306157991877.0
llama2-7b_code300,1264,199759395000.0,306383993165.0
llama2-7b_code300,1265,199774371000.0,306614157144.0
llama2-7b_code300,1266,199774371000.0,306838252259.0
llama2-7b_code300,1267,199861707000.0,307060790964.0
llama2-7b_code300,1268,199861707000.0,307286761093.0
llama2-7b_code300,1269,199861707000.0,307516859990.0
llama2-7b_code300,1270,199861707000.0,307751472679.0
llama2-7b_code300,1271,199861707000.0,307990214136.0
llama2-7b_code300,1272,199861707000.0,308233373129.0
llama2-7b_code300,1273,199863993000.0,308464366490.0
llama2-7b_code300,1274,199863993000.0,308693140331.0
llama2-7b_code300,1275,199863993000.0,308926042940.0
llama2-7b_code300,1276,199863993000.0,309163459341.0
llama2-7b_code300,1277,199875450000.0,309396234462.0
llama2-7b_code300,1278,199954479000.0,309620147887.0
llama2-7b_code300,1279,199961529000.0,309841981129.0
llama2-7b_code300,1280,199961529000.0,310068423907.0
llama2-7b_code300,1281,199961529000.0,310297944829.0
llama2-7b_code300,1282,199961529000.0,310531954967.0
llama2-7b_code300,1283,199961529000.0,310770165553.0
llama2-7b_code300,1284,199961529000.0,311011005192.0
llama2-7b_code300,1285,199961529000.0,311256157404.0
llama2-7b_code300,1286,199975999000.0,311489690800.0
llama2-7b_code300,1287,199975999000.0,311716474500.0
llama2-7b_code300,1288,199975999000.0,311947378776.0
llama2-7b_code300,1289,200081871000.0,312168952559.0
llama2-7b_code300,1290,200081871000.0,312393546432.0
llama2-7b_code300,1291,200081871000.0,312622463633.0
llama2-7b_code300,1292,200081871000.0,312855894626.0
llama2-7b_code300,1293,200081871000.0,313093550643.0
llama2-7b_code300,1294,200081871000.0,313335624196.0
llama2-7b_code300,1295,200081871000.0,313581834130.0
llama2-7b_code300,1296,200081871000.0,313831796000.0
llama2-7b_code300,1297,200082323000.0,314075044014.0
llama2-7b_code300,1298,200082323000.0,314298772022.0
llama2-7b_code300,1299,200375010000.0,314520316932.0
llama2-7b_code300,1300,200375010000.0,314744045970.0
llama2-7b_code300,1301,200375010000.0,314971911968.0
llama2-7b_code300,1302,200375010000.0,315204299950.0
llama2-7b_code300,1303,200375010000.0,315437744185.0
llama2-7b_code300,1304,200375010000.0,315675638724.0
llama2-7b_code300,1305,200375010000.0,315915150153.0
llama2-7b_code300,1306,200375010000.0,316158058635.0
llama2-7b_code300,1307,200573257000.0,316400182800.0
llama2-7b_code300,1308,200573257000.0,316620094869.0
llama2-7b_code300,1309,200573318000.0,316843938589.0
llama2-7b_code300,1310,200573318000.0,317064860837.0
llama2-7b_code300,1311,200573318000.0,317289936429.0
llama2-7b_code300,1312,200775816000.0,317510941691.0
llama2-7b_code300,1313,200775816000.0,317736200585.0
llama2-7b_code300,1314,200975697000.0,317962348378.0
llama2-7b_code300,1315,200979972000.0,318185872558.0
llama2-7b_code300,1316,200979972000.0,318408822402.0
llama2-7b_code300,1317,200979972000.0,318635892822.0
llama2-7b_code300,1318,200979972000.0,318865477092.0
llama2-7b_code300,1319,200979972000.0,319099198322.0
llama2-7b_code300,1320,200979972000.0,319335880445.0
llama2-7b_code300,1321,200979972000.0,319575934594.0
llama2-7b_code300,1322,200979972000.0,319820537351.0
llama2-7b_code300,1323,200979972000.0,320066181961.0
llama2-7b_code300,1324,201173190000.0,320285558798.0
llama2-7b_code300,1325,201173190000.0,320508198803.0
llama2-7b_code300,1326,201685310000.0,320731082523.0
llama2-7b_code300,1327,201685310000.0,320952846499.0
llama2-7b_code300,1328,201685310000.0,321178765867.0
llama2-7b_code300,1329,201875168000.0,321399576505.0
llama2-7b_code300,1330,201875168000.0,321624642887.0
llama2-7b_code300,1331,201875168000.0,321854231253.0
llama2-7b_code300,1332,201875168000.0,322086772320.0
llama2-7b_code300,1333,201875180000.0,322309648427.0
llama2-7b_code300,1334,201875180000.0,322531101622.0
llama2-7b_code300,1335,201875180000.0,322756699969.0
llama2-7b_code300,1336,201875180000.0,322986828492.0
llama2-7b_code300,1337,201875180000.0,323221179991.0
llama2-7b_code300,1338,201875180000.0,323459008479.0
llama2-7b_code300,1339,201875180000.0,323700336999.0
llama2-7b_code300,1340,201875180000.0,323945433839.0
llama2-7b_code300,1341,202006303000.0,324175822010.0
llama2-7b_code300,1342,202006303000.0,324399437893.0
llama2-7b_code300,1343,202111355000.0,324620606419.0
llama2-7b_code300,1344,202111355000.0,324846066017.0
llama2-7b_code300,1345,202134513000.0,325069957868.0
llama2-7b_code300,1346,202134513000.0,325291723892.0
llama2-7b_code300,1347,202273258000.0,325517473151.0
llama2-7b_code300,1348,202273258000.0,325739213066.0
llama2-7b_code300,1349,202273258000.0,325965098133.0
llama2-7b_code300,1350,202273258000.0,326195513376.0
llama2-7b_code300,1351,202273258000.0,326429037483.0
llama2-7b_code300,1352,202273258000.0,326666788662.0
llama2-7b_code300,1353,202273258000.0,326908014782.0
llama2-7b_code300,1354,202273258000.0,327153779270.0
llama2-7b_code300,1355,202273258000.0,327402938827.0
llama2-7b_code300,1356,202277007000.0,327625498899.0
llama2-7b_code300,1357,202277007000.0,327851702939.0
llama2-7b_code300,1358,202277007000.0,328082445347.0
llama2-7b_code300,1359,202277007000.0,328317341099.0
llama2-7b_code300,1360,202277007000.0,328556390195.0
llama2-7b_code300,1361,202277007000.0,328799977659.0
llama2-7b_code300,1362,202277007000.0,329048103491.0
llama2-7b_code300,1363,202277007000.0,329299818952.0
llama2-7b_code300,1364,202773187000.0,329524282829.0
llama2-7b_code300,1365,202773187000.0,329752036690.0
llama2-7b_code300,1366,203206651000.0,329978010842.0
llama2-7b_code300,1367,203206651000.0,330205732450.0
llama2-7b_code300,1368,203235490000.0,330431066157.0
llama2-7b_code300,1369,203235490000.0,330657464757.0
llama2-7b_code300,1370,203235490000.0,330888401725.0
llama2-7b_code300,1371,203235490000.0,331123492037.0
llama2-7b_code300,1372,203235490000.0,331362817613.0
llama2-7b_code300,1373,203235490000.0,331606599637.0
llama2-7b_code300,1374,203235490000.0,331854920029.0
llama2-7b_code300,1375,203235490000.0,332107393765.0
llama2-7b_code300,1376,203573307000.0,332334359664.0
llama2-7b_code300,1377,203573307000.0,332560758264.0
llama2-7b_code300,1378,203677115000.0,332786358147.0
llama2-7b_code300,1379,203677115000.0,333011690254.0
llama2-7b_code300,1380,203677115000.0,333241167513.0
llama2-7b_code300,1381,203677115000.0,333475174948.0
llama2-7b_code300,1382,203677115000.0,333710179244.0
llama2-7b_code300,1383,203677115000.0,333949721908.0
llama2-7b_code300,1384,203677115000.0,334192833721.0
llama2-7b_code300,1385,203677115000.0,334440107070.0
llama2-7b_code300,1386,203918889000.0,334677629894.0
llama2-7b_code300,1387,203918889000.0,334897768712.0
llama2-7b_code300,1388,204360868000.0,335116787341.0
llama2-7b_code300,1389,204573952000.0,335338763093.0
llama2-7b_code300,1390,204573952000.0,335559486685.0
llama2-7b_code300,1391,204774484000.0,335779649192.0
llama2-7b_code300,1392,204774484000.0,336003064371.0
llama2-7b_code300,1393,204774484000.0,336230624702.0
llama2-7b_code300,1394,204774484000.0,336462715209.0
llama2-7b_code300,1395,204774484000.0,336699028692.0
llama2-7b_code300,1396,204774484000.0,336939794527.0
llama2-7b_code300,1397,204774484000.0,337184322023.0
llama2-7b_code300,1398,204774484000.0,337433002863.0
llama2-7b_code300,1399,204799519000.0,337663993082.0
llama2-7b_code300,1400,204799519000.0,337888960130.0
llama2-7b_code300,1401,204807401000.0,338111653005.0
llama2-7b_code300,1402,204807401000.0,338338465816.0
llama2-7b_code300,1403,204807401000.0,338569808803.0
llama2-7b_code300,1404,205002927000.0,338798391153.0
llama2-7b_code300,1405,205002927000.0,339024534783.0
llama2-7b_code300,1406,205002927000.0,339254815373.0
llama2-7b_code300,1407,205002927000.0,339489617947.0
llama2-7b_code300,1408,205002927000.0,339728557481.0
llama2-7b_code300,1409,205002927000.0,339971143988.0
llama2-7b_code300,1410,205002927000.0,340218356927.0
llama2-7b_code300,1411,205002927000.0,340469715018.0
llama2-7b_code300,1412,205175449000.0,340708260309.0
llama2-7b_code300,1413,205175449000.0,340933592416.0
llama2-7b_code300,1414,205175449000.0,341162266344.0
llama2-7b_code300,1415,205175449000.0,341395478640.0
llama2-7b_code300,1416,205175449000.0,341632918008.0
llama2-7b_code300,1417,205175449000.0,341874725760.0
llama2-7b_code300,1418,205175449000.0,342121168136.0
llama2-7b_code300,1419,205175449000.0,342370024589.0
llama2-7b_code300,1420,205176524000.0,342610129941.0
llama2-7b_code300,1421,205176524000.0,342836419997.0
llama2-7b_code300,1422,205176524000.0,343066863397.0
llama2-7b_code300,1423,205473179000.0,343288994861.0
llama2-7b_code300,1424,205475185000.0,343511436728.0
llama2-7b_code300,1425,205475185000.0,343734046528.0
llama2-7b_code300,1426,205475185000.0,343960809672.0
llama2-7b_code300,1427,205479641000.0,344183255635.0
llama2-7b_code300,1428,205479641000.0,344407070174.0
llama2-7b_code300,1429,205479641000.0,344634029926.0
llama2-7b_code300,1430,205479641000.0,344865528046.0
llama2-7b_code300,1431,205479641000.0,345101257334.0
llama2-7b_code300,1432,205479641000.0,345341447166.0
llama2-7b_code300,1433,205479641000.0,345581496640.0
llama2-7b_code300,1434,205479641000.0,345826100866.0
llama2-7b_code300,1435,205575067000.0,346052494343.0
llama2-7b_code300,1436,205575067000.0,346274290572.0
llama2-7b_code300,1437,205677197000.0,346493886932.0
llama2-7b_code300,1438,205677197000.0,346717530972.0
llama2-7b_code300,1439,213745220000.0,346939329767.0
llama2-7b_code300,1440,213745220000.0,347162328687.0
llama2-7b_code300,1441,213841126000.0,347381986807.0
llama2-7b_code300,1442,213943694000.0,347598978946.0
llama2-7b_code300,1443,213943694000.0,347820229389.0
llama2-7b_code300,1444,213943694000.0,348045624984.0
llama2-7b_code300,1445,213943694000.0,348275550755.0
llama2-7b_code300,1446,213943694000.0,348509699502.0
llama2-7b_code300,1447,213943694000.0,348748300601.0
llama2-7b_code300,1448,213943694000.0,348991431876.0
llama2-7b_code300,1449,213943694000.0,349238710351.0
llama2-7b_code300,1450,214035739000.0,349470224858.0
llama2-7b_code300,1451,214040724000.0,349690108773.0
llama2-7b_code300,1452,214040724000.0,349913134832.0
llama2-7b_code300,1453,214041441000.0,350134186107.0
llama2-7b_code300,1454,214041441000.0,350356763654.0
llama2-7b_code300,1455,214041441000.0,350583486353.0
llama2-7b_code300,1456,214041441000.0,350814739228.0
llama2-7b_code300,1457,214041441000.0,351050137255.0
llama2-7b_code300,1458,214041441000.0,351289969202.0
llama2-7b_code300,1459,214041441000.0,351534427581.0
llama2-7b_code300,1460,214143290000.0,351773280587.0
llama2-7b_code300,1461,214143290000.0,351998834393.0
llama2-7b_code300,1462,214144006000.0,352224421034.0
llama2-7b_code300,1463,214144006000.0,352445174831.0
llama2-7b_code300,1464,214144006000.0,352670090164.0
llama2-7b_code300,1465,214144006000.0,352899746617.0
llama2-7b_code300,1466,214144006000.0,353133564606.0
llama2-7b_code300,1467,214144006000.0,353371832899.0
llama2-7b_code300,1468,214144006000.0,353614744008.0
llama2-7b_code300,1469,214236223000.0,353841953104.0
llama2-7b_code300,1470,214236223000.0,354066717400.0
llama2-7b_code300,1471,214236223000.0,354295923808.0
llama2-7b_code300,1472,214236223000.0,354529379816.0
llama2-7b_code300,1473,214236223000.0,354767066992.0
llama2-7b_code300,1474,214736946000.0,354988282872.0
llama2-7b_code300,1475,214739532000.0,355209374147.0
llama2-7b_code300,1476,214739532000.0,355434612046.0
llama2-7b_code300,1477,214739532000.0,355664380121.0
llama2-7b_code300,1478,214739532000.0,355897500257.0
llama2-7b_code300,1479,214741704000.0,356122616879.0
llama2-7b_code300,1480,214741704000.0,356346984893.0
llama2-7b_code300,1481,214741704000.0,356573504840.0
llama2-7b_code300,1482,214741704000.0,356804554963.0
llama2-7b_code300,1483,214741704000.0,357039823966.0
llama2-7b_code300,1484,214741704000.0,357279549417.0
llama2-7b_code300,1485,214741704000.0,357523805044.0
llama2-7b_code300,1486,214942377000.0,357755557119.0
llama2-7b_code300,1487,215040119000.0,357978040525.0
llama2-7b_code300,1488,215040119000.0,358204229211.0
llama2-7b_code300,1489,215040119000.0,358432770534.0
llama2-7b_code300,1490,215040119000.0,358665842033.0
llama2-7b_code300,1491,215041212000.0,358895257855.0
llama2-7b_code300,1492,215041212000.0,359120190602.0
llama2-7b_code300,1493,215041212000.0,359349268501.0
llama2-7b_code300,1494,215041212000.0,359582876576.0
llama2-7b_code300,1495,215041212000.0,359820703531.0
llama2-7b_code300,1496,215044881000.0,360050450614.0
llama2-7b_code300,1497,215044881000.0,360277992513.0
llama2-7b_code300,1498,215044881000.0,360509679564.0
llama2-7b_code300,1499,215044881000.0,360745896791.0
llama2-7b_code300,1500,215044881000.0,360986336994.0
llama2-7b_code300,1501,215139837000.0,361213468781.0
llama2-7b_code300,1502,215139837000.0,361440224248.0
llama2-7b_code300,1503,215141022000.0,361670197126.0
llama2-7b_code300,1504,215141022000.0,361896086804.0
llama2-7b_code300,1505,215141022000.0,362126113442.0
llama2-7b_code300,1506,215141022000.0,362360662064.0
llama2-7b_code300,1507,215141022000.0,362599443902.0
llama2-7b_code300,1508,215141022000.0,362842651468.0
llama2-7b_code300,1509,215141022000.0,363090381018.0
llama2-7b_code300,1510,215141022000.0,363340301413.0
llama2-7b_code300,1511,215240982000.0,363589974067.0
llama2-7b_code300,1512,215240982000.0,363817043393.0
llama2-7b_code300,1513,215240982000.0,364048249679.0
llama2-7b_code300,1514,215240982000.0,364281999066.0
llama2-7b_code300,1515,215240982000.0,364519963237.0
llama2-7b_code300,1516,215240982000.0,364762377712.0
llama2-7b_code300,1517,215240982000.0,365009332603.0
llama2-7b_code300,1518,215240982000.0,365260432646.0
llama2-7b_code300,1519,215242028000.0,365513910740.0
llama2-7b_code300,1520,215243917000.0,365737926178.0
llama2-7b_code300,1521,215243917000.0,365963422640.0
llama2-7b_code300,1522,215243917000.0,366193056062.0
llama2-7b_code300,1523,215243917000.0,366427211468.0
llama2-7b_code300,1524,215243917000.0,366665600090.0
llama2-7b_code300,1525,215243917000.0,366908125672.0
llama2-7b_code300,1526,215244977000.0,367135188601.0
llama2-7b_code300,1527,215244977000.0,367365971530.0
llama2-7b_code300,1528,215244977000.0,367601268251.0
llama2-7b_code300,1529,215244977000.0,367840693740.0
llama2-7b_code300,1530,215338972000.0,368070411197.0
llama2-7b_code300,1531,215338972000.0,368299399499.0
llama2-7b_code300,1532,215340513000.0,368528959260.0
llama2-7b_code300,1533,215340513000.0,368756051693.0
llama2-7b_code300,1534,215340513000.0,368987272894.0
llama2-7b_code300,1535,215340513000.0,369223007887.0
llama2-7b_code300,1536,215340513000.0,369462967904.0
llama2-7b_code300,1537,215438342000.0,369705442868.0
llama2-7b_code300,1538,215438342000.0,369934725128.0
llama2-7b_code300,1539,215438342000.0,370168127964.0
llama2-7b_code300,1540,215438342000.0,370406036400.0
llama2-7b_code300,1541,215440798000.0,370641216903.0
llama2-7b_code300,1542,215440798000.0,370870939483.0
llama2-7b_code300,1543,215537674000.0,371099490610.0
llama2-7b_code300,1544,215537674000.0,371331052809.0
llama2-7b_code300,1545,215543269000.0,371560792355.0
llama2-7b_code300,1546,215543269000.0,371793384698.0
llama2-7b_code300,1547,215543269000.0,372028155598.0
llama2-7b_code300,1548,215543269000.0,372267143330.0
llama2-7b_code300,1549,215543269000.0,372510349942.0
llama2-7b_code300,1550,215543269000.0,372757965898.0
llama2-7b_code300,1551,215543269000.0,373010087454.0
llama2-7b_code300,1552,215543269000.0,373266329586.0
llama2-7b_code300,1553,215543467000.0,373503014854.0
llama2-7b_code300,1554,215543467000.0,373734143895.0
llama2-7b_code300,1555,215743131000.0,373965002670.0
llama2-7b_code300,1556,216641509000.0,374193175565.0
llama2-7b_code300,1557,216838239000.0,374370439166.0
llama2-7b_code300,1558,216838239000.0,374415083982.0
llama2-7b_code300,1559,216838239000.0,374459730846.0
llama2-7b_code300,1560,216838239000.0,374503157870.0
llama2-7b_code300,1561,216838239000.0,374542373694.0
llama2-7b_code300,1562,216838239000.0,374581589518.0
llama2-7b_code300,1563,216838239000.0,374620805342.0
llama2-7b_code300,1564,216838239000.0,374659393198.0
llama2-7b_code300,1565,216838239000.0,374697351038.0
llama2-7b_code300,1566,216838239000.0,374734676814.0
llama2-7b_code300,1567,216838239000.0,374772002590.0
llama2-7b_code300,1568,216838239000.0,374809328366.0
llama2-7b_code300,1569,216838239000.0,374846654142.0
llama2-7b_code300,1570,216838239000.0,374883979918.0
llama2-7b_code300,1571,216838239000.0,374921305694.0
llama2-7b_code300,1572,216838239000.0,374958631470.0
llama2-7b_code300,1573,216838239000.0,374993515518.0
llama2-7b_code300,1574,216838239000.0,375028399566.0
llama2-7b_code300,1575,216838239000.0,375063283614.0
llama2-7b_code300,1576,216838239000.0,375098167662.0
llama2-7b_code300,1577,216838239000.0,375133051710.0
llama2-7b_code300,1578,216838239000.0,375167935758.0
llama2-7b_code300,1579,216838239000.0,375202819806.0
llama2-7b_code300,1580,216838239000.0,375237703854.0
llama2-7b_code300,1581,216838239000.0,375272587902.0
llama2-7b_code300,1582,216838239000.0,375307471950.0
llama2-7b_code300,1583,216838239000.0,375342355998.0
llama2-7b_code300,1584,216838239000.0,375377240046.0
llama2-7b_code300,1585,216838239000.0,375412124094.0
llama2-7b_code300,1586,216838239000.0,375447008142.0
llama2-7b_code300,1587,216838239000.0,375478704222.0
llama2-7b_code300,1588,216838239000.0,375510400302.0
llama2-7b_code300,1589,216838239000.0,375542096382.0
llama2-7b_code300,1590,216838239000.0,375573792462.0
llama2-7b_code300,1591,216838239000.0,375605488542.0
llama2-7b_code300,1592,216838239000.0,375637184622.0
llama2-7b_code300,1593,216838239000.0,375668882750.0
llama2-7b_code300,1594,216838239000.0,375699162382.0
llama2-7b_code300,1595,216838239000.0,375729442014.0
llama2-7b_code300,1596,216838239000.0,375759721646.0
llama2-7b_code300,1597,216838239000.0,375790001278.0
llama2-7b_code300,1598,216838239000.0,375820280910.0
llama2-7b_code300,1599,216838239000.0,375850560542.0
llama2-7b_code300,1600,216838239000.0,375880840174.0
llama2-7b_code300,1601,216838239000.0,375911119806.0
llama2-7b_code300,1602,216838239000.0,375941399438.0
llama2-7b_code300,1603,216838239000.0,375971679070.0
llama2-7b_code300,1604,216838239000.0,376001958702.0
llama2-7b_code300,1605,216838239000.0,376032238334.0
llama2-7b_code300,1606,216838239000.0,376062517966.0
llama2-7b_code300,1607,216838239000.0,376092797598.0
llama2-7b_code300,1608,216838239000.0,376123077230.0
llama2-7b_code300,1609,216838239000.0,376153356862.0
llama2-7b_code300,1610,216838239000.0,376183636494.0
llama2-7b_code300,1611,216838239000.0,376213916126.0
llama2-7b_code300,1612,216838239000.0,376244195758.0
llama2-7b_code300,1613,216838239000.0,376274475390.0
llama2-7b_code300,1614,216838239000.0,376304755022.0
llama2-7b_code300,1615,216838239000.0,376335034654.0
llama2-7b_code300,1616,216838239000.0,376365314286.0
llama2-7b_code300,1617,216838239000.0,376395593918.0
llama2-7b_code300,1618,216838239000.0,376425873550.0
llama2-7b_code300,1619,216838239000.0,376456153182.0
llama2-7b_code300,1620,216838239000.0,376486432814.0
llama2-7b_code300,1621,216838239000.0,376516712446.0
llama2-7b_code300,1622,216838239000.0,376546992078.0
llama2-7b_code300,1623,216838239000.0,376577271710.0
llama2-7b_code300,1624,216838239000.0,376607551342.0
llama2-7b_code300,1625,216838239000.0,376637830974.0
llama2-7b_code300,1626,216838239000.0,376668110606.0
llama2-7b_code300,1627,216838239000.0,376698390238.0
llama2-7b_code300,1628,216838239000.0,376728669870.0
llama2-7b_code300,1629,216838239000.0,376758949502.0
llama2-7b_code300,1630,216838239000.0,376789231182.0
llama2-7b_code300,1631,216838239000.0,376819512862.0
llama2-7b_code300,1632,216838239000.0,376849794542.0
llama2-7b_code300,1633,216838239000.0,376880076222.0
llama2-7b_code300,1634,216838239000.0,376910357902.0
llama2-7b_code300,1635,216838239000.0,376940639582.0
llama2-7b_code300,1636,216838239000.0,376968716334.0
llama2-7b_code300,1637,216838239000.0,376996987646.0
llama2-7b_code300,1638,216838239000.0,377025258958.0
llama2-7b_code300,1639,216838239000.0,377053530270.0
llama2-7b_code300,1640,216838239000.0,377081801582.0
llama2-7b_code300,1641,216838239000.0,377110072894.0
llama2-7b_code300,1642,216838239000.0,377138344206.0
llama2-7b_code300,1643,216838239000.0,377166615518.0
llama2-7b_code300,1644,216838239000.0,377194886830.0
llama2-7b_code300,1645,215340513000.0,377222331518.0
llama2-7b_code300,1646,215340513000.0,377249776206.0
llama2-7b_code300,1647,215340513000.0,377277220894.0
llama2-7b_code300,1648,215340513000.0,377304665582.0
llama2-7b_code300,1649,215340513000.0,377332110270.0
llama2-7b_code300,1650,215340513000.0,377359554958.0
llama2-7b_code300,1651,215340513000.0,377386999646.0
llama2-7b_code300,1652,215340513000.0,377414444334.0
llama2-7b_code300,1653,215340513000.0,377439684094.0
llama2-7b_code300,1654,215340513000.0,377464923854.0
llama2-7b_code300,1655,215340513000.0,377490163614.0
llama2-7b_code300,1656,215340513000.0,377515403374.0
llama2-7b_code300,1657,215340513000.0,377540643134.0
llama2-7b_code300,1658,215340513000.0,377565882894.0
llama2-7b_code300,1659,215340513000.0,377591122654.0
llama2-7b_code300,1660,215340513000.0,377616362414.0
llama2-7b_code300,1661,215340513000.0,377641602174.0
llama2-7b_code300,1662,215340513000.0,377666841934.0
llama2-7b_code300,1663,215340513000.0,377692081694.0
llama2-7b_code300,1664,215340513000.0,377717321454.0
llama2-7b_code300,1665,215340513000.0,377742561214.0
llama2-7b_code300,1666,215340513000.0,377767800974.0
llama2-7b_code300,1667,215340513000.0,377793040734.0
llama2-7b_code300,1668,215340513000.0,377818280494.0
llama2-7b_code300,1669,215340513000.0,377843520254.0
llama2-7b_code300,1670,215340513000.0,377868760014.0
llama2-7b_code300,1671,215340513000.0,377893999774.0
llama2-7b_code300,1672,215340513000.0,377919239534.0
llama2-7b_code300,1673,215340513000.0,377944479294.0
llama2-7b_code300,1674,215340513000.0,377969719054.0
llama2-7b_code300,1675,215340513000.0,377994958814.0
llama2-7b_code300,1676,215340513000.0,378020198574.0
llama2-7b_code300,1677,215340513000.0,378045438334.0
llama2-7b_code300,1678,215340513000.0,378070678094.0
llama2-7b_code300,1679,215340513000.0,378095917854.0
llama2-7b_code300,1680,215340513000.0,378121157614.0
llama2-7b_code300,1681,215340513000.0,378146397374.0
llama2-7b_code300,1682,215340513000.0,378171637134.0
llama2-7b_code300,1683,215340513000.0,378196876894.0
llama2-7b_code300,1684,215340513000.0,378222116654.0
llama2-7b_code300,1685,215340513000.0,378247356414.0
llama2-7b_code300,1686,215340513000.0,378272596174.0
llama2-7b_code300,1687,215340513000.0,378297835934.0
llama2-7b_code300,1688,215340513000.0,378323075694.0
llama2-7b_code300,1689,215340513000.0,378348315454.0
llama2-7b_code300,1690,215340513000.0,378373555214.0
llama2-7b_code300,1691,215340513000.0,378398794974.0
llama2-7b_code300,1692,215340513000.0,378420453550.0
llama2-7b_code300,1693,215340513000.0,378442112126.0
llama2-7b_code300,1694,215340513000.0,378463770702.0
llama2-7b_code300,1695,215340513000.0,378485429278.0
llama2-7b_code300,1696,215340513000.0,378507087854.0
llama2-7b_code300,1697,215340513000.0,378528746430.0
llama2-7b_code300,1698,215340513000.0,378550405006.0
llama2-7b_code300,1699,215340513000.0,378572063582.0
llama2-7b_code300,1700,215340513000.0,378593722158.0
llama2-7b_code300,1701,215340513000.0,378615380734.0
llama2-7b_code300,1702,215340513000.0,378637039310.0
llama2-7b_code300,1703,215340513000.0,378658697886.0
llama2-7b_code300,1704,215340513000.0,378680356462.0
llama2-7b_code300,1705,215340513000.0,378702015038.0
llama2-7b_code300,1706,215340513000.0,378723673614.0
llama2-7b_code300,1707,215340513000.0,378745332190.0
llama2-7b_code300,1708,215340513000.0,378766990766.0
llama2-7b_code300,1709,215340513000.0,378788649342.0
llama2-7b_code300,1710,215340513000.0,378810307918.0
llama2-7b_code300,1711,215340513000.0,378831966494.0
llama2-7b_code300,1712,215340513000.0,378853625070.0
llama2-7b_code300,1713,215340513000.0,378875283646.0
llama2-7b_code300,1714,215340513000.0,378896942222.0
llama2-7b_code300,1715,215340513000.0,378918600798.0
llama2-7b_code300,1716,215340513000.0,378940259374.0
llama2-7b_code300,1717,215340513000.0,378961917950.0
llama2-7b_code300,1718,215340513000.0,378983576526.0
llama2-7b_code300,1719,215340513000.0,379005235102.0
llama2-7b_code300,1720,215340513000.0,379026893678.0
llama2-7b_code300,1721,215340513000.0,379048552254.0
llama2-7b_code300,1722,215340513000.0,379070210830.0
